Age,Attrition,BusinessTravel,DailyRate,Department,DistanceFromHome,Education,EducationField,EmployeeCount,EmployeeNumber,EnvironmentSatisfaction,Gender,HourlyRate,JobInvolvement,JobLevel,JobRole,JobSatisfaction,MaritalStatus,MonthlyIncome,MonthlyRate,NumCompaniesWorked,Over18,OverTime,PercentSalaryHike,PerformanceRating,RelationshipSatisfaction,StandardHours,StockOptionLevel,TotalWorkingYears,TrainingTimesLastYear,WorkLifeBalance,YearsAtCompany,YearsInCurrentRole,YearsSinceLastPromotion,YearsWithCurrManager
41,Yes,Travel_Rarely,1102,Sales,1,2,Life Sciences,1,1,2,Female,94,3,2,Sales Executive,4,Single,5993,19479,8,Y,Yes,11,3,1,80,0,8,0,1,6,4,0,5
49,No,Travel_Frequently,279,Research & Development,8,1,Life Sciences,1,2,3,Male,61,2,2,Research Scientist,2,Married,5130,24907,1,Y,No,23,4,4,80,1,10,3,3,10,7,1,7
37,Yes,Travel_Rarely,1373,Research & Development,2,2,Other,1,4,4,Male,92,2,1,Laboratory Technician,3,Single,2090,2396,6,Y,Yes,15,3,2,80,0,7,3,3,0,0,0,0
33,No,Travel_Frequently,1392,Research & Development,3,4,Life Sciences,1,5,4,Female,56,3,1,Research Scientist,3,Married,2909,23159,1,Y,Yes,11,3,3,80,0,8,3,3,8,7,3,0
27,No,Travel_Rarely,591,Research & Development,2,1,Medical,1,7,1,Male,40,3,1,Laboratory Technician,2,Married,3468,16632,9,Y,No,12,3,4,80,1,6,3,3,2,2,2,2
32,No,Travel_Frequently,1005,Research & Development,2,2,Life Sciences,1,8,4,Male,79,3,1,Laboratory Technician,4,Single,3068,11864,0,Y,No,13,3,3,80,0,8,2,2,7,7,3,6
59,No,Travel_Rarely,1324,Research & Development,3,3,Medical,1,10,3,Female,81,4,1,Laboratory Technician,1,Married,2670,9964,4,Y,Yes,20,4,1,80,3,12,3,2,1,0,0,0
30,No,Travel_Rarely,1358,Research & Development,24,1,Life Sciences,1,11,4,Male,67,3,1,Laboratory Technician,3,Divorced,2693,13335,1,Y,No,22,4,2,80,1,1,2,3,1,0,0,0
38,No,Travel_Frequently,216,Research & Development,23,3,Life Sciences,1,12,4,Male,44,2,3,Manufacturing Director,3,Single,9526,8787,0,Y,No,21,4,2,80,0,10,2,3,9,7,1,8
36,No,Travel_Rarely,1299,Research & Development,27,3,Medical,1,13,3,Male,94,3,2,Healthcare Representative,3,Married,5237,16577,6,Y,No,13,3,2,80,2,17,3,2,7,7,7,7
35,No,Travel_Rarely,809,Research & Development,16,3,Medical,1,14,1,Male,84,4,1,Laboratory Technician,2,Married,2426,16479,0,Y,No,13,3,3,80,1,6,5,3,5,4,0,3
29,No,Travel_Rarely,153,Research & Development,15,2,Life Sciences,1,15,4,Female,49,2,2,Laboratory Technician,3,Single,4193,12682,0,Y,Yes,12,3,4,80,0,10,3,3,9,5,0,8
31,No,Travel_Rarely,670,Research & Development,26,1,Life Sciences,1,16,1,Male,31,3,1,Research Scientist,3,Divorced,2911,15170,1,Y,No,17,3,4,80,1,5,1,2,5,2,4,3
34,No,Travel_Rarely,1346,Research & Development,19,2,Medical,1,18,2,Male,93,3,1,Laboratory Technician,4,Divorced,2661,8758,0,Y,No,11,3,3,80,1,3,2,3,2,2,1,2
28,Yes,Travel_Rarely,103,Research & Development,24,3,Life Sciences,1,19,3,Male,50,2,1,Laboratory Technician,3,Single,2028,12947,5,Y,Yes,14,3,2,80,0,6,4,3,4,2,0,3
29,No,Travel_Rarely,1389,Research & Development,21,4,Life Sciences,1,20,2,Female,51,4,3,Manufacturing Director,1,Divorced,9980,10195,1,Y,No,11,3,3,80,1,10,1,3,10,9,8,8
32,No,Travel_Rarely,334,Research & Development,5,2,Life Sciences,1,21,1,Male,80,4,1,Research Scientist,2,Divorced,3298,15053,0,Y,Yes,12,3,4,80,2,7,5,2,6,2,0,5
22,No,Non-Travel,1123,Research & Development,16,2,Medical,1,22,4,Male,96,4,1,Laboratory Technician,4,Divorced,2935,7324,1,Y,Yes,13,3,2,80,2,1,2,2,1,0,0,0
53,No,Travel_Rarely,1219,Sales,2,4,Life Sciences,1,23,1,Female,78,2,4,Manager,4,Married,15427,22021,2,Y,No,16,3,3,80,0,31,3,3,25,8,3,7
38,No,Travel_Rarely,371,Research & Development,2,3,Life Sciences,1,24,4,Male,45,3,1,Research Scientist,4,Single,3944,4306,5,Y,Yes,11,3,3,80,0,6,3,3,3,2,1,2
24,No,Non-Travel,673,Research & Development,11,2,Other,1,26,1,Female,96,4,2,Manufacturing Director,3,Divorced,4011,8232,0,Y,No,18,3,4,80,1,5,5,2,4,2,1,3
36,Yes,Travel_Rarely,1218,Sales,9,4,Life Sciences,1,27,3,Male,82,2,1,Sales Representative,1,Single,3407,6986,7,Y,No,23,4,2,80,0,10,4,3,5,3,0,3
34,No,Travel_Rarely,419,Research & Development,7,4,Life Sciences,1,28,1,Female,53,3,3,Research Director,2,Single,11994,21293,0,Y,No,11,3,3,80,0,13,4,3,12,6,2,11
21,No,Travel_Rarely,391,Research & Development,15,2,Life Sciences,1,30,3,Male,96,3,1,Research Scientist,4,Single,1232,19281,1,Y,No,14,3,4,80,0,0,6,3,0,0,0,0
34,Yes,Travel_Rarely,699,Research & Development,6,1,Medical,1,31,2,Male,83,3,1,Research Scientist,1,Single,2960,17102,2,Y,No,11,3,3,80,0,8,2,3,4,2,1,3
53,No,Travel_Rarely,1282,Research & Development,5,3,Other,1,32,3,Female,58,3,5,Manager,3,Divorced,19094,10735,4,Y,No,11,3,4,80,1,26,3,2,14,13,4,8
32,Yes,Travel_Frequently,1125,Research & Development,16,1,Life Sciences,1,33,2,Female,72,1,1,Research Scientist,1,Single,3919,4681,1,Y,Yes,22,4,2,80,0,10,5,3,10,2,6,7
42,No,Travel_Rarely,691,Sales,8,4,Marketing,1,35,3,Male,48,3,2,Sales Executive,2,Married,6825,21173,0,Y,No,11,3,4,80,1,10,2,3,9,7,4,2
44,No,Travel_Rarely,477,Research & Development,7,4,Medical,1,36,1,Female,42,2,3,Healthcare Representative,4,Married,10248,2094,3,Y,No,14,3,4,80,1,24,4,3,22,6,5,17
46,No,Travel_Rarely,705,Sales,2,4,Marketing,1,38,2,Female,83,3,5,Manager,1,Single,18947,22822,3,Y,No,12,3,4,80,0,22,2,2,2,2,2,1
33,No,Travel_Rarely,924,Research & Development,2,3,Medical,1,39,3,Male,78,3,1,Laboratory Technician,4,Single,2496,6670,4,Y,No,11,3,4,80,0,7,3,3,1,1,0,0
44,No,Travel_Rarely,1459,Research & Development,10,4,Other,1,40,4,Male,41,3,2,Healthcare Representative,4,Married,6465,19121,2,Y,Yes,13,3,4,80,0,9,5,4,4,2,1,3
30,No,Travel_Rarely,125,Research & Development,9,2,Medical,1,41,4,Male,83,2,1,Laboratory Technician,3,Single,2206,16117,1,Y,No,13,3,1,80,0,10,5,3,10,0,1,8
39,Yes,Travel_Rarely,895,Sales,5,3,Technical Degree,1,42,4,Male,56,3,2,Sales Representative,4,Married,2086,3335,3,Y,No,14,3,3,80,1,19,6,4,1,0,0,0
24,Yes,Travel_Rarely,813,Research & Development,1,3,Medical,1,45,2,Male,61,3,1,Research Scientist,4,Married,2293,3020,2,Y,Yes,16,3,1,80,1,6,2,2,2,0,2,0
43,No,Travel_Rarely,1273,Research & Development,2,2,Medical,1,46,4,Female,72,4,1,Research Scientist,3,Divorced,2645,21923,1,Y,No,12,3,4,80,2,6,3,2,5,3,1,4
50,Yes,Travel_Rarely,869,Sales,3,2,Marketing,1,47,1,Male,86,2,1,Sales Representative,3,Married,2683,3810,1,Y,Yes,14,3,3,80,0,3,2,3,3,2,0,2
35,No,Travel_Rarely,890,Sales,2,3,Marketing,1,49,4,Female,97,3,1,Sales Representative,4,Married,2014,9687,1,Y,No,13,3,1,80,0,2,3,3,2,2,2,2
36,No,Travel_Rarely,852,Research & Development,5,4,Life Sciences,1,51,2,Female,82,2,1,Research Scientist,1,Married,3419,13072,9,Y,Yes,14,3,4,80,1,6,3,4,1,1,0,0
33,No,Travel_Frequently,1141,Sales,1,3,Life Sciences,1,52,3,Female,42,4,2,Sales Executive,1,Married,5376,3193,2,Y,No,19,3,1,80,2,10,3,3,5,3,1,3
35,No,Travel_Rarely,464,Research & Development,4,2,Other,1,53,3,Male,75,3,1,Laboratory Technician,4,Divorced,1951,10910,1,Y,No,12,3,3,80,1,1,3,3,1,0,0,0
27,No,Travel_Rarely,1240,Research & Development,2,4,Life Sciences,1,54,4,Female,33,3,1,Laboratory Technician,1,Divorced,2341,19715,1,Y,No,13,3,4,80,1,1,6,3,1,0,0,0
26,Yes,Travel_Rarely,1357,Research & Development,25,3,Life Sciences,1,55,1,Male,48,1,1,Laboratory Technician,3,Single,2293,10558,1,Y,No,12,3,3,80,0,1,2,2,1,0,0,1
27,No,Travel_Frequently,994,Sales,8,3,Life Sciences,1,56,4,Male,37,3,3,Sales Executive,3,Single,8726,2975,1,Y,No,15,3,4,80,0,9,0,3,9,8,1,7
30,No,Travel_Frequently,721,Research & Development,1,2,Medical,1,57,3,Female,58,3,2,Laboratory Technician,4,Single,4011,10781,1,Y,No,23,4,4,80,0,12,2,3,12,8,3,7
41,Yes,Travel_Rarely,1360,Research & Development,12,3,Technical Degree,1,58,2,Female,49,3,5,Research Director,3,Married,19545,16280,1,Y,No,12,3,4,80,0,23,0,3,22,15,15,8
34,No,Non-Travel,1065,Sales,23,4,Marketing,1,60,2,Male,72,3,2,Sales Executive,3,Single,4568,10034,0,Y,No,20,4,3,80,0,10,2,3,9,5,8,7
37,No,Travel_Rarely,408,Research & Development,19,2,Life Sciences,1,61,2,Male,73,3,1,Research Scientist,2,Married,3022,10227,4,Y,No,21,4,1,80,0,8,1,3,1,0,0,0
46,No,Travel_Frequently,1211,Sales,5,4,Marketing,1,62,1,Male,98,3,2,Sales Executive,4,Single,5772,20445,4,Y,Yes,21,4,3,80,0,14,4,3,9,6,0,8
35,No,Travel_Rarely,1229,Research & Development,8,1,Life Sciences,1,63,4,Male,36,4,1,Laboratory Technician,4,Married,2269,4892,1,Y,No,19,3,4,80,0,1,2,3,1,0,0,1
48,Yes,Travel_Rarely,626,Research & Development,1,2,Life Sciences,1,64,1,Male,98,2,3,Laboratory Technician,3,Single,5381,19294,9,Y,Yes,13,3,4,80,0,23,2,3,1,0,0,0
28,Yes,Travel_Rarely,1434,Research & Development,5,4,Technical Degree,1,65,3,Male,50,3,1,Laboratory Technician,3,Single,3441,11179,1,Y,Yes,13,3,3,80,0,2,3,2,2,2,2,2
44,No,Travel_Rarely,1488,Sales,1,5,Marketing,1,68,2,Female,75,3,2,Sales Executive,1,Divorced,5454,4009,5,Y,Yes,21,4,3,80,1,9,2,2,4,3,1,3
35,No,Non-Travel,1097,Research & Development,11,2,Medical,1,70,3,Male,79,2,3,Healthcare Representative,1,Married,9884,8302,2,Y,Yes,13,3,3,80,1,10,3,3,4,0,2,3
26,No,Travel_Rarely,1443,Sales,23,3,Marketing,1,72,3,Female,47,2,2,Sales Executive,4,Married,4157,21436,7,Y,Yes,19,3,3,80,1,5,2,2,2,2,0,0
33,No,Travel_Frequently,515,Research & Development,1,2,Life Sciences,1,73,1,Female,98,3,3,Research Director,4,Single,13458,15146,1,Y,Yes,12,3,3,80,0,15,1,3,15,14,8,12
35,No,Travel_Frequently,853,Sales,18,5,Life Sciences,1,74,2,Male,71,3,3,Sales Executive,1,Married,9069,11031,1,Y,No,22,4,4,80,1,9,3,2,9,8,1,8
35,No,Travel_Rarely,1142,Research & Development,23,4,Medical,1,75,3,Female,30,3,1,Laboratory Technician,1,Married,4014,16002,3,Y,Yes,15,3,3,80,1,4,3,3,2,2,2,2
31,No,Travel_Rarely,655,Research & Development,7,4,Life Sciences,1,76,4,Male,48,3,2,Laboratory Technician,4,Divorced,5915,9528,3,Y,No,22,4,4,80,1,10,3,2,7,7,1,7
37,No,Travel_Rarely,1115,Research & Development,1,4,Life Sciences,1,77,1,Male,51,2,2,Manufacturing Director,3,Divorced,5993,2689,1,Y,No,18,3,3,80,1,7,2,4,7,5,0,7
32,No,Travel_Rarely,427,Research & Development,1,3,Medical,1,78,1,Male,33,3,2,Manufacturing Director,4,Married,6162,10877,1,Y,Yes,22,4,2,80,1,9,3,3,9,8,7,8
38,No,Travel_Frequently,653,Research & Development,29,5,Life Sciences,1,79,4,Female,50,3,2,Laboratory Technician,4,Single,2406,5456,1,Y,No,11,3,4,80,0,10,2,3,10,3,9,9
50,No,Travel_Rarely,989,Research & Development,7,2,Medical,1,80,2,Female,43,2,5,Research Director,3,Divorced,18740,16701,5,Y,Yes,12,3,4,80,1,29,2,2,27,3,13,8
59,No,Travel_Rarely,1435,Sales,25,3,Life Sciences,1,81,1,Female,99,3,3,Sales Executive,1,Single,7637,2354,7,Y,No,11,3,4,80,0,28,3,2,21,16,7,9
36,No,Travel_Rarely,1223,Research & Development,8,3,Technical Degree,1,83,3,Female,59,3,3,Healthcare Representative,3,Divorced,10096,8202,1,Y,No,13,3,2,80,3,17,2,3,17,14,12,8
55,No,Travel_Rarely,836,Research & Development,8,3,Medical,1,84,4,Female,33,3,4,Manager,3,Divorced,14756,19730,2,Y,Yes,14,3,3,80,3,21,2,3,5,0,0,2
36,No,Travel_Frequently,1195,Research & Development,11,3,Life Sciences,1,85,2,Male,95,2,2,Manufacturing Director,2,Single,6499,22656,1,Y,No,13,3,3,80,0,6,3,3,6,5,0,3
45,No,Travel_Rarely,1339,Research & Development,7,3,Life Sciences,1,86,2,Male,59,3,3,Research Scientist,1,Divorced,9724,18787,2,Y,No,17,3,3,80,1,25,2,3,1,0,0,0
35,No,Travel_Frequently,664,Research & Development,1,3,Medical,1,88,2,Male,79,3,1,Research Scientist,1,Married,2194,5868,4,Y,No,13,3,4,80,1,5,2,2,3,2,1,2
36,Yes,Travel_Rarely,318,Research & Development,9,3,Medical,1,90,4,Male,79,2,1,Research Scientist,3,Married,3388,21777,0,Y,Yes,17,3,1,80,1,2,0,2,1,0,0,0
59,No,Travel_Frequently,1225,Sales,1,1,Life Sciences,1,91,1,Female,57,2,2,Sales Executive,3,Single,5473,24668,7,Y,No,11,3,4,80,0,20,2,2,4,3,1,3
29,No,Travel_Rarely,1328,Research & Development,2,3,Life Sciences,1,94,3,Male,76,3,1,Research Scientist,2,Married,2703,4956,0,Y,No,23,4,4,80,1,6,3,3,5,4,0,4
31,No,Travel_Rarely,1082,Research & Development,1,4,Medical,1,95,3,Male,87,3,1,Research Scientist,2,Single,2501,18775,1,Y,No,17,3,2,80,0,1,4,3,1,1,1,0
32,No,Travel_Rarely,548,Research & Development,1,3,Life Sciences,1,96,2,Male,66,3,2,Research Scientist,2,Married,6220,7346,1,Y,No,17,3,2,80,2,10,3,3,10,4,0,9
36,No,Travel_Rarely,132,Research & Development,6,3,Life Sciences,1,97,2,Female,55,4,1,Laboratory Technician,4,Married,3038,22002,3,Y,No,12,3,2,80,0,5,3,3,1,0,0,0
31,No,Travel_Rarely,746,Research & Development,8,4,Life Sciences,1,98,3,Female,61,3,2,Manufacturing Director,4,Single,4424,20682,1,Y,No,23,4,4,80,0,11,2,3,11,7,1,8
35,No,Travel_Rarely,776,Sales,1,4,Marketing,1,100,3,Male,32,2,2,Sales Executive,1,Single,4312,23016,0,Y,No,14,3,2,80,0,16,2,3,15,13,2,8
45,No,Travel_Rarely,193,Research & Development,6,4,Other,1,101,4,Male,52,3,3,Research Director,1,Married,13245,15067,4,Y,Yes,14,3,2,80,0,17,3,4,0,0,0,0
37,No,Travel_Rarely,397,Research & Development,7,4,Medical,1,102,1,Male,30,3,3,Research Director,3,Single,13664,25258,4,Y,No,13,3,1,80,0,16,3,4,5,2,0,2
46,No,Travel_Rarely,945,Human Resources,5,2,Medical,1,103,2,Male,80,3,2,Human Resources,2,Divorced,5021,10425,8,Y,Yes,22,4,4,80,1,16,2,3,4,2,0,2
30,No,Travel_Rarely,852,Research & Development,1,1,Life Sciences,1,104,4,Male,55,2,2,Laboratory Technician,4,Married,5126,15998,1,Y,Yes,12,3,3,80,2,10,1,2,10,8,3,0
35,No,Travel_Rarely,1214,Research & Development,1,3,Medical,1,105,2,Male,30,2,1,Research Scientist,3,Single,2859,26278,1,Y,No,18,3,1,80,0,6,3,3,6,4,0,4
55,No,Travel_Rarely,111,Sales,1,2,Life Sciences,1,106,1,Male,70,3,3,Sales Executive,4,Married,10239,18092,3,Y,No,14,3,4,80,1,24,4,3,1,0,1,0
38,No,Non-Travel,573,Research & Development,6,3,Medical,1,107,2,Female,79,1,2,Research Scientist,4,Divorced,5329,15717,7,Y,Yes,12,3,4,80,3,17,3,3,13,11,1,9
34,No,Travel_Rarely,1153,Research & Development,1,2,Medical,1,110,1,Male,94,3,2,Manufacturing Director,2,Married,4325,17736,1,Y,No,15,3,3,80,0,5,2,3,5,2,1,3
56,No,Travel_Rarely,1400,Research & Development,7,3,Life Sciences,1,112,4,Male,49,1,3,Manufacturing Director,4,Single,7260,21698,4,Y,No,11,3,1,80,0,37,3,2,6,4,0,2
23,No,Travel_Rarely,541,Sales,2,1,Technical Degree,1,113,3,Male,62,3,1,Sales Representative,1,Divorced,2322,9518,3,Y,No,13,3,3,80,1,3,3,3,0,0,0,0
51,No,Travel_Rarely,432,Research & Development,9,4,Life Sciences,1,116,4,Male,96,3,1,Laboratory Technician,4,Married,2075,18725,3,Y,No,23,4,2,80,2,10,4,3,4,2,0,3
30,No,Travel_Rarely,288,Research & Development,2,3,Life Sciences,1,117,3,Male,99,2,2,Healthcare Representative,4,Married,4152,15830,1,Y,No,19,3,1,80,3,11,3,3,11,10,10,8
46,Yes,Travel_Rarely,669,Sales,9,2,Medical,1,118,3,Male,64,2,3,Sales Executive,4,Single,9619,13596,1,Y,No,16,3,4,80,0,9,3,3,9,8,4,7
40,No,Travel_Frequently,530,Research & Development,1,4,Life Sciences,1,119,3,Male,78,2,4,Healthcare Representative,2,Married,13503,14115,1,Y,No,22,4,4,80,1,22,3,2,22,3,11,11
51,No,Travel_Rarely,632,Sales,21,4,Marketing,1,120,3,Male,71,3,2,Sales Executive,4,Single,5441,8423,0,Y,Yes,22,4,4,80,0,11,2,1,10,7,1,0
30,No,Travel_Rarely,1334,Sales,4,2,Medical,1,121,3,Female,63,2,2,Sales Executive,2,Divorced,5209,19760,1,Y,Yes,12,3,2,80,3,11,4,2,11,8,2,7
46,No,Travel_Frequently,638,Research & Development,1,3,Medical,1,124,3,Male,40,2,3,Healthcare Representative,1,Married,10673,3142,2,Y,Yes,13,3,3,80,1,21,5,2,10,9,9,5
32,No,Travel_Rarely,1093,Sales,6,4,Medical,1,125,2,Male,87,3,2,Sales Executive,3,Single,5010,24301,1,Y,No,16,3,1,80,0,12,0,3,11,8,5,7
54,No,Travel_Rarely,1217,Research & Development,2,4,Technical Degree,1,126,1,Female,60,3,3,Research Director,3,Married,13549,24001,9,Y,No,12,3,1,80,1,16,5,1,4,3,0,3
24,No,Travel_Rarely,1353,Sales,3,2,Other,1,128,1,Female,33,3,2,Sales Executive,3,Married,4999,17519,0,Y,No,21,4,1,80,1,4,2,2,3,2,0,2
28,No,Non-Travel,120,Sales,4,3,Medical,1,129,2,Male,43,3,2,Sales Executive,3,Married,4221,8863,1,Y,No,15,3,2,80,0,5,3,4,5,4,0,4
58,No,Travel_Rarely,682,Sales,10,4,Medical,1,131,4,Male,37,3,4,Sales Executive,3,Single,13872,24409,0,Y,No,13,3,3,80,0,38,1,2,37,10,1,8
44,No,Non-Travel,489,Research & Development,23,3,Medical,1,132,2,Male,67,3,2,Laboratory Technician,2,Married,2042,25043,4,Y,No,12,3,3,80,1,17,3,4,3,2,1,2
37,Yes,Travel_Rarely,807,Human Resources,6,4,Human Resources,1,133,3,Male,63,3,1,Human Resources,1,Divorced,2073,23648,4,Y,Yes,22,4,4,80,0,7,3,3,3,2,0,2
32,No,Travel_Rarely,827,Research & Development,1,1,Life Sciences,1,134,4,Male,71,3,1,Research Scientist,1,Single,2956,15178,1,Y,No,13,3,4,80,0,1,2,3,1,0,0,0
20,Yes,Travel_Frequently,871,Research & Development,6,3,Life Sciences,1,137,4,Female,66,2,1,Laboratory Technician,4,Single,2926,19783,1,Y,Yes,18,3,2,80,0,1,5,3,1,0,1,0
34,No,Travel_Rarely,665,Research & Development,6,4,Other,1,138,1,Female,41,3,2,Research Scientist,3,Single,4809,12482,1,Y,No,14,3,3,80,0,16,3,3,16,13,2,10
37,No,Non-Travel,1040,Research & Development,2,2,Life Sciences,1,139,3,Male,100,2,2,Healthcare Representative,4,Divorced,5163,15850,5,Y,No,14,3,4,80,1,17,2,4,1,0,0,0
59,No,Non-Travel,1420,Human Resources,2,4,Human Resources,1,140,3,Female,32,2,5,Manager,4,Married,18844,21922,9,Y,No,21,4,4,80,1,30,3,3,3,2,2,2
50,No,Travel_Frequently,1115,Research & Development,1,3,Life Sciences,1,141,1,Female,73,3,5,Research Director,2,Married,18172,9755,3,Y,Yes,19,3,1,80,0,28,1,2,8,3,0,7
25,Yes,Travel_Rarely,240,Sales,5,3,Marketing,1,142,3,Male,46,2,2,Sales Executive,3,Single,5744,26959,1,Y,Yes,11,3,4,80,0,6,1,3,6,4,0,3
25,No,Travel_Rarely,1280,Research & Development,7,1,Medical,1,143,4,Male,64,2,1,Research Scientist,4,Married,2889,26897,1,Y,No,11,3,3,80,2,2,2,3,2,2,2,1
22,No,Travel_Rarely,534,Research & Development,15,3,Medical,1,144,2,Female,59,3,1,Laboratory Technician,4,Single,2871,23785,1,Y,No,15,3,3,80,0,1,5,3,0,0,0,0
51,No,Travel_Frequently,1456,Research & Development,1,4,Medical,1,145,1,Female,30,2,3,Healthcare Representative,1,Single,7484,25796,3,Y,No,20,4,3,80,0,23,1,2,13,12,12,8
34,Yes,Travel_Frequently,658,Research & Development,7,3,Life Sciences,1,147,1,Male,66,1,2,Laboratory Technician,3,Single,6074,22887,1,Y,Yes,24,4,4,80,0,9,3,3,9,7,0,6
54,No,Non-Travel,142,Human Resources,26,3,Human Resources,1,148,4,Female,30,4,4,Manager,4,Single,17328,13871,2,Y,Yes,12,3,3,80,0,23,3,3,5,3,4,4
24,No,Travel_Rarely,1127,Research & Development,18,1,Life Sciences,1,150,2,Male,52,3,1,Laboratory Technician,3,Married,2774,13257,0,Y,No,12,3,3,80,1,6,2,3,5,3,1,2
34,No,Travel_Rarely,1031,Research & Development,6,4,Life Sciences,1,151,3,Female,45,2,2,Research Scientist,2,Divorced,4505,15000,6,Y,No,15,3,3,80,1,12,3,3,1,0,0,0
37,No,Travel_Rarely,1189,Sales,3,3,Life Sciences,1,152,3,Male,87,3,3,Sales Executive,4,Single,7428,14506,2,Y,No,12,3,1,80,0,12,3,3,5,3,1,3
34,No,Travel_Rarely,1354,Research & Development,5,3,Medical,1,153,3,Female,45,2,3,Manager,1,Single,11631,5615,2,Y,No,12,3,4,80,0,14,6,3,11,10,5,8
36,No,Travel_Frequently,1467,Sales,11,2,Technical Degree,1,154,2,Female,92,3,3,Sales Executive,4,Married,9738,22952,0,Y,No,14,3,3,80,1,10,6,3,9,7,2,8
36,No,Travel_Rarely,922,Research & Development,3,2,Life Sciences,1,155,1,Female,39,3,1,Laboratory Technician,4,Divorced,2835,2561,5,Y,No,22,4,1,80,1,7,2,3,1,0,0,0
43,No,Travel_Frequently,394,Sales,26,2,Life Sciences,1,158,3,Male,92,3,4,Manager,4,Married,16959,19494,1,Y,Yes,12,3,4,80,2,25,3,4,25,12,4,12
30,No,Travel_Frequently,1312,Research & Development,23,3,Life Sciences,1,159,1,Male,96,1,1,Research Scientist,3,Divorced,2613,22310,1,Y,No,25,4,3,80,3,10,2,2,10,7,0,9
33,No,Non-Travel,750,Sales,22,2,Marketing,1,160,3,Male,95,3,2,Sales Executive,2,Married,6146,15480,0,Y,No,13,3,1,80,1,8,2,4,7,7,0,7
56,Yes,Travel_Rarely,441,Research & Development,14,4,Life Sciences,1,161,2,Female,72,3,1,Research Scientist,2,Married,4963,4510,9,Y,Yes,18,3,1,80,3,7,2,3,5,4,4,3
51,No,Travel_Rarely,684,Research & Development,6,3,Life Sciences,1,162,1,Male,51,3,5,Research Director,3,Single,19537,6462,7,Y,No,13,3,3,80,0,23,5,3,20,18,15,15
31,Yes,Travel_Rarely,249,Sales,6,4,Life Sciences,1,163,2,Male,76,1,2,Sales Executive,3,Married,6172,20739,4,Y,Yes,18,3,2,80,0,12,3,2,7,7,7,7
26,No,Travel_Rarely,841,Research & Development,6,3,Other,1,164,3,Female,46,2,1,Research Scientist,2,Married,2368,23300,1,Y,No,19,3,3,80,0,5,3,2,5,4,4,3
58,Yes,Travel_Rarely,147,Research & Development,23,4,Medical,1,165,4,Female,94,3,3,Healthcare Representative,4,Married,10312,3465,1,Y,No,12,3,4,80,1,40,3,2,40,10,15,6
19,Yes,Travel_Rarely,528,Sales,22,1,Marketing,1,167,4,Male,50,3,1,Sales Representative,3,Single,1675,26820,1,Y,Yes,19,3,4,80,0,0,2,2,0,0,0,0
22,No,Travel_Rarely,594,Research & Development,2,1,Technical Degree,1,169,3,Male,100,3,1,Laboratory Technician,4,Married,2523,19299,0,Y,No,14,3,3,80,1,3,2,3,2,1,2,1
49,No,Travel_Rarely,470,Research & Development,20,4,Medical,1,170,3,Female,96,3,2,Manufacturing Director,1,Married,6567,5549,1,Y,No,14,3,3,80,0,16,2,2,15,11,5,11
43,No,Travel_Frequently,957,Research & Development,28,3,Medical,1,171,2,Female,72,4,1,Research Scientist,3,Single,4739,16090,4,Y,No,12,3,4,80,0,18,2,3,3,2,1,2
50,No,Travel_Frequently,809,Sales,12,3,Marketing,1,174,3,Female,77,3,3,Sales Executive,4,Single,9208,6645,4,Y,No,11,3,4,80,0,16,3,3,2,2,2,1
31,Yes,Travel_Rarely,542,Sales,20,3,Life Sciences,1,175,2,Female,71,1,2,Sales Executive,3,Married,4559,24788,3,Y,Yes,11,3,3,80,1,4,2,3,2,2,2,2
41,No,Travel_Rarely,802,Sales,9,1,Life Sciences,1,176,3,Male,96,3,3,Sales Executive,3,Divorced,8189,21196,3,Y,Yes,13,3,3,80,1,12,2,3,9,7,0,7
26,No,Travel_Rarely,1355,Human Resources,25,1,Life Sciences,1,177,3,Female,61,3,1,Human Resources,3,Married,2942,8916,1,Y,No,23,4,4,80,1,8,3,3,8,7,5,7
36,No,Travel_Rarely,216,Research & Development,6,2,Medical,1,178,2,Male,84,3,2,Manufacturing Director,2,Divorced,4941,2819,6,Y,No,20,4,4,80,2,7,0,3,3,2,0,1
51,Yes,Travel_Frequently,1150,Research & Development,8,4,Life Sciences,1,179,1,Male,53,1,3,Manufacturing Director,4,Single,10650,25150,2,Y,No,15,3,4,80,0,18,2,3,4,2,0,3
39,No,Travel_Rarely,1329,Sales,4,4,Life Sciences,1,182,4,Female,47,2,2,Sales Executive,3,Married,5902,14590,4,Y,No,14,3,3,80,1,17,1,4,15,11,5,9
25,No,Travel_Rarely,959,Sales,28,3,Life Sciences,1,183,1,Male,41,2,2,Sales Executive,3,Married,8639,24835,2,Y,No,18,3,4,80,0,6,3,3,2,2,2,2
30,No,Travel_Rarely,1240,Human Resources,9,3,Human Resources,1,184,3,Male,48,3,2,Human Resources,4,Married,6347,13982,0,Y,Yes,19,3,4,80,0,12,2,1,11,9,4,7
32,Yes,Travel_Rarely,1033,Research & Development,9,3,Medical,1,190,1,Female,41,3,1,Laboratory Technician,1,Single,4200,10224,7,Y,No,22,4,1,80,0,10,2,4,5,4,0,4
45,No,Travel_Rarely,1316,Research & Development,29,3,Medical,1,192,3,Male,83,3,1,Research Scientist,4,Single,3452,9752,5,Y,No,13,3,2,80,0,9,2,2,6,5,0,3
38,No,Travel_Rarely,364,Research & Development,3,5,Technical Degree,1,193,4,Female,32,3,2,Research Scientist,3,Single,4317,2302,3,Y,Yes,20,4,2,80,0,19,2,3,3,2,2,2
30,No,Travel_Rarely,438,Research & Development,18,3,Life Sciences,1,194,1,Female,75,3,1,Research Scientist,3,Single,2632,23910,1,Y,No,14,3,3,80,0,5,4,2,5,4,0,4
32,No,Travel_Frequently,689,Sales,9,2,Medical,1,195,4,Male,35,1,2,Sales Executive,4,Divorced,4668,22812,0,Y,No,17,3,4,80,3,9,2,4,8,7,0,7
30,No,Travel_Rarely,201,Research & Development,5,3,Technical Degree,1,197,4,Female,84,3,1,Research Scientist,1,Divorced,3204,10415,5,Y,No,14,3,4,80,1,8,3,3,3,2,2,2
30,No,Travel_Rarely,1427,Research & Development,2,1,Medical,1,198,2,Male,35,2,1,Laboratory Technician,4,Single,2720,11162,0,Y,No,13,3,4,80,0,6,3,3,5,3,1,2
41,No,Travel_Frequently,857,Research & Development,10,3,Life Sciences,1,199,4,Male,91,2,4,Manager,1,Divorced,17181,12888,4,Y,No,13,3,2,80,1,21,2,2,7,6,7,7
41,No,Travel_Rarely,933,Research & Development,9,4,Life Sciences,1,200,3,Male,94,3,1,Laboratory Technician,1,Married,2238,6961,2,Y,No,21,4,4,80,1,7,2,3,5,0,1,4
19,No,Travel_Rarely,1181,Research & Development,3,1,Medical,1,201,2,Female,79,3,1,Laboratory Technician,2,Single,1483,16102,1,Y,No,14,3,4,80,0,1,3,3,1,0,0,0
40,No,Travel_Frequently,1395,Research & Development,26,3,Medical,1,202,2,Female,54,3,2,Research Scientist,2,Divorced,5605,8504,1,Y,No,11,3,1,80,1,20,2,3,20,7,2,13
35,No,Travel_Rarely,662,Sales,1,5,Marketing,1,204,3,Male,94,3,3,Sales Executive,2,Married,7295,11439,1,Y,No,13,3,1,80,2,10,3,3,10,8,0,6
53,No,Travel_Rarely,1436,Sales,6,2,Marketing,1,205,2,Male,34,3,2,Sales Representative,3,Married,2306,16047,2,Y,Yes,20,4,4,80,1,13,3,1,7,7,4,5
45,No,Travel_Rarely,194,Research & Development,9,3,Life Sciences,1,206,2,Male,60,3,2,Laboratory Technician,2,Divorced,2348,10901,8,Y,No,18,3,3,80,1,20,2,1,17,9,0,15
32,No,Travel_Frequently,967,Sales,8,3,Marketing,1,207,2,Female,43,3,3,Sales Executive,4,Single,8998,15589,1,Y,No,14,3,4,80,0,9,2,3,9,8,3,7
29,No,Non-Travel,1496,Research & Development,1,1,Technical Degree,1,208,4,Male,41,3,2,Manufacturing Director,3,Married,4319,26283,1,Y,No,13,3,1,80,1,10,1,3,10,7,0,9
51,No,Travel_Rarely,1169,Research & Development,7,4,Medical,1,211,2,Male,34,2,2,Manufacturing Director,3,Married,6132,13983,2,Y,No,17,3,3,80,0,10,2,3,1,0,0,0
58,No,Travel_Rarely,1145,Research & Development,9,3,Medical,1,214,2,Female,75,2,1,Research Scientist,2,Married,3346,11873,4,Y,Yes,20,4,2,80,1,9,3,2,1,0,0,0
40,No,Travel_Rarely,630,Sales,4,4,Marketing,1,215,3,Male,67,2,3,Sales Executive,4,Married,10855,8552,7,Y,No,11,3,1,80,1,15,2,2,12,11,2,11
34,No,Travel_Frequently,303,Sales,2,4,Marketing,1,216,3,Female,75,3,1,Sales Representative,3,Married,2231,11314,6,Y,No,18,3,4,80,1,6,3,3,4,3,1,2
22,No,Travel_Rarely,1256,Research & Development,19,1,Medical,1,217,3,Male,80,3,1,Research Scientist,4,Married,2323,11992,1,Y,No,24,4,1,80,2,2,6,3,2,2,2,2
27,No,Non-Travel,691,Research & Development,9,3,Medical,1,218,4,Male,57,3,1,Research Scientist,2,Divorced,2024,5970,6,Y,No,18,3,4,80,1,6,1,1,2,2,2,2
28,No,Travel_Rarely,440,Research & Development,21,3,Medical,1,221,3,Male,42,3,1,Research Scientist,4,Married,2713,6672,1,Y,No,11,3,3,80,1,5,2,1,5,2,0,2
57,No,Travel_Rarely,334,Research & Development,24,2,Life Sciences,1,223,3,Male,83,4,3,Healthcare Representative,4,Divorced,9439,23402,3,Y,Yes,16,3,2,80,1,12,2,1,5,3,1,4
27,No,Non-Travel,1450,Research & Development,3,3,Medical,1,224,3,Male,79,2,1,Research Scientist,3,Divorced,2566,25326,1,Y,Yes,15,3,4,80,1,1,2,2,1,1,0,1
50,No,Travel_Rarely,1452,Research & Development,11,3,Life Sciences,1,226,3,Female,53,3,5,Manager,2,Single,19926,17053,3,Y,No,15,3,2,80,0,21,5,3,5,4,4,4
41,No,Travel_Rarely,465,Research & Development,14,3,Life Sciences,1,227,1,Male,56,3,1,Research Scientist,3,Divorced,2451,4609,4,Y,No,12,3,1,80,1,13,2,3,9,8,1,8
30,No,Travel_Rarely,1339,Sales,5,3,Life Sciences,1,228,2,Female,41,3,3,Sales Executive,4,Married,9419,8053,2,Y,No,12,3,3,80,1,12,2,3,10,9,7,4
38,No,Travel_Rarely,702,Sales,1,4,Life Sciences,1,230,1,Female,59,2,2,Sales Executive,4,Single,8686,12930,4,Y,No,22,4,3,80,0,12,2,4,8,3,0,7
32,No,Travel_Rarely,120,Research & Development,6,5,Life Sciences,1,231,3,Male,43,3,1,Research Scientist,3,Single,3038,12430,3,Y,No,20,4,1,80,0,8,2,3,5,4,1,4
27,No,Travel_Rarely,1157,Research & Development,17,3,Technical Degree,1,233,3,Male,51,3,1,Research Scientist,2,Married,3058,13364,0,Y,Yes,16,3,4,80,1,6,3,2,5,2,1,1
19,Yes,Travel_Frequently,602,Sales,1,1,Technical Degree,1,235,3,Female,100,1,1,Sales Representative,1,Single,2325,20989,0,Y,No,21,4,1,80,0,1,5,4,0,0,0,0
36,No,Travel_Frequently,1480,Research & Development,3,2,Medical,1,238,4,Male,30,3,1,Laboratory Technician,2,Single,2088,15062,4,Y,No,12,3,3,80,0,13,3,2,8,7,7,2
30,No,Non-Travel,111,Research & Development,9,3,Medical,1,239,3,Male,66,3,2,Laboratory Technician,1,Divorced,3072,11012,1,Y,No,11,3,3,80,2,12,4,3,12,9,6,10
45,No,Travel_Rarely,1268,Sales,4,2,Life Sciences,1,240,3,Female,30,3,2,Sales Executive,1,Divorced,5006,6319,4,Y,Yes,11,3,1,80,1,9,3,4,5,4,0,3
56,No,Travel_Rarely,713,Research & Development,8,3,Life Sciences,1,241,3,Female,67,3,1,Research Scientist,1,Divorced,4257,13939,4,Y,Yes,18,3,3,80,1,19,3,3,2,2,2,2
33,No,Travel_Rarely,134,Research & Development,2,3,Life Sciences,1,242,3,Male,90,3,1,Research Scientist,4,Single,2500,10515,0,Y,No,14,3,1,80,0,4,2,4,3,1,0,2
19,Yes,Travel_Rarely,303,Research & Development,2,3,Life Sciences,1,243,2,Male,47,2,1,Laboratory Technician,4,Single,1102,9241,1,Y,No,22,4,3,80,0,1,3,2,1,0,1,0
46,No,Travel_Rarely,526,Sales,1,2,Marketing,1,244,2,Female,92,3,3,Sales Executive,1,Divorced,10453,2137,1,Y,No,25,4,3,80,3,24,2,3,24,13,15,7
38,No,Travel_Rarely,1380,Research & Development,9,2,Life Sciences,1,245,3,Female,75,3,1,Laboratory Technician,4,Single,2288,6319,1,Y,No,12,3,3,80,0,2,3,3,2,2,2,1
31,No,Travel_Rarely,140,Research & Development,12,1,Medical,1,246,3,Female,95,3,1,Research Scientist,4,Married,3929,6984,8,Y,Yes,23,4,3,80,1,7,0,3,4,2,0,2
34,No,Travel_Rarely,629,Research & Development,27,2,Medical,1,247,4,Female,95,3,1,Research Scientist,2,Single,2311,5711,2,Y,No,15,3,4,80,0,9,3,3,3,2,1,2
41,Yes,Travel_Rarely,1356,Sales,20,2,Marketing,1,248,2,Female,70,3,1,Sales Representative,2,Single,3140,21728,1,Y,Yes,22,4,4,80,0,4,5,2,4,3,0,2
50,No,Travel_Rarely,328,Research & Development,1,3,Medical,1,249,3,Male,86,2,1,Laboratory Technician,3,Married,3690,3425,2,Y,No,15,3,4,80,1,5,2,2,3,2,0,2
53,No,Travel_Rarely,1084,Research & Development,13,2,Medical,1,250,4,Female,57,4,2,Manufacturing Director,1,Divorced,4450,26250,1,Y,No,11,3,3,80,2,5,3,3,4,2,1,3
33,No,Travel_Rarely,931,Research & Development,14,3,Medical,1,252,4,Female,72,3,1,Research Scientist,2,Married,2756,4673,1,Y,No,13,3,4,80,1,8,5,3,8,7,1,6
40,No,Travel_Rarely,989,Research & Development,4,1,Medical,1,253,4,Female,46,3,5,Manager,3,Married,19033,6499,1,Y,No,14,3,2,80,1,21,2,3,20,8,9,9
55,No,Travel_Rarely,692,Research & Development,14,4,Medical,1,254,3,Male,61,4,5,Research Director,2,Single,18722,13339,8,Y,No,11,3,4,80,0,36,3,3,24,15,2,15
34,No,Travel_Frequently,1069,Research & Development,2,1,Life Sciences,1,256,4,Male,45,2,2,Manufacturing Director,3,Married,9547,14074,1,Y,No,17,3,3,80,0,10,2,2,10,9,1,9
51,No,Travel_Rarely,313,Research & Development,3,3,Medical,1,258,4,Female,98,3,4,Healthcare Representative,2,Single,13734,7192,3,Y,No,18,3,3,80,0,21,6,3,7,7,1,0
52,No,Travel_Rarely,699,Research & Development,1,4,Life Sciences,1,259,3,Male,65,2,5,Manager,3,Married,19999,5678,0,Y,No,14,3,1,80,1,34,5,3,33,18,11,9
27,No,Travel_Rarely,894,Research & Development,9,3,Medical,1,260,4,Female,99,3,1,Research Scientist,2,Single,2279,11781,1,Y,No,16,3,4,80,0,7,2,2,7,7,0,3
35,Yes,Travel_Rarely,556,Research & Development,23,2,Life Sciences,1,261,2,Male,50,2,2,Manufacturing Director,3,Married,5916,15497,3,Y,Yes,13,3,1,80,0,8,1,3,1,0,0,1
43,No,Non-Travel,1344,Research & Development,7,3,Medical,1,262,4,Male,37,4,1,Research Scientist,4,Divorced,2089,5228,4,Y,No,14,3,4,80,3,7,3,4,5,4,2,2
45,No,Non-Travel,1195,Research & Development,2,2,Medical,1,264,1,Male,65,2,4,Manager,4,Married,16792,20462,9,Y,No,23,4,4,80,1,22,1,3,20,8,11,8
37,No,Travel_Rarely,290,Research & Development,21,3,Life Sciences,1,267,2,Male,65,4,1,Research Scientist,1,Married,3564,22977,1,Y,Yes,12,3,1,80,1,8,3,2,8,7,1,7
35,No,Travel_Frequently,138,Research & Development,2,3,Medical,1,269,2,Female,37,3,2,Laboratory Technician,2,Single,4425,15986,5,Y,No,11,3,4,80,0,10,5,3,6,2,1,2
42,No,Non-Travel,926,Research & Development,21,2,Medical,1,270,3,Female,36,3,2,Manufacturing Director,3,Divorced,5265,16439,2,Y,No,16,3,2,80,1,11,5,3,5,3,0,2
38,No,Travel_Rarely,1261,Research & Development,2,4,Life Sciences,1,271,4,Male,88,3,2,Manufacturing Director,3,Married,6553,7259,9,Y,No,14,3,2,80,0,14,3,3,1,0,0,0
38,No,Travel_Rarely,1084,Research & Development,29,3,Technical Degree,1,273,4,Male,54,3,2,Manufacturing Director,4,Married,6261,4185,3,Y,No,18,3,1,80,1,9,3,1,7,7,1,7
27,No,Travel_Frequently,472,Research & Development,1,1,Technical Degree,1,274,3,Male,60,2,2,Manufacturing Director,1,Married,4298,9679,5,Y,No,19,3,3,80,1,6,1,3,2,2,2,0
49,No,Non-Travel,1002,Research & Development,18,4,Life Sciences,1,275,4,Male,92,3,2,Manufacturing Director,4,Divorced,6804,23793,1,Y,Yes,15,3,1,80,2,7,0,3,7,7,1,7
34,No,Travel_Frequently,878,Research & Development,10,4,Medical,1,277,4,Male,43,3,1,Research Scientist,3,Divorced,3815,5972,1,Y,Yes,17,3,4,80,1,5,4,4,5,3,2,0
40,No,Travel_Rarely,905,Research & Development,19,2,Medical,1,281,3,Male,99,3,2,Laboratory Technician,4,Married,2741,16523,8,Y,Yes,15,3,3,80,1,15,2,4,7,2,3,7
38,Yes,Travel_Rarely,1180,Research & Development,29,1,Medical,1,282,2,Male,70,3,2,Healthcare Representative,1,Married,6673,11354,7,Y,Yes,19,3,2,80,0,17,2,3,1,0,0,0
29,Yes,Travel_Rarely,121,Sales,27,3,Marketing,1,283,2,Female,35,3,3,Sales Executive,4,Married,7639,24525,1,Y,No,22,4,4,80,3,10,3,2,10,4,1,9
22,No,Travel_Rarely,1136,Research & Development,5,3,Life Sciences,1,284,4,Male,60,4,1,Research Scientist,2,Divorced,2328,12392,1,Y,Yes,16,3,1,80,1,4,2,2,4,2,2,2
36,No,Travel_Frequently,635,Research & Development,18,1,Medical,1,286,2,Female,73,3,1,Laboratory Technician,4,Single,2153,7703,1,Y,No,13,3,1,80,0,8,2,3,8,1,1,7
40,No,Non-Travel,1151,Research & Development,9,5,Life Sciences,1,287,4,Male,63,2,2,Healthcare Representative,4,Married,4876,14242,9,Y,No,14,3,4,80,1,5,5,1,3,2,0,2
46,No,Travel_Rarely,644,Research & Development,1,4,Medical,1,288,4,Male,97,3,3,Healthcare Representative,1,Divorced,9396,12368,7,Y,No,16,3,3,80,1,17,3,3,4,2,0,3
32,Yes,Travel_Rarely,1045,Sales,4,4,Medical,1,291,4,Male,32,1,3,Sales Executive,4,Married,10400,25812,1,Y,No,11,3,3,80,0,14,2,2,14,8,9,8
30,No,Non-Travel,829,Research & Development,1,1,Life Sciences,1,292,3,Male,88,2,3,Manufacturing Director,3,Single,8474,20925,1,Y,No,22,4,3,80,0,12,2,3,11,8,5,8
27,No,Travel_Frequently,1242,Sales,20,3,Life Sciences,1,293,4,Female,90,3,2,Sales Executive,3,Single,9981,12916,1,Y,No,14,3,4,80,0,7,2,3,7,7,0,7
51,No,Travel_Rarely,1469,Research & Development,8,4,Life Sciences,1,296,2,Male,81,2,3,Research Director,2,Married,12490,15736,5,Y,No,16,3,4,80,2,16,5,1,10,9,4,7
30,Yes,Travel_Rarely,1005,Research & Development,3,3,Technical Degree,1,297,4,Female,88,3,1,Research Scientist,1,Single,2657,8556,5,Y,Yes,11,3,3,80,0,8,5,3,5,2,0,4
41,No,Travel_Rarely,896,Sales,6,3,Life Sciences,1,298,4,Female,75,3,3,Manager,4,Single,13591,14674,3,Y,Yes,18,3,3,80,0,16,3,3,1,0,0,0
30,Yes,Travel_Frequently,334,Sales,26,4,Marketing,1,299,3,Female,52,2,2,Sales Executive,1,Single,6696,22967,5,Y,No,15,3,3,80,0,9,5,2,6,3,0,1
29,Yes,Travel_Rarely,992,Research & Development,1,3,Technical Degree,1,300,3,Male,85,3,1,Research Scientist,3,Single,2058,19757,0,Y,No,14,3,4,80,0,7,1,2,6,2,1,5
45,No,Non-Travel,1052,Sales,6,3,Medical,1,302,4,Female,57,2,3,Sales Executive,4,Single,8865,16840,6,Y,No,12,3,4,80,0,23,2,3,19,7,12,8
54,No,Travel_Rarely,1147,Sales,3,3,Marketing,1,303,4,Female,52,3,2,Sales Executive,1,Married,5940,17011,2,Y,No,14,3,4,80,1,16,4,3,6,2,0,5
36,No,Travel_Rarely,1396,Research & Development,5,2,Life Sciences,1,304,4,Male,62,3,2,Laboratory Technician,2,Single,5914,9945,8,Y,No,16,3,4,80,0,16,3,4,13,11,3,7
33,No,Travel_Rarely,147,Research & Development,4,4,Medical,1,305,3,Female,47,2,1,Research Scientist,2,Married,2622,13248,6,Y,No,21,4,4,80,0,7,3,3,3,2,1,1
37,No,Travel_Frequently,663,Research & Development,11,3,Other,1,306,2,Male,47,3,3,Research Director,4,Divorced,12185,10056,1,Y,Yes,14,3,3,80,3,10,1,3,10,8,0,7
38,No,Travel_Rarely,119,Sales,3,3,Life Sciences,1,307,1,Male,76,3,3,Sales Executive,3,Divorced,10609,9647,0,Y,No,12,3,3,80,2,17,6,2,16,10,5,13
31,No,Non-Travel,979,Research & Development,1,4,Medical,1,308,3,Male,90,1,2,Manufacturing Director,3,Married,4345,4381,0,Y,No,12,3,4,80,1,6,2,3,5,4,1,4
59,No,Travel_Rarely,142,Research & Development,3,3,Life Sciences,1,309,3,Male,70,2,1,Research Scientist,4,Married,2177,8456,3,Y,No,17,3,1,80,1,7,6,3,1,0,0,0
37,No,Travel_Frequently,319,Sales,4,4,Marketing,1,311,1,Male,41,3,1,Sales Representative,4,Divorced,2793,2539,4,Y,No,17,3,3,80,1,13,2,3,9,8,5,8
29,No,Travel_Frequently,1413,Sales,1,1,Medical,1,312,2,Female,42,3,3,Sales Executive,4,Married,7918,6599,1,Y,No,14,3,4,80,1,11,5,3,11,10,4,1
35,No,Travel_Frequently,944,Sales,1,3,Marketing,1,314,3,Female,92,3,3,Sales Executive,3,Single,8789,9096,1,Y,No,14,3,1,80,0,10,3,4,10,7,0,8
29,Yes,Travel_Rarely,896,Research & Development,18,1,Medical,1,315,3,Male,86,2,1,Research Scientist,4,Single,2389,14961,1,Y,Yes,13,3,3,80,0,4,3,2,4,3,0,1
52,No,Travel_Rarely,1323,Research & Development,2,3,Life Sciences,1,316,3,Female,89,2,1,Laboratory Technician,4,Single,3212,3300,7,Y,No,15,3,2,80,0,6,3,2,2,2,2,2
42,No,Travel_Rarely,532,Research & Development,4,2,Technical Degree,1,319,3,Male,58,3,5,Manager,4,Married,19232,4933,1,Y,No,11,3,4,80,0,22,3,3,22,17,11,15
59,No,Travel_Rarely,818,Human Resources,6,2,Medical,1,321,2,Male,52,3,1,Human Resources,3,Married,2267,25657,8,Y,No,17,3,4,80,0,7,2,2,2,2,2,2
50,No,Travel_Rarely,854,Sales,1,4,Medical,1,323,4,Female,68,3,5,Manager,4,Divorced,19517,24118,3,Y,No,11,3,3,80,1,32,3,2,7,0,0,6
33,Yes,Travel_Rarely,813,Research & Development,14,3,Medical,1,325,3,Male,58,3,1,Laboratory Technician,4,Married,2436,22149,5,Y,Yes,13,3,3,80,1,8,2,1,5,4,0,4
43,No,Travel_Rarely,1034,Sales,16,3,Marketing,1,327,4,Female,80,3,4,Manager,4,Married,16064,7744,5,Y,Yes,22,4,3,80,1,22,3,3,17,13,1,9
33,Yes,Travel_Rarely,465,Research & Development,2,2,Life Sciences,1,328,1,Female,39,3,1,Laboratory Technician,1,Married,2707,21509,7,Y,No,20,4,1,80,0,13,3,4,9,7,1,7
52,No,Non-Travel,771,Sales,2,4,Life Sciences,1,329,1,Male,79,2,5,Manager,3,Single,19068,21030,1,Y,Yes,18,3,4,80,0,33,2,4,33,7,15,12
32,No,Travel_Rarely,1401,Sales,4,2,Life Sciences,1,330,3,Female,56,3,1,Sales Representative,2,Married,3931,20990,2,Y,No,11,3,1,80,1,6,5,3,4,3,1,2
32,Yes,Travel_Rarely,515,Research & Development,1,3,Life Sciences,1,331,4,Male,62,2,1,Laboratory Technician,3,Single,3730,9571,0,Y,Yes,14,3,4,80,0,4,2,1,3,2,1,2
39,No,Travel_Rarely,1431,Research & Development,1,4,Medical,1,332,3,Female,96,3,1,Laboratory Technician,3,Divorced,2232,15417,7,Y,No,14,3,3,80,3,7,1,3,3,2,1,2
32,No,Non-Travel,976,Sales,26,4,Marketing,1,333,3,Male,100,3,2,Sales Executive,4,Married,4465,12069,0,Y,No,18,3,1,80,0,4,2,3,3,2,2,2
41,No,Travel_Rarely,1411,Research & Development,19,2,Life Sciences,1,334,3,Male,36,3,2,Research Scientist,1,Divorced,3072,19877,2,Y,No,16,3,1,80,2,17,2,2,1,0,0,0
40,No,Travel_Rarely,1300,Research & Development,24,2,Technical Degree,1,335,1,Male,62,3,2,Research Scientist,4,Divorced,3319,24447,1,Y,No,17,3,1,80,2,9,3,3,9,8,4,7
45,No,Travel_Rarely,252,Research & Development,1,3,Other,1,336,3,Male,70,4,5,Manager,4,Married,19202,15970,0,Y,No,11,3,3,80,1,25,2,3,24,0,1,7
31,No,Travel_Frequently,1327,Research & Development,3,4,Medical,1,337,2,Male,73,3,3,Research Director,3,Divorced,13675,13523,9,Y,No,12,3,1,80,1,9,3,3,2,2,2,2
33,No,Travel_Rarely,832,Research & Development,5,4,Life Sciences,1,338,3,Female,63,2,1,Research Scientist,4,Married,2911,14776,1,Y,No,13,3,3,80,1,2,2,2,2,2,0,2
34,No,Travel_Rarely,470,Research & Development,2,4,Life Sciences,1,339,4,Male,84,2,2,Manufacturing Director,1,Married,5957,23687,6,Y,No,13,3,2,80,1,13,3,3,11,9,5,9
37,No,Travel_Rarely,1017,Research & Development,1,2,Medical,1,340,3,Female,83,2,1,Research Scientist,1,Married,3920,18697,2,Y,No,14,3,1,80,1,17,2,2,3,1,0,2
45,No,Travel_Frequently,1199,Research & Development,7,4,Life Sciences,1,341,1,Male,77,4,2,Manufacturing Director,3,Married,6434,5118,4,Y,No,17,3,4,80,1,9,1,3,3,2,0,2
37,Yes,Travel_Frequently,504,Research & Development,10,3,Medical,1,342,1,Male,61,3,3,Manufacturing Director,3,Divorced,10048,22573,6,Y,No,11,3,2,80,2,17,5,3,1,0,0,0
39,No,Travel_Frequently,505,Research & Development,2,4,Technical Degree,1,343,3,Female,64,3,3,Healthcare Representative,3,Single,10938,6420,0,Y,No,25,4,4,80,0,20,1,3,19,6,11,8
29,No,Travel_Rarely,665,Research & Development,15,3,Life Sciences,1,346,3,Male,60,3,1,Research Scientist,4,Single,2340,22673,1,Y,No,19,3,1,80,0,6,1,3,6,5,1,5
42,No,Travel_Rarely,916,Research & Development,17,2,Life Sciences,1,347,4,Female,82,4,2,Research Scientist,1,Single,6545,23016,3,Y,Yes,13,3,3,80,0,10,1,3,3,2,0,2
29,No,Travel_Rarely,1247,Sales,20,2,Marketing,1,349,4,Male,45,3,2,Sales Executive,4,Divorced,6931,10732,2,Y,No,14,3,4,80,1,10,2,3,3,2,0,2
25,No,Travel_Rarely,685,Research & Development,1,3,Life Sciences,1,350,1,Female,62,3,2,Manufacturing Director,3,Married,4898,7505,0,Y,No,12,3,4,80,2,5,3,3,4,2,1,2
42,No,Travel_Rarely,269,Research & Development,2,3,Medical,1,351,4,Female,56,2,1,Laboratory Technician,1,Divorced,2593,8007,0,Y,Yes,11,3,3,80,1,10,4,3,9,6,7,8
40,No,Travel_Rarely,1416,Research & Development,2,2,Medical,1,352,1,Male,49,3,5,Research Director,3,Divorced,19436,5949,0,Y,No,19,3,4,80,1,22,5,3,21,7,3,9
51,No,Travel_Rarely,833,Research & Development,1,3,Life Sciences,1,353,3,Male,96,3,1,Research Scientist,4,Married,2723,23231,1,Y,No,11,3,2,80,0,1,0,2,1,0,0,0
31,Yes,Travel_Frequently,307,Research & Development,29,2,Medical,1,355,3,Male,71,2,1,Laboratory Technician,2,Single,3479,11652,0,Y,No,11,3,2,80,0,6,2,4,5,4,1,4
32,No,Travel_Frequently,1311,Research & Development,7,3,Life Sciences,1,359,2,Male,100,4,1,Laboratory Technician,2,Married,2794,26062,1,Y,No,20,4,3,80,0,5,3,1,5,1,0,3
38,No,Non-Travel,1327,Sales,2,2,Life Sciences,1,361,4,Male,39,2,2,Sales Executive,4,Married,5249,19682,3,Y,No,18,3,4,80,1,13,0,3,8,7,7,5
32,No,Travel_Rarely,128,Research & Development,2,1,Technical Degree,1,362,4,Male,84,2,2,Laboratory Technician,1,Single,2176,19737,4,Y,No,13,3,4,80,0,9,5,3,6,2,0,4
46,No,Travel_Rarely,488,Sales,2,3,Technical Degree,1,363,3,Female,75,1,4,Manager,2,Married,16872,14977,3,Y,Yes,12,3,2,80,1,28,2,2,7,7,7,7
28,Yes,Travel_Rarely,529,Research & Development,2,4,Life Sciences,1,364,1,Male,79,3,1,Laboratory Technician,3,Single,3485,14935,2,Y,No,11,3,3,80,0,5,5,1,0,0,0,0
29,No,Travel_Rarely,1210,Sales,2,3,Medical,1,366,1,Male,78,2,2,Sales Executive,2,Married,6644,3687,2,Y,No,19,3,2,80,2,10,2,3,0,0,0,0
31,No,Travel_Rarely,1463,Research & Development,23,3,Medical,1,367,2,Male,64,2,2,Healthcare Representative,4,Married,5582,14408,0,Y,No,21,4,2,80,1,10,2,3,9,0,7,8
25,No,Non-Travel,675,Research & Development,5,2,Life Sciences,1,369,2,Male,85,4,2,Healthcare Representative,1,Divorced,4000,18384,1,Y,No,12,3,4,80,2,6,2,3,6,3,1,5
45,No,Travel_Rarely,1385,Research & Development,20,2,Medical,1,372,3,Male,79,3,4,Healthcare Representative,4,Married,13496,7501,0,Y,Yes,14,3,2,80,0,21,2,3,20,7,4,10
36,No,Travel_Rarely,1403,Research & Development,6,3,Life Sciences,1,373,4,Male,47,3,1,Laboratory Technician,4,Married,3210,20251,0,Y,No,11,3,3,80,1,16,4,3,15,13,10,11
55,No,Travel_Rarely,452,Research & Development,1,3,Medical,1,374,4,Male,81,3,5,Manager,1,Single,19045,18938,0,Y,Yes,14,3,3,80,0,37,2,3,36,10,4,13
47,Yes,Non-Travel,666,Research & Development,29,4,Life Sciences,1,376,1,Male,88,3,3,Manager,2,Married,11849,10268,1,Y,Yes,12,3,4,80,1,10,2,2,10,7,9,9
28,No,Travel_Rarely,1158,Research & Development,9,3,Medical,1,377,4,Male,94,3,1,Research Scientist,4,Married,2070,2613,1,Y,No,23,4,4,80,1,5,3,2,5,2,0,4
37,No,Travel_Rarely,228,Sales,6,4,Medical,1,378,3,Male,98,3,2,Sales Executive,4,Married,6502,22825,4,Y,No,14,3,2,80,1,7,5,4,5,4,0,1
21,No,Travel_Rarely,996,Research & Development,3,2,Medical,1,379,4,Male,100,2,1,Research Scientist,3,Single,3230,10531,1,Y,No,17,3,1,80,0,3,4,4,3,2,1,0
37,No,Non-Travel,728,Research & Development,1,4,Medical,1,380,1,Female,80,3,3,Research Director,4,Divorced,13603,11677,2,Y,Yes,18,3,1,80,2,15,2,3,5,2,0,2
35,No,Travel_Rarely,1315,Research & Development,22,3,Life Sciences,1,381,2,Female,71,4,3,Manager,2,Divorced,11996,19100,7,Y,No,18,3,2,80,1,10,6,2,7,7,6,2
38,No,Travel_Rarely,322,Sales,7,2,Medical,1,382,1,Female,44,4,2,Sales Executive,1,Divorced,5605,19191,1,Y,Yes,24,4,3,80,1,8,3,3,8,0,7,7
26,No,Travel_Frequently,1479,Research & Development,1,3,Life Sciences,1,384,3,Female,84,3,2,Manufacturing Director,2,Divorced,6397,26767,1,Y,No,20,4,1,80,1,6,6,1,6,5,1,4
50,No,Travel_Rarely,797,Research & Development,4,1,Life Sciences,1,385,1,Male,96,3,5,Research Director,2,Divorced,19144,15815,3,Y,No,14,3,1,80,2,28,4,2,10,4,1,6
53,No,Travel_Rarely,1070,Research & Development,3,4,Medical,1,386,3,Male,45,3,4,Research Director,3,Married,17584,21016,3,Y,Yes,16,3,4,80,3,21,5,2,5,3,1,3
42,No,Travel_Rarely,635,Sales,1,1,Life Sciences,1,387,2,Male,99,3,2,Sales Executive,3,Married,4907,24532,1,Y,No,25,4,3,80,0,20,3,3,20,16,11,6
29,No,Travel_Frequently,442,Sales,2,2,Life Sciences,1,388,2,Male,44,3,2,Sales Executive,4,Single,4554,20260,1,Y,No,18,3,1,80,0,10,3,2,10,7,0,9
55,No,Travel_Rarely,147,Research & Development,20,2,Technical Degree,1,389,2,Male,37,3,2,Laboratory Technician,4,Married,5415,15972,3,Y,Yes,19,3,4,80,1,12,4,3,10,7,0,8
26,No,Travel_Frequently,496,Research & Development,11,2,Medical,1,390,1,Male,60,3,2,Healthcare Representative,1,Married,4741,22722,1,Y,Yes,13,3,3,80,1,5,3,3,5,3,3,3
37,No,Travel_Rarely,1372,Research & Development,1,3,Life Sciences,1,391,4,Female,42,3,1,Research Scientist,4,Single,2115,15881,1,Y,No,12,3,2,80,0,17,3,3,17,12,5,7
44,Yes,Travel_Frequently,920,Research & Development,24,3,Life Sciences,1,392,4,Male,43,3,1,Laboratory Technician,3,Divorced,3161,19920,3,Y,Yes,22,4,4,80,1,19,0,1,1,0,0,0
38,No,Travel_Rarely,688,Research & Development,23,4,Life Sciences,1,393,4,Male,82,3,2,Healthcare Representative,4,Divorced,5745,18899,9,Y,No,14,3,2,80,1,10,2,3,2,2,1,2
26,Yes,Travel_Rarely,1449,Research & Development,16,4,Medical,1,394,1,Male,45,3,1,Laboratory Technician,2,Divorced,2373,14180,2,Y,Yes,13,3,4,80,1,5,2,3,3,2,0,2
28,No,Travel_Rarely,1117,Research & Development,8,2,Life Sciences,1,395,4,Female,66,3,1,Research Scientist,4,Single,3310,4488,1,Y,No,21,4,4,80,0,5,3,3,5,3,0,2
49,No,Travel_Frequently,636,Research & Development,10,4,Life Sciences,1,396,3,Female,35,3,5,Research Director,1,Single,18665,25594,9,Y,Yes,11,3,4,80,0,22,4,3,3,2,1,2
36,No,Travel_Rarely,506,Research & Development,3,3,Technical Degree,1,397,3,Male,30,3,2,Research Scientist,2,Single,4485,26285,4,Y,No,12,3,4,80,0,10,2,3,8,0,7,7
31,No,Travel_Frequently,444,Sales,5,3,Marketing,1,399,4,Female,84,3,1,Sales Representative,2,Divorced,2789,3909,1,Y,No,11,3,3,80,1,2,5,2,2,2,2,2
26,Yes,Travel_Rarely,950,Sales,4,4,Marketing,1,401,4,Male,48,2,2,Sales Executive,4,Single,5828,8450,1,Y,Yes,12,3,2,80,0,8,0,3,8,7,7,4
37,No,Travel_Frequently,889,Research & Development,9,3,Medical,1,403,2,Male,53,3,1,Research Scientist,4,Married,2326,11411,1,Y,Yes,12,3,3,80,3,4,3,2,4,2,1,2
42,No,Travel_Frequently,555,Sales,26,3,Marketing,1,404,3,Female,77,3,4,Sales Executive,2,Married,13525,14864,5,Y,No,14,3,4,80,1,23,2,4,20,4,4,8
18,Yes,Travel_Rarely,230,Research & Development,3,3,Life Sciences,1,405,3,Male,54,3,1,Laboratory Technician,3,Single,1420,25233,1,Y,No,13,3,3,80,0,0,2,3,0,0,0,0
35,No,Travel_Rarely,1232,Sales,16,3,Marketing,1,406,3,Male,96,3,3,Sales Executive,2,Married,8020,5100,0,Y,No,15,3,3,80,2,12,3,2,11,9,6,9
36,No,Travel_Frequently,566,Research & Development,18,4,Life Sciences,1,407,3,Male,81,4,1,Laboratory Technician,4,Married,3688,7122,4,Y,No,18,3,4,80,2,4,2,3,1,0,0,0
51,No,Travel_Rarely,1302,Research & Development,2,3,Medical,1,408,4,Male,84,1,2,Manufacturing Director,2,Divorced,5482,16321,5,Y,No,18,3,4,80,1,13,3,3,4,1,1,2
41,No,Travel_Rarely,334,Sales,2,4,Life Sciences,1,410,4,Male,88,3,4,Manager,2,Single,16015,15896,1,Y,No,19,3,2,80,0,22,2,3,22,10,0,4
18,No,Travel_Rarely,812,Sales,10,3,Medical,1,411,4,Female,69,2,1,Sales Representative,3,Single,1200,9724,1,Y,No,12,3,1,80,0,0,2,3,0,0,0,0
28,No,Travel_Rarely,1476,Research & Development,16,2,Medical,1,412,2,Male,68,4,2,Healthcare Representative,1,Single,5661,4824,0,Y,No,19,3,3,80,0,9,2,3,8,3,0,7
31,No,Travel_Rarely,218,Sales,7,3,Technical Degree,1,416,2,Male,100,4,2,Sales Executive,4,Married,6929,12241,4,Y,No,11,3,2,80,1,10,3,2,8,7,7,7
39,No,Travel_Rarely,1132,Research & Development,1,3,Medical,1,417,3,Male,48,4,3,Healthcare Representative,4,Divorced,9613,10942,0,Y,No,17,3,1,80,3,19,5,2,18,10,3,7
36,No,Non-Travel,1105,Research & Development,24,4,Life Sciences,1,419,2,Female,47,3,2,Laboratory Technician,2,Married,5674,6927,7,Y,No,15,3,3,80,1,11,3,3,9,8,0,8
32,No,Travel_Rarely,906,Sales,7,3,Life Sciences,1,420,4,Male,91,2,2,Sales Executive,3,Married,5484,16985,1,Y,No,14,3,3,80,1,13,3,2,13,8,4,8
38,No,Travel_Rarely,849,Research & Development,25,2,Life Sciences,1,421,1,Female,81,2,3,Research Director,2,Married,12061,26707,3,Y,No,17,3,3,80,1,19,2,3,10,8,0,1
58,No,Non-Travel,390,Research & Development,1,4,Life Sciences,1,422,4,Male,32,1,2,Healthcare Representative,3,Divorced,5660,17056,2,Y,Yes,13,3,4,80,1,12,2,3,5,3,1,2
31,No,Travel_Rarely,691,Research & Development,5,4,Technical Degree,1,423,3,Male,86,3,1,Research Scientist,4,Married,4821,10077,0,Y,Yes,12,3,3,80,1,6,4,3,5,2,0,3
31,No,Travel_Rarely,106,Human Resources,2,3,Human Resources,1,424,1,Male,62,2,2,Human Resources,1,Married,6410,17822,3,Y,No,12,3,4,80,0,9,1,3,2,2,1,0
45,No,Travel_Frequently,1249,Research & Development,7,3,Life Sciences,1,425,1,Male,97,3,3,Laboratory Technician,1,Divorced,5210,20308,1,Y,No,18,3,1,80,1,24,2,3,24,9,9,11
31,No,Travel_Rarely,192,Research & Development,2,4,Life Sciences,1,426,3,Male,32,3,1,Research Scientist,4,Divorced,2695,7747,0,Y,Yes,18,3,2,80,1,3,2,1,2,2,2,2
33,No,Travel_Frequently,553,Research & Development,5,4,Life Sciences,1,428,4,Female,74,3,3,Manager,2,Married,11878,23364,6,Y,No,11,3,2,80,2,12,2,3,10,6,8,8
39,No,Travel_Rarely,117,Research & Development,10,1,Medical,1,429,3,Male,99,3,4,Manager,1,Married,17068,5355,1,Y,Yes,14,3,4,80,0,21,3,3,21,9,11,10
43,No,Travel_Frequently,185,Research & Development,10,4,Life Sciences,1,430,3,Female,33,3,1,Laboratory Technician,4,Single,2455,10675,0,Y,No,19,3,1,80,0,9,5,3,8,7,1,7
49,No,Travel_Rarely,1091,Research & Development,1,2,Technical Degree,1,431,3,Female,90,2,4,Healthcare Representative,3,Single,13964,17810,7,Y,Yes,12,3,4,80,0,25,2,3,7,1,0,7
52,Yes,Travel_Rarely,723,Research & Development,8,4,Medical,1,433,3,Male,85,2,2,Research Scientist,2,Married,4941,17747,2,Y,No,15,3,1,80,0,11,3,2,8,2,7,7
27,No,Travel_Rarely,1220,Research & Development,5,3,Life Sciences,1,434,3,Female,85,3,1,Research Scientist,2,Single,2478,20938,1,Y,Yes,12,3,2,80,0,4,2,2,4,3,1,2
32,No,Travel_Rarely,588,Sales,8,2,Technical Degree,1,436,3,Female,65,2,2,Sales Executive,2,Married,5228,24624,1,Y,Yes,11,3,4,80,0,13,2,3,13,12,11,9
27,No,Travel_Rarely,1377,Sales,2,3,Life Sciences,1,437,4,Male,74,3,2,Sales Executive,3,Single,4478,5242,1,Y,Yes,11,3,1,80,0,5,3,3,5,4,0,4
31,No,Travel_Rarely,691,Sales,7,3,Marketing,1,438,4,Male,73,3,2,Sales Executive,4,Divorced,7547,7143,4,Y,No,12,3,4,80,3,13,3,3,7,7,1,7
32,No,Travel_Rarely,1018,Research & Development,2,4,Medical,1,439,1,Female,74,4,2,Research Scientist,4,Single,5055,10557,7,Y,No,16,3,3,80,0,10,0,2,7,7,0,7
28,Yes,Travel_Rarely,1157,Research & Development,2,4,Medical,1,440,1,Male,84,1,1,Research Scientist,4,Married,3464,24737,5,Y,Yes,13,3,4,80,0,5,4,2,3,2,2,2
30,No,Travel_Rarely,1275,Research & Development,28,2,Medical,1,441,4,Female,64,3,2,Research Scientist,4,Married,5775,11934,1,Y,No,13,3,4,80,2,11,2,3,10,8,1,9
31,No,Travel_Frequently,798,Research & Development,7,2,Life Sciences,1,442,3,Female,48,2,3,Manufacturing Director,3,Married,8943,14034,1,Y,No,24,4,1,80,1,10,2,3,10,9,8,9
39,No,Travel_Frequently,672,Research & Development,7,2,Medical,1,444,3,Male,54,2,5,Manager,4,Married,19272,21141,1,Y,No,15,3,1,80,1,21,2,3,21,9,13,3
39,Yes,Travel_Rarely,1162,Sales,3,2,Medical,1,445,4,Female,41,3,2,Sales Executive,3,Married,5238,17778,4,Y,Yes,18,3,1,80,0,12,3,2,1,0,0,0
33,No,Travel_Frequently,508,Sales,10,3,Marketing,1,446,2,Male,46,2,2,Sales Executive,4,Single,4682,4317,3,Y,No,14,3,3,80,0,9,6,2,7,7,0,1
47,No,Travel_Rarely,1482,Research & Development,5,5,Life Sciences,1,447,4,Male,42,3,5,Research Director,3,Married,18300,16375,4,Y,No,11,3,2,80,1,21,2,3,3,2,1,1
43,No,Travel_Frequently,559,Research & Development,10,4,Life Sciences,1,448,3,Female,82,2,2,Laboratory Technician,3,Divorced,5257,6227,1,Y,No,11,3,2,80,1,9,3,4,9,7,0,0
27,No,Non-Travel,210,Sales,1,1,Marketing,1,449,3,Male,73,3,2,Sales Executive,2,Married,6349,22107,0,Y,Yes,13,3,4,80,1,6,0,3,5,4,1,4
54,No,Travel_Frequently,928,Research & Development,20,4,Life Sciences,1,450,4,Female,31,3,2,Research Scientist,3,Single,4869,16885,3,Y,No,12,3,4,80,0,20,4,2,4,3,0,3
43,No,Travel_Rarely,1001,Research & Development,7,3,Life Sciences,1,451,3,Female,43,3,3,Healthcare Representative,1,Married,9985,9262,8,Y,No,16,3,1,80,1,10,1,2,1,0,0,0
45,No,Travel_Rarely,549,Research & Development,8,4,Other,1,452,4,Male,75,3,2,Research Scientist,4,Married,3697,9278,9,Y,No,14,3,1,80,2,12,3,3,10,9,9,8
40,No,Travel_Rarely,1124,Sales,1,2,Medical,1,453,2,Male,57,1,2,Sales Executive,4,Married,7457,13273,2,Y,Yes,22,4,3,80,3,6,2,2,4,3,0,2
29,Yes,Travel_Rarely,318,Research & Development,8,4,Other,1,454,2,Male,77,1,1,Laboratory Technician,1,Married,2119,4759,1,Y,Yes,11,3,4,80,0,7,4,2,7,7,0,7
29,No,Travel_Rarely,738,Research & Development,9,5,Other,1,455,2,Male,30,2,1,Laboratory Technician,4,Single,3983,7621,0,Y,No,17,3,3,80,0,4,2,3,3,2,2,2
30,No,Travel_Rarely,570,Sales,5,3,Marketing,1,456,4,Female,30,2,2,Sales Executive,3,Divorced,6118,5431,1,Y,No,13,3,3,80,3,10,2,3,10,9,1,2
27,No,Travel_Rarely,1130,Sales,8,4,Marketing,1,458,2,Female,56,3,2,Sales Executive,2,Married,6214,3415,1,Y,No,18,3,1,80,1,8,3,3,8,7,0,7
37,No,Travel_Rarely,1192,Research & Development,5,2,Medical,1,460,4,Male,61,3,2,Manufacturing Director,4,Divorced,6347,23177,7,Y,No,16,3,3,80,2,8,2,2,6,2,0,4
38,No,Travel_Rarely,343,Research & Development,15,2,Life Sciences,1,461,3,Male,92,2,3,Research Director,4,Divorced,11510,15682,0,Y,Yes,14,3,2,80,1,12,3,3,11,10,2,9
31,No,Travel_Rarely,1232,Research & Development,7,4,Medical,1,462,3,Female,39,3,3,Manufacturing Director,4,Single,7143,25713,1,Y,Yes,14,3,3,80,0,11,2,2,11,9,4,10
29,No,Travel_Rarely,144,Sales,10,1,Marketing,1,463,4,Female,39,2,2,Sales Executive,2,Divorced,8268,11866,1,Y,Yes,14,3,1,80,2,7,2,3,7,7,1,7
35,No,Travel_Rarely,1296,Research & Development,5,4,Technical Degree,1,464,3,Male,62,3,3,Manufacturing Director,2,Single,8095,18264,0,Y,No,13,3,4,80,0,17,5,3,16,6,0,13
23,No,Travel_Rarely,1309,Research & Development,26,1,Life Sciences,1,465,3,Male,83,3,1,Research Scientist,4,Divorced,2904,16092,1,Y,No,12,3,3,80,2,4,2,2,4,2,0,2
41,No,Travel_Rarely,483,Research & Development,6,3,Medical,1,466,4,Male,95,2,2,Manufacturing Director,2,Single,6032,10110,6,Y,Yes,15,3,4,80,0,8,3,3,5,4,1,2
47,No,Travel_Frequently,1309,Sales,4,1,Medical,1,467,2,Male,99,3,2,Sales Representative,3,Single,2976,25751,3,Y,No,19,3,1,80,0,5,3,3,0,0,0,0
42,No,Travel_Rarely,810,Research & Development,23,5,Life Sciences,1,468,1,Female,44,3,4,Research Director,4,Single,15992,15901,2,Y,No,14,3,2,80,0,16,2,3,1,0,0,0
29,No,Non-Travel,746,Sales,2,3,Life Sciences,1,469,4,Male,61,3,2,Sales Executive,3,Married,4649,16928,1,Y,No,14,3,1,80,1,4,3,2,4,3,0,2
42,No,Travel_Rarely,544,Human Resources,2,1,Technical Degree,1,470,3,Male,52,3,1,Human Resources,3,Divorced,2696,24017,0,Y,Yes,11,3,3,80,1,4,5,3,3,2,1,0
32,No,Travel_Rarely,1062,Research & Development,2,3,Medical,1,471,3,Female,75,3,1,Laboratory Technician,2,Married,2370,3956,1,Y,No,13,3,3,80,1,8,4,3,8,0,0,7
48,No,Travel_Rarely,530,Sales,29,1,Medical,1,473,1,Female,91,3,3,Manager,3,Married,12504,23978,3,Y,No,21,4,2,80,1,15,3,1,0,0,0,0
37,No,Travel_Rarely,1319,Research & Development,6,3,Medical,1,474,3,Male,51,4,2,Research Scientist,1,Divorced,5974,17001,4,Y,Yes,13,3,1,80,2,13,2,3,7,7,6,7
30,No,Non-Travel,641,Sales,25,2,Technical Degree,1,475,4,Female,85,3,2,Sales Executive,3,Married,4736,6069,7,Y,Yes,12,3,2,80,1,4,2,4,2,2,2,2
26,No,Travel_Rarely,933,Sales,1,3,Life Sciences,1,476,3,Male,57,3,2,Sales Executive,3,Married,5296,20156,1,Y,No,17,3,2,80,1,8,3,3,8,7,7,7
42,No,Travel_Rarely,1332,Research & Development,2,4,Other,1,477,1,Male,98,2,2,Healthcare Representative,4,Single,6781,17078,3,Y,No,23,4,2,80,0,14,6,3,1,0,0,0
21,Yes,Travel_Frequently,756,Sales,1,1,Technical Degree,1,478,1,Female,99,2,1,Sales Representative,2,Single,2174,9150,1,Y,Yes,11,3,3,80,0,3,3,3,3,2,1,2
36,No,Non-Travel,845,Sales,1,5,Medical,1,479,4,Female,45,3,2,Sales Executive,4,Single,6653,15276,4,Y,No,15,3,2,80,0,7,6,3,1,0,0,0
36,No,Travel_Frequently,541,Sales,3,4,Medical,1,481,1,Male,48,2,3,Sales Executive,4,Married,9699,7246,4,Y,No,11,3,1,80,1,16,2,3,13,9,1,12
57,No,Travel_Rarely,593,Research & Development,1,4,Medical,1,482,4,Male,88,3,2,Healthcare Representative,3,Married,6755,2967,2,Y,No,11,3,3,80,0,15,2,3,3,2,1,2
40,No,Travel_Rarely,1171,Research & Development,10,4,Life Sciences,1,483,4,Female,46,4,1,Laboratory Technician,3,Married,2213,22495,3,Y,Yes,13,3,3,80,1,10,3,3,7,7,1,7
21,No,Non-Travel,895,Sales,9,2,Medical,1,484,1,Male,39,3,1,Sales Representative,4,Single,2610,2851,1,Y,No,24,4,3,80,0,3,3,2,3,2,2,2
33,Yes,Travel_Rarely,350,Sales,5,3,Marketing,1,485,4,Female,34,3,1,Sales Representative,3,Single,2851,9150,1,Y,Yes,13,3,2,80,0,1,2,3,1,0,0,0
37,No,Travel_Rarely,921,Research & Development,10,3,Medical,1,486,3,Female,98,3,1,Laboratory Technician,1,Married,3452,17663,6,Y,No,20,4,2,80,1,17,3,3,5,4,0,3
46,No,Non-Travel,1144,Research & Development,7,4,Medical,1,487,3,Female,30,3,2,Manufacturing Director,3,Married,5258,16044,2,Y,No,14,3,3,80,0,7,2,4,1,0,0,0
41,Yes,Travel_Frequently,143,Sales,4,3,Marketing,1,488,1,Male,56,3,2,Sales Executive,2,Single,9355,9558,1,Y,No,18,3,3,80,0,8,5,3,8,7,7,7
50,No,Travel_Rarely,1046,Research & Development,10,3,Technical Degree,1,491,4,Male,100,2,3,Healthcare Representative,4,Single,10496,2755,6,Y,No,15,3,4,80,0,20,2,3,4,3,1,3
40,Yes,Travel_Rarely,575,Sales,22,2,Marketing,1,492,3,Male,68,2,2,Sales Executive,3,Married,6380,6110,2,Y,Yes,12,3,1,80,2,8,6,3,6,4,1,0
31,No,Travel_Rarely,408,Research & Development,9,4,Life Sciences,1,493,3,Male,42,2,1,Research Scientist,2,Single,2657,7551,0,Y,Yes,16,3,4,80,0,3,5,3,2,2,2,2
21,Yes,Travel_Rarely,156,Sales,12,3,Life Sciences,1,494,3,Female,90,4,1,Sales Representative,2,Single,2716,25422,1,Y,No,15,3,4,80,0,1,0,3,1,0,0,0
29,No,Travel_Rarely,1283,Research & Development,23,3,Life Sciences,1,495,4,Male,54,3,1,Research Scientist,4,Single,2201,18168,9,Y,No,16,3,4,80,0,6,4,3,3,2,1,2
35,No,Travel_Rarely,755,Research & Development,9,4,Life Sciences,1,496,3,Male,97,2,2,Healthcare Representative,2,Single,6540,19394,9,Y,No,19,3,3,80,0,10,5,3,1,1,0,0
27,No,Travel_Rarely,1469,Research & Development,1,2,Medical,1,497,4,Male,82,3,1,Laboratory Technician,2,Divorced,3816,17881,1,Y,No,11,3,2,80,1,5,2,3,5,2,0,4
28,No,Travel_Rarely,304,Sales,9,4,Life Sciences,1,498,2,Male,92,3,2,Sales Executive,4,Single,5253,20750,1,Y,No,16,3,4,80,0,7,1,3,7,5,0,7
49,No,Travel_Rarely,1261,Research & Development,7,3,Other,1,499,2,Male,31,2,3,Healthcare Representative,3,Single,10965,12066,8,Y,No,24,4,3,80,0,26,2,3,5,2,0,0
51,No,Travel_Rarely,1178,Sales,14,2,Life Sciences,1,500,3,Female,87,3,2,Sales Executive,4,Married,4936,14862,4,Y,No,11,3,3,80,1,18,2,2,7,7,0,7
36,No,Travel_Rarely,329,Research & Development,2,3,Life Sciences,1,501,4,Female,96,3,1,Research Scientist,3,Married,2543,11868,4,Y,No,13,3,2,80,1,6,3,3,2,2,2,2
34,Yes,Non-Travel,1362,Sales,19,3,Marketing,1,502,1,Male,67,4,2,Sales Executive,4,Single,5304,4652,8,Y,Yes,13,3,2,80,0,9,3,2,5,2,0,4
55,No,Travel_Rarely,1311,Research & Development,2,3,Life Sciences,1,505,3,Female,97,3,4,Manager,4,Single,16659,23258,2,Y,Yes,13,3,3,80,0,30,2,3,5,4,1,2
24,No,Travel_Rarely,1371,Sales,10,4,Marketing,1,507,4,Female,77,3,2,Sales Executive,3,Divorced,4260,5915,1,Y,Yes,12,3,4,80,1,5,2,4,5,2,0,3
30,No,Travel_Rarely,202,Sales,2,1,Technical Degree,1,508,3,Male,72,3,1,Sales Representative,2,Married,2476,17434,1,Y,No,18,3,1,80,1,1,3,3,1,0,0,0
26,Yes,Travel_Frequently,575,Research & Development,3,1,Technical Degree,1,510,3,Male,73,3,1,Research Scientist,1,Single,3102,6582,0,Y,No,22,4,3,80,0,7,2,3,6,4,0,4
22,No,Travel_Rarely,253,Research & Development,11,3,Medical,1,511,1,Female,43,3,1,Research Scientist,2,Married,2244,24440,1,Y,No,13,3,4,80,1,2,1,3,2,1,1,2
36,No,Travel_Rarely,164,Sales,2,2,Medical,1,513,2,Male,61,2,3,Sales Executive,3,Married,7596,3809,1,Y,No,13,3,2,80,2,10,2,3,10,9,9,0
30,Yes,Travel_Frequently,464,Research & Development,4,3,Technical Degree,1,514,3,Male,40,3,1,Research Scientist,4,Single,2285,3427,9,Y,Yes,23,4,3,80,0,3,4,3,1,0,0,0
37,No,Travel_Rarely,1107,Research & Development,14,3,Life Sciences,1,515,4,Female,95,3,1,Laboratory Technician,1,Divorced,3034,26914,1,Y,No,12,3,3,80,1,18,2,2,18,7,12,17
40,No,Travel_Rarely,759,Sales,2,2,Marketing,1,516,4,Female,46,3,2,Sales Executive,2,Divorced,5715,22553,7,Y,No,12,3,3,80,2,8,5,3,5,4,1,3
42,No,Travel_Rarely,201,Research & Development,1,4,Life Sciences,1,517,2,Female,95,3,1,Laboratory Technician,1,Divorced,2576,20490,3,Y,No,16,3,2,80,1,8,5,3,5,2,1,2
37,No,Travel_Rarely,1305,Research & Development,10,4,Life Sciences,1,518,3,Male,49,3,2,Manufacturing Director,2,Single,4197,21123,2,Y,Yes,12,3,4,80,0,18,2,2,1,0,0,1
43,No,Travel_Rarely,982,Research & Development,12,3,Life Sciences,1,520,1,Male,59,2,4,Research Director,2,Divorced,14336,4345,1,Y,No,11,3,3,80,1,25,3,3,25,10,3,9
40,No,Travel_Rarely,555,Research & Development,2,3,Medical,1,521,2,Female,78,2,2,Laboratory Technician,3,Married,3448,13436,6,Y,No,22,4,2,80,1,20,3,3,1,0,0,0
54,No,Travel_Rarely,821,Research & Development,5,2,Medical,1,522,1,Male,86,3,5,Research Director,1,Married,19406,8509,4,Y,No,11,3,3,80,1,24,4,2,4,2,1,2
34,No,Non-Travel,1381,Sales,4,4,Marketing,1,523,3,Female,72,3,2,Sales Executive,3,Married,6538,12740,9,Y,No,15,3,1,80,1,6,3,3,3,2,1,2
31,No,Travel_Rarely,480,Research & Development,7,2,Medical,1,524,2,Female,31,3,2,Manufacturing Director,1,Married,4306,4156,1,Y,No,12,3,2,80,1,13,5,1,13,10,3,12
43,No,Travel_Frequently,313,Research & Development,21,3,Medical,1,525,4,Male,61,3,1,Laboratory Technician,4,Married,2258,15238,7,Y,No,20,4,1,80,1,8,1,3,3,2,1,2
43,No,Travel_Rarely,1473,Research & Development,8,4,Other,1,526,3,Female,74,3,2,Healthcare Representative,3,Divorced,4522,2227,4,Y,Yes,14,3,4,80,0,8,3,3,5,2,0,2
25,No,Travel_Rarely,891,Sales,4,2,Life Sciences,1,527,2,Female,99,2,2,Sales Executive,4,Single,4487,12090,1,Y,Yes,11,3,2,80,0,5,3,3,5,4,1,3
37,No,Non-Travel,1063,Research & Development,25,5,Medical,1,529,2,Female,72,3,2,Research Scientist,3,Married,4449,23866,3,Y,Yes,15,3,1,80,2,15,2,3,13,11,10,7
31,No,Travel_Rarely,329,Research & Development,1,2,Life Sciences,1,530,4,Male,98,2,1,Laboratory Technician,1,Married,2218,16193,1,Y,No,12,3,3,80,1,4,3,3,4,2,3,2
39,No,Travel_Frequently,1218,Research & Development,1,1,Life Sciences,1,531,2,Male,52,3,5,Manager,3,Divorced,19197,8213,1,Y,Yes,14,3,3,80,1,21,3,3,21,8,1,6
56,No,Travel_Frequently,906,Sales,6,3,Life Sciences,1,532,3,Female,86,4,4,Sales Executive,1,Married,13212,18256,9,Y,No,11,3,4,80,3,36,0,2,7,7,7,7
30,No,Travel_Rarely,1082,Sales,12,3,Technical Degree,1,533,2,Female,83,3,2,Sales Executive,3,Single,6577,19558,0,Y,No,11,3,2,80,0,6,6,3,5,4,4,4
41,No,Travel_Rarely,645,Sales,1,3,Marketing,1,534,2,Male,49,4,3,Sales Executive,1,Married,8392,19566,1,Y,No,16,3,3,80,1,10,2,3,10,7,0,7
28,No,Travel_Rarely,1300,Research & Development,17,2,Medical,1,536,3,Male,79,3,2,Laboratory Technician,1,Divorced,4558,13535,1,Y,No,12,3,4,80,1,10,2,3,10,0,1,8
25,Yes,Travel_Rarely,688,Research & Development,3,3,Medical,1,538,1,Male,91,3,1,Laboratory Technician,1,Married,4031,9396,5,Y,No,13,3,3,80,1,6,5,3,2,2,0,2
52,No,Travel_Rarely,319,Research & Development,3,3,Medical,1,543,4,Male,39,2,3,Manufacturing Director,3,Married,7969,19609,2,Y,Yes,14,3,3,80,0,28,4,3,5,4,0,4
45,No,Travel_Rarely,192,Research & Development,10,2,Life Sciences,1,544,1,Male,69,3,1,Research Scientist,4,Married,2654,9655,3,Y,No,21,4,4,80,2,8,3,2,2,2,0,2
52,No,Travel_Rarely,1490,Research & Development,4,2,Life Sciences,1,546,4,Female,30,3,4,Manager,4,Married,16555,10310,2,Y,No,13,3,4,80,0,31,2,1,5,2,1,4
42,No,Travel_Frequently,532,Research & Development,29,2,Life Sciences,1,547,1,Female,92,3,2,Research Scientist,3,Divorced,4556,12932,2,Y,No,11,3,2,80,1,19,3,3,5,4,0,2
30,No,Travel_Rarely,317,Research & Development,2,3,Life Sciences,1,548,3,Female,43,1,2,Manufacturing Director,4,Single,6091,24793,2,Y,No,20,4,3,80,0,11,2,3,5,4,0,2
60,No,Travel_Rarely,422,Research & Development,7,3,Life Sciences,1,549,1,Female,41,3,5,Manager,1,Married,19566,3854,5,Y,No,11,3,4,80,0,33,5,1,29,8,11,10
46,No,Travel_Rarely,1485,Research & Development,18,3,Medical,1,550,3,Female,87,3,2,Manufacturing Director,3,Divorced,4810,26314,2,Y,No,14,3,3,80,1,19,5,2,10,7,0,8
42,No,Travel_Frequently,1368,Research & Development,28,4,Technical Degree,1,551,4,Female,88,2,2,Healthcare Representative,4,Married,4523,4386,0,Y,No,11,3,4,80,3,7,4,4,6,5,0,4
24,Yes,Travel_Rarely,1448,Sales,1,1,Technical Degree,1,554,1,Female,62,3,1,Sales Representative,2,Single,3202,21972,1,Y,Yes,16,3,2,80,0,6,4,3,5,3,1,4
34,Yes,Travel_Frequently,296,Sales,6,2,Marketing,1,555,4,Female,33,1,1,Sales Representative,3,Divorced,2351,12253,0,Y,No,16,3,4,80,1,3,3,2,2,2,1,0
38,No,Travel_Frequently,1490,Research & Development,2,2,Life Sciences,1,556,4,Male,42,3,1,Laboratory Technician,4,Married,1702,12106,1,Y,Yes,23,4,3,80,1,1,3,3,1,0,0,0
40,No,Travel_Rarely,1398,Sales,2,4,Life Sciences,1,558,3,Female,79,3,5,Manager,3,Married,18041,13022,0,Y,No,14,3,4,80,0,21,2,3,20,15,1,12
26,No,Travel_Rarely,1349,Research & Development,23,3,Life Sciences,1,560,1,Female,90,3,1,Research Scientist,4,Divorced,2886,3032,1,Y,No,22,4,2,80,2,3,3,1,3,2,0,2
30,No,Non-Travel,1400,Research & Development,3,3,Life Sciences,1,562,3,Male,53,3,1,Laboratory Technician,4,Married,2097,16734,4,Y,No,15,3,3,80,1,9,3,1,5,3,1,4
29,No,Travel_Rarely,986,Research & Development,3,4,Medical,1,564,2,Male,93,2,3,Research Director,3,Married,11935,21526,1,Y,No,18,3,3,80,0,10,2,3,10,2,0,7
29,Yes,Travel_Rarely,408,Research & Development,25,5,Technical Degree,1,565,3,Female,71,2,1,Research Scientist,2,Married,2546,18300,5,Y,No,16,3,2,80,0,6,2,4,2,2,1,1
19,Yes,Travel_Rarely,489,Human Resources,2,2,Technical Degree,1,566,1,Male,52,2,1,Human Resources,4,Single,2564,18437,1,Y,No,12,3,3,80,0,1,3,4,1,0,0,0
30,No,Non-Travel,1398,Sales,22,4,Other,1,567,3,Female,69,3,3,Sales Executive,1,Married,8412,2890,0,Y,No,11,3,3,80,0,10,3,3,9,8,7,8
57,No,Travel_Rarely,210,Sales,29,3,Marketing,1,568,1,Male,56,2,4,Manager,4,Divorced,14118,22102,3,Y,No,12,3,3,80,1,32,3,2,1,0,0,0
50,No,Travel_Rarely,1099,Research & Development,29,4,Life Sciences,1,569,2,Male,88,2,4,Manager,3,Married,17046,9314,0,Y,No,15,3,2,80,1,28,2,3,27,10,15,7
30,No,Non-Travel,1116,Research & Development,2,3,Medical,1,571,3,Female,49,3,1,Laboratory Technician,4,Single,2564,7181,0,Y,No,14,3,3,80,0,12,2,2,11,7,6,7
60,No,Travel_Frequently,1499,Sales,28,3,Marketing,1,573,3,Female,80,2,3,Sales Executive,1,Married,10266,2845,4,Y,No,19,3,4,80,0,22,5,4,18,13,13,11
47,No,Travel_Rarely,983,Research & Development,2,2,Medical,1,574,1,Female,65,3,2,Manufacturing Director,4,Divorced,5070,7389,5,Y,No,13,3,3,80,3,20,2,3,5,0,0,4
46,No,Travel_Rarely,1009,Research & Development,2,3,Life Sciences,1,575,1,Male,51,3,4,Research Director,3,Married,17861,2288,6,Y,No,13,3,3,80,0,26,2,1,3,2,0,1
35,No,Travel_Rarely,144,Research & Development,22,3,Life Sciences,1,577,4,Male,46,1,1,Laboratory Technician,3,Single,4230,19225,0,Y,No,15,3,3,80,0,6,2,3,5,4,4,3
54,No,Travel_Rarely,548,Research & Development,8,4,Life Sciences,1,578,3,Female,42,3,2,Laboratory Technician,3,Single,3780,23428,7,Y,No,11,3,3,80,0,19,3,3,1,0,0,0
34,No,Travel_Rarely,1303,Research & Development,2,4,Life Sciences,1,579,4,Male,62,2,1,Research Scientist,3,Divorced,2768,8416,3,Y,No,12,3,3,80,1,14,3,3,7,3,5,7
46,No,Travel_Rarely,1125,Sales,10,3,Marketing,1,580,3,Female,94,2,3,Sales Executive,4,Married,9071,11563,2,Y,Yes,19,3,3,80,1,15,3,3,3,2,1,2
31,No,Travel_Rarely,1274,Research & Development,9,1,Life Sciences,1,581,3,Male,33,3,3,Manufacturing Director,2,Divorced,10648,14394,1,Y,No,25,4,4,80,1,13,6,4,13,8,0,8
33,Yes,Travel_Rarely,1277,Research & Development,15,1,Medical,1,582,2,Male,56,3,3,Manager,3,Married,13610,24619,7,Y,Yes,12,3,4,80,0,15,2,4,7,6,7,7
33,Yes,Travel_Rarely,587,Research & Development,10,1,Medical,1,584,1,Male,38,1,1,Laboratory Technician,4,Divorced,3408,6705,7,Y,No,13,3,1,80,3,8,2,3,4,3,1,3
30,No,Travel_Rarely,413,Sales,7,1,Marketing,1,585,4,Male,57,3,1,Sales Representative,2,Single,2983,18398,0,Y,No,14,3,1,80,0,4,3,3,3,2,1,2
35,No,Travel_Rarely,1276,Research & Development,16,3,Life Sciences,1,586,4,Male,72,3,3,Healthcare Representative,3,Married,7632,14295,4,Y,Yes,12,3,3,80,0,10,2,3,8,7,0,0
31,Yes,Travel_Frequently,534,Research & Development,20,3,Life Sciences,1,587,1,Male,66,3,3,Healthcare Representative,3,Married,9824,22908,3,Y,No,12,3,1,80,0,12,2,3,1,0,0,0
34,Yes,Travel_Frequently,988,Human Resources,23,3,Human Resources,1,590,2,Female,43,3,3,Human Resources,1,Divorced,9950,11533,9,Y,Yes,15,3,3,80,3,11,2,3,3,2,0,2
42,No,Travel_Frequently,1474,Research & Development,5,2,Other,1,591,2,Male,97,3,1,Laboratory Technician,3,Married,2093,9260,4,Y,No,17,3,4,80,1,8,4,3,2,2,2,0
36,No,Non-Travel,635,Sales,10,4,Medical,1,592,2,Male,32,3,3,Sales Executive,4,Single,9980,15318,1,Y,No,14,3,4,80,0,10,3,2,10,3,9,7
22,Yes,Travel_Frequently,1368,Research & Development,4,1,Technical Degree,1,593,3,Male,99,2,1,Laboratory Technician,3,Single,3894,9129,5,Y,No,16,3,3,80,0,4,3,3,2,2,1,2
48,No,Travel_Rarely,163,Sales,2,5,Marketing,1,595,2,Female,37,3,2,Sales Executive,4,Married,4051,19658,2,Y,No,14,3,1,80,1,14,2,3,9,7,6,7
55,No,Travel_Rarely,1117,Sales,18,5,Life Sciences,1,597,1,Female,83,3,4,Manager,2,Single,16835,9873,3,Y,No,23,4,4,80,0,37,2,3,10,9,7,7
41,No,Non-Travel,267,Sales,10,2,Life Sciences,1,599,4,Male,56,3,2,Sales Executive,4,Single,6230,13430,7,Y,No,14,3,4,80,0,16,3,3,14,3,1,10
35,No,Travel_Rarely,619,Sales,1,3,Marketing,1,600,2,Male,85,3,2,Sales Executive,3,Married,4717,18659,9,Y,No,11,3,3,80,0,15,2,3,11,9,6,9
40,No,Travel_Rarely,302,Research & Development,6,3,Life Sciences,1,601,2,Female,75,3,4,Manufacturing Director,3,Single,13237,20364,7,Y,No,15,3,3,80,0,22,3,3,20,6,5,13
39,No,Travel_Frequently,443,Research & Development,8,1,Life Sciences,1,602,3,Female,48,3,1,Laboratory Technician,3,Married,3755,17872,1,Y,No,11,3,1,80,1,8,3,3,8,3,0,7
31,No,Travel_Rarely,828,Sales,2,1,Life Sciences,1,604,2,Male,77,3,2,Sales Executive,4,Single,6582,8346,4,Y,Yes,13,3,3,80,0,10,2,4,6,5,0,5
42,No,Travel_Rarely,319,Research & Development,24,3,Medical,1,605,4,Male,56,3,3,Manufacturing Director,1,Married,7406,6950,1,Y,Yes,21,4,4,80,1,10,5,2,10,9,5,8
45,No,Travel_Rarely,561,Sales,2,3,Other,1,606,4,Male,61,3,2,Sales Executive,2,Married,4805,16177,0,Y,No,19,3,2,80,1,9,3,4,8,7,3,7
26,Yes,Travel_Frequently,426,Human Resources,17,4,Life Sciences,1,608,2,Female,58,3,1,Human Resources,3,Divorced,2741,22808,0,Y,Yes,11,3,2,80,1,8,2,2,7,7,1,0
29,No,Travel_Rarely,232,Research & Development,19,3,Technical Degree,1,611,4,Male,34,3,2,Manufacturing Director,4,Divorced,4262,22645,4,Y,No,12,3,2,80,2,8,2,4,3,2,1,2
33,No,Travel_Rarely,922,Research & Development,1,5,Medical,1,612,1,Female,95,4,4,Research Director,3,Divorced,16184,22578,4,Y,No,19,3,3,80,1,10,2,3,6,1,0,5
31,No,Travel_Rarely,688,Sales,7,3,Life Sciences,1,613,3,Male,44,2,3,Manager,4,Divorced,11557,25291,9,Y,No,21,4,3,80,1,10,3,2,5,4,0,1
18,Yes,Travel_Frequently,1306,Sales,5,3,Marketing,1,614,2,Male,69,3,1,Sales Representative,2,Single,1878,8059,1,Y,Yes,14,3,4,80,0,0,3,3,0,0,0,0
40,No,Non-Travel,1094,Sales,28,3,Other,1,615,3,Male,58,1,3,Sales Executive,1,Divorced,10932,11373,3,Y,No,15,3,3,80,1,20,2,3,1,0,0,1
41,No,Non-Travel,509,Research & Development,2,4,Other,1,616,1,Female,62,2,2,Healthcare Representative,3,Single,6811,2112,2,Y,Yes,17,3,1,80,0,10,3,3,8,7,0,7
26,No,Travel_Rarely,775,Sales,29,2,Medical,1,618,1,Male,45,3,2,Sales Executive,3,Divorced,4306,4267,5,Y,No,12,3,1,80,2,8,5,3,0,0,0,0
35,No,Travel_Rarely,195,Sales,1,3,Medical,1,620,1,Female,80,3,2,Sales Executive,3,Single,4859,6698,1,Y,No,16,3,4,80,0,5,3,3,5,4,0,3
34,No,Travel_Rarely,258,Sales,21,4,Life Sciences,1,621,4,Male,74,4,2,Sales Executive,4,Single,5337,19921,1,Y,No,12,3,4,80,0,10,3,3,10,7,5,7
26,Yes,Travel_Rarely,471,Research & Development,24,3,Technical Degree,1,622,3,Male,66,1,1,Laboratory Technician,4,Single,2340,23213,1,Y,Yes,18,3,2,80,0,1,3,1,1,0,0,0
37,No,Travel_Rarely,799,Research & Development,1,3,Technical Degree,1,623,2,Female,59,3,3,Manufacturing Director,4,Single,7491,23848,4,Y,No,17,3,4,80,0,12,3,4,6,5,1,2
46,No,Travel_Frequently,1034,Research & Development,18,1,Medical,1,624,1,Female,86,3,3,Healthcare Representative,3,Married,10527,8984,5,Y,No,11,3,4,80,0,28,3,2,2,2,1,2
41,No,Travel_Rarely,1276,Sales,2,5,Life Sciences,1,625,2,Female,91,3,4,Manager,1,Married,16595,5626,7,Y,No,16,3,2,80,1,22,2,3,18,16,11,8
37,No,Non-Travel,142,Sales,9,4,Medical,1,626,1,Male,69,3,3,Sales Executive,2,Divorced,8834,24666,1,Y,No,13,3,4,80,1,9,6,3,9,5,7,7
52,No,Travel_Rarely,956,Research & Development,6,2,Technical Degree,1,630,4,Male,78,3,2,Research Scientist,1,Divorced,5577,22087,3,Y,Yes,12,3,2,80,2,18,3,3,10,9,6,9
32,Yes,Non-Travel,1474,Sales,11,4,Other,1,631,4,Male,60,4,2,Sales Executive,3,Married,4707,23914,8,Y,No,12,3,4,80,0,6,2,3,4,2,1,2
24,No,Travel_Frequently,535,Sales,24,3,Medical,1,632,4,Male,38,3,1,Sales Representative,4,Married,2400,5530,0,Y,No,13,3,3,80,2,3,3,3,2,2,2,1
38,No,Travel_Rarely,1495,Research & Development,10,3,Medical,1,634,3,Female,76,3,2,Healthcare Representative,3,Married,9824,22174,3,Y,No,19,3,3,80,1,18,4,3,1,0,0,0
37,No,Travel_Rarely,446,Research & Development,1,4,Life Sciences,1,635,2,Female,65,3,2,Manufacturing Director,2,Married,6447,15701,6,Y,No,12,3,2,80,1,8,2,2,6,5,4,3
49,No,Travel_Rarely,1245,Research & Development,18,4,Life Sciences,1,638,4,Male,58,2,5,Research Director,3,Divorced,19502,2125,1,Y,Yes,17,3,3,80,1,31,5,3,31,9,0,9
24,No,Travel_Rarely,691,Research & Development,23,3,Medical,1,639,2,Male,89,4,1,Research Scientist,4,Married,2725,21630,1,Y,Yes,11,3,2,80,2,6,3,3,6,5,1,4
26,No,Travel_Rarely,703,Sales,28,2,Marketing,1,641,1,Male,66,3,2,Sales Executive,2,Married,6272,7428,1,Y,No,20,4,4,80,2,6,5,4,5,3,1,4
24,No,Travel_Rarely,823,Research & Development,17,2,Other,1,643,4,Male,94,2,1,Laboratory Technician,2,Married,2127,9100,1,Y,No,21,4,4,80,1,1,2,3,1,0,0,0
50,No,Travel_Frequently,1246,Human Resources,3,3,Medical,1,644,1,Male,99,3,5,Manager,2,Married,18200,7999,1,Y,No,11,3,3,80,1,32,2,3,32,5,10,7
25,No,Travel_Rarely,622,Sales,13,1,Medical,1,645,2,Male,40,3,1,Sales Representative,3,Married,2096,26376,1,Y,No,11,3,3,80,0,7,1,3,7,4,0,6
24,Yes,Travel_Frequently,1287,Research & Development,7,3,Life Sciences,1,647,1,Female,55,3,1,Laboratory Technician,3,Married,2886,14168,1,Y,Yes,16,3,4,80,1,6,4,3,6,3,1,2
30,Yes,Travel_Frequently,448,Sales,12,4,Life Sciences,1,648,2,Male,74,2,1,Sales Representative,1,Married,2033,14470,1,Y,No,18,3,3,80,1,1,2,4,1,0,0,0
34,No,Travel_Rarely,254,Research & Development,1,2,Life Sciences,1,649,2,Male,83,2,1,Research Scientist,4,Married,3622,22794,1,Y,Yes,13,3,4,80,1,6,3,3,6,5,1,3
31,Yes,Travel_Rarely,1365,Sales,13,4,Medical,1,650,2,Male,46,3,2,Sales Executive,1,Divorced,4233,11512,2,Y,No,17,3,3,80,0,9,2,1,3,1,1,2
35,No,Travel_Rarely,538,Research & Development,25,2,Other,1,652,1,Male,54,2,2,Laboratory Technician,4,Single,3681,14004,4,Y,No,14,3,4,80,0,9,3,3,3,2,0,2
31,No,Travel_Rarely,525,Sales,6,4,Medical,1,653,1,Male,66,4,2,Sales Executive,4,Divorced,5460,6219,4,Y,No,22,4,4,80,2,13,4,4,7,7,5,7
27,No,Travel_Rarely,798,Research & Development,6,4,Medical,1,655,1,Female,66,2,1,Research Scientist,3,Divorced,2187,5013,0,Y,No,12,3,3,80,2,6,5,2,5,3,0,3
37,No,Travel_Rarely,558,Sales,2,3,Marketing,1,656,4,Male,75,3,2,Sales Executive,3,Married,9602,3010,4,Y,Yes,11,3,3,80,1,17,3,2,3,0,1,0
20,No,Travel_Rarely,959,Research & Development,1,3,Life Sciences,1,657,4,Female,83,2,1,Research Scientist,2,Single,2836,11757,1,Y,No,13,3,4,80,0,1,0,4,1,0,0,0
42,No,Travel_Rarely,622,Research & Development,2,4,Life Sciences,1,659,3,Female,81,3,2,Healthcare Representative,4,Married,4089,5718,1,Y,No,13,3,2,80,2,10,4,3,10,2,2,2
43,No,Travel_Rarely,782,Research & Development,6,4,Other,1,661,2,Male,50,2,4,Research Director,4,Divorced,16627,2671,4,Y,Yes,14,3,3,80,1,21,3,2,1,0,0,0
38,No,Travel_Rarely,362,Research & Development,1,1,Life Sciences,1,662,3,Female,43,3,1,Research Scientist,1,Single,2619,14561,3,Y,No,17,3,4,80,0,8,3,2,0,0,0,0
43,No,Travel_Frequently,1001,Research & Development,9,5,Medical,1,663,4,Male,72,3,2,Laboratory Technician,3,Divorced,5679,19627,3,Y,Yes,13,3,2,80,1,10,3,3,8,7,4,7
48,No,Travel_Rarely,1236,Research & Development,1,4,Life Sciences,1,664,4,Female,40,2,4,Manager,1,Married,15402,17997,7,Y,No,11,3,1,80,1,21,3,1,3,2,0,2
44,No,Travel_Rarely,1112,Human Resources,1,4,Life Sciences,1,665,1,Female,50,2,2,Human Resources,3,Single,5985,26894,4,Y,No,11,3,2,80,0,10,1,4,2,2,0,2
34,No,Travel_Rarely,204,Sales,14,3,Technical Degree,1,666,3,Female,31,3,1,Sales Representative,3,Divorced,2579,2912,1,Y,Yes,18,3,4,80,2,8,3,3,8,2,0,6
27,Yes,Travel_Rarely,1420,Sales,2,1,Marketing,1,667,3,Male,85,3,1,Sales Representative,1,Divorced,3041,16346,0,Y,No,11,3,2,80,1,5,3,3,4,3,0,2
21,No,Travel_Rarely,1343,Sales,22,1,Technical Degree,1,669,3,Male,49,3,1,Sales Representative,3,Single,3447,24444,1,Y,No,11,3,3,80,0,3,2,3,3,2,1,2
44,No,Travel_Rarely,1315,Research & Development,3,4,Other,1,671,4,Male,35,3,5,Manager,4,Married,19513,9358,4,Y,Yes,12,3,1,80,1,26,2,4,2,2,0,1
22,No,Travel_Rarely,604,Research & Development,6,1,Medical,1,675,1,Male,69,3,1,Research Scientist,3,Married,2773,12145,0,Y,No,20,4,4,80,0,3,3,3,2,2,2,2
33,No,Travel_Rarely,1216,Sales,8,4,Marketing,1,677,3,Male,39,3,2,Sales Executive,3,Divorced,7104,20431,0,Y,No,12,3,4,80,0,6,3,3,5,0,1,2
32,No,Travel_Rarely,646,Research & Development,9,4,Life Sciences,1,679,1,Female,92,3,2,Research Scientist,4,Married,6322,18089,1,Y,Yes,12,3,4,80,1,6,2,2,6,4,0,5
30,No,Travel_Frequently,160,Research & Development,3,3,Medical,1,680,3,Female,71,3,1,Research Scientist,3,Divorced,2083,22653,1,Y,No,20,4,3,80,1,1,2,3,1,0,0,0
53,No,Travel_Rarely,238,Sales,1,1,Medical,1,682,4,Female,34,3,2,Sales Executive,1,Single,8381,7507,7,Y,No,20,4,4,80,0,18,2,4,14,7,8,10
34,No,Travel_Rarely,1397,Research & Development,1,5,Life Sciences,1,683,2,Male,42,3,1,Research Scientist,4,Married,2691,7660,1,Y,No,12,3,4,80,1,10,4,2,10,9,8,8
45,Yes,Travel_Frequently,306,Sales,26,4,Life Sciences,1,684,1,Female,100,3,2,Sales Executive,1,Married,4286,5630,2,Y,No,14,3,4,80,2,5,4,3,1,1,0,0
26,No,Travel_Rarely,991,Research & Development,6,3,Life Sciences,1,686,3,Female,71,3,1,Laboratory Technician,4,Married,2659,17759,1,Y,Yes,13,3,3,80,1,3,2,3,3,2,0,2
37,No,Travel_Rarely,482,Research & Development,3,3,Other,1,689,3,Male,36,3,3,Manufacturing Director,3,Married,9434,9606,1,Y,No,15,3,3,80,1,10,2,3,10,7,7,8
29,No,Travel_Rarely,1176,Sales,3,2,Medical,1,690,2,Female,62,3,2,Sales Executive,3,Married,5561,3487,1,Y,No,14,3,1,80,1,6,5,2,6,0,1,2
35,No,Travel_Rarely,1017,Research & Development,6,4,Life Sciences,1,691,2,Male,82,1,2,Research Scientist,4,Single,6646,19368,1,Y,No,13,3,2,80,0,17,3,3,17,11,11,8
33,No,Travel_Frequently,1296,Research & Development,6,3,Life Sciences,1,692,3,Male,30,3,2,Healthcare Representative,4,Divorced,7725,5335,3,Y,No,23,4,3,80,1,15,2,1,13,11,4,7
54,No,Travel_Rarely,397,Human Resources,19,4,Medical,1,698,3,Male,88,3,3,Human Resources,2,Married,10725,6729,2,Y,No,15,3,3,80,1,16,1,4,9,7,7,1
36,No,Travel_Rarely,913,Research & Development,9,2,Medical,1,699,2,Male,48,2,2,Manufacturing Director,2,Divorced,8847,13934,2,Y,Yes,11,3,3,80,1,13,2,3,3,2,0,2
27,No,Travel_Rarely,1115,Research & Development,3,4,Medical,1,700,1,Male,54,2,1,Research Scientist,4,Single,2045,15174,0,Y,No,13,3,4,80,0,5,0,3,4,2,1,1
20,Yes,Travel_Rarely,1362,Research & Development,10,1,Medical,1,701,4,Male,32,3,1,Research Scientist,3,Single,1009,26999,1,Y,Yes,11,3,4,80,0,1,5,3,1,0,1,1
33,Yes,Travel_Frequently,1076,Research & Development,3,3,Life Sciences,1,702,1,Male,70,3,1,Research Scientist,1,Single,3348,3164,1,Y,Yes,11,3,1,80,0,10,3,3,10,8,9,7
35,No,Non-Travel,727,Research & Development,3,3,Life Sciences,1,704,3,Male,41,2,1,Laboratory Technician,3,Married,1281,16900,1,Y,No,18,3,3,80,2,1,3,3,1,0,0,0
23,No,Travel_Rarely,885,Research & Development,4,3,Medical,1,705,1,Male,58,4,1,Research Scientist,1,Married,2819,8544,2,Y,No,16,3,1,80,1,5,3,4,3,2,0,2
25,No,Travel_Rarely,810,Sales,8,3,Life Sciences,1,707,4,Male,57,4,2,Sales Executive,2,Married,4851,15678,0,Y,No,22,4,3,80,1,4,4,3,3,2,1,2
38,No,Travel_Rarely,243,Sales,7,4,Marketing,1,709,4,Female,46,2,2,Sales Executive,4,Single,4028,7791,0,Y,No,20,4,1,80,0,8,2,3,7,7,0,5
29,No,Travel_Frequently,806,Research & Development,1,4,Life Sciences,1,710,2,Male,76,1,1,Research Scientist,4,Divorced,2720,18959,1,Y,No,18,3,4,80,1,10,5,3,10,7,2,8
48,No,Travel_Rarely,817,Sales,2,1,Marketing,1,712,2,Male,56,4,2,Sales Executive,2,Married,8120,18597,3,Y,No,12,3,4,80,0,12,3,3,2,2,2,2
27,No,Travel_Frequently,1410,Sales,3,1,Medical,1,714,4,Female,71,4,2,Sales Executive,4,Divorced,4647,16673,1,Y,Yes,20,4,2,80,2,6,3,3,6,5,0,4
37,No,Travel_Rarely,1225,Research & Development,10,2,Life Sciences,1,715,4,Male,80,4,1,Research Scientist,4,Single,4680,15232,3,Y,No,17,3,1,80,0,4,2,3,1,0,0,0
50,No,Travel_Rarely,1207,Research & Development,28,1,Medical,1,716,4,Male,74,4,1,Laboratory Technician,3,Married,3221,3297,1,Y,Yes,11,3,3,80,3,20,3,3,20,8,3,8
34,No,Travel_Rarely,1442,Research & Development,9,3,Medical,1,717,4,Female,46,2,3,Healthcare Representative,2,Single,8621,17654,1,Y,No,14,3,2,80,0,9,3,4,8,7,7,7
24,Yes,Travel_Rarely,693,Sales,3,2,Life Sciences,1,720,1,Female,65,3,2,Sales Executive,3,Single,4577,24785,9,Y,No,14,3,1,80,0,4,3,3,2,2,2,0
39,No,Travel_Rarely,408,Research & Development,2,4,Technical Degree,1,721,4,Female,80,2,2,Healthcare Representative,3,Single,4553,20978,1,Y,No,11,3,1,80,0,20,4,3,20,7,11,10
32,No,Travel_Rarely,929,Sales,10,3,Marketing,1,722,4,Male,55,3,2,Sales Executive,4,Single,5396,21703,1,Y,No,12,3,4,80,0,10,2,2,10,7,0,8
50,Yes,Travel_Frequently,562,Sales,8,2,Technical Degree,1,723,2,Male,50,3,2,Sales Executive,3,Married,6796,23452,3,Y,Yes,14,3,1,80,1,18,4,3,4,3,1,3
38,No,Travel_Rarely,827,Research & Development,1,4,Life Sciences,1,724,2,Female,33,4,2,Healthcare Representative,4,Single,7625,19383,0,Y,No,13,3,3,80,0,10,4,2,9,7,1,8
27,No,Travel_Rarely,608,Research & Development,1,2,Life Sciences,1,725,3,Female,68,3,3,Manufacturing Director,1,Married,7412,6009,1,Y,No,11,3,4,80,0,9,3,3,9,7,0,7
32,No,Travel_Rarely,1018,Research & Development,3,2,Life Sciences,1,727,3,Female,39,3,3,Research Director,4,Single,11159,19373,3,Y,No,15,3,4,80,0,10,6,3,7,7,7,7
47,No,Travel_Rarely,703,Sales,14,4,Marketing,1,728,4,Male,42,3,2,Sales Executive,1,Single,4960,11825,2,Y,No,12,3,4,80,0,20,2,3,7,7,1,7
40,No,Travel_Frequently,580,Sales,5,4,Life Sciences,1,729,4,Male,48,2,3,Sales Executive,1,Married,10475,23772,5,Y,Yes,21,4,3,80,1,20,2,3,18,13,1,12
53,No,Travel_Rarely,970,Research & Development,7,3,Life Sciences,1,730,3,Male,59,4,4,Research Director,3,Married,14814,13514,3,Y,No,19,3,3,80,0,32,3,3,5,1,1,3
41,No,Travel_Rarely,427,Human Resources,10,4,Human Resources,1,731,2,Male,73,2,5,Manager,4,Divorced,19141,8861,3,Y,No,15,3,2,80,3,23,2,2,21,6,12,6
60,No,Travel_Rarely,1179,Sales,16,4,Marketing,1,732,1,Male,84,3,2,Sales Executive,1,Single,5405,11924,8,Y,No,14,3,4,80,0,10,1,3,2,2,2,2
27,No,Travel_Frequently,294,Research & Development,10,2,Life Sciences,1,733,4,Male,32,3,3,Manufacturing Director,1,Divorced,8793,4809,1,Y,No,21,4,3,80,2,9,4,2,9,7,1,7
41,No,Travel_Rarely,314,Human Resources,1,3,Human Resources,1,734,4,Male,59,2,5,Manager,3,Married,19189,19562,1,Y,No,12,3,2,80,1,22,3,3,22,7,2,10
50,No,Travel_Rarely,316,Sales,8,4,Marketing,1,738,4,Male,54,3,1,Sales Representative,2,Married,3875,9983,7,Y,No,15,3,4,80,1,4,2,3,2,2,2,2
28,Yes,Travel_Rarely,654,Research & Development,1,2,Life Sciences,1,741,1,Female,67,1,1,Research Scientist,2,Single,2216,3872,7,Y,Yes,13,3,4,80,0,10,4,3,7,7,3,7
36,No,Non-Travel,427,Research & Development,8,3,Life Sciences,1,742,1,Female,63,4,3,Research Director,1,Married,11713,20335,9,Y,No,14,3,1,80,1,10,2,3,8,7,0,5
38,No,Travel_Rarely,168,Research & Development,1,3,Life Sciences,1,743,3,Female,81,3,3,Manufacturing Director,3,Single,7861,15397,4,Y,Yes,14,3,4,80,0,10,4,4,1,0,0,0
44,No,Non-Travel,381,Research & Development,24,3,Medical,1,744,1,Male,49,1,1,Laboratory Technician,3,Single,3708,2104,2,Y,No,14,3,3,80,0,9,5,3,5,2,1,4
47,No,Travel_Frequently,217,Sales,3,3,Medical,1,746,4,Female,49,3,4,Sales Executive,3,Divorced,13770,10225,9,Y,Yes,12,3,4,80,2,28,2,2,22,2,11,13
30,No,Travel_Rarely,501,Sales,27,5,Marketing,1,747,3,Male,99,3,2,Sales Executive,4,Divorced,5304,25275,7,Y,No,23,4,4,80,1,10,2,2,8,7,7,7
29,No,Travel_Rarely,1396,Sales,10,3,Life Sciences,1,749,3,Male,99,3,1,Sales Representative,3,Single,2642,2755,1,Y,No,11,3,3,80,0,1,6,3,1,0,0,0
42,Yes,Travel_Frequently,933,Research & Development,19,3,Medical,1,752,3,Male,57,4,1,Research Scientist,3,Divorced,2759,20366,6,Y,Yes,12,3,4,80,0,7,2,3,2,2,2,2
43,No,Travel_Frequently,775,Sales,15,3,Life Sciences,1,754,4,Male,47,2,2,Sales Executive,4,Married,6804,23683,3,Y,No,18,3,3,80,1,7,5,3,2,2,2,2
34,No,Travel_Rarely,970,Research & Development,8,2,Medical,1,757,2,Female,96,3,2,Healthcare Representative,3,Single,6142,7360,3,Y,No,11,3,4,80,0,10,2,3,5,1,4,3
23,No,Travel_Rarely,650,Research & Development,9,1,Medical,1,758,2,Male,37,3,1,Laboratory Technician,1,Married,2500,4344,1,Y,No,14,3,4,80,1,5,2,4,4,3,0,2
39,No,Travel_Rarely,141,Human Resources,3,3,Human Resources,1,760,3,Female,44,4,2,Human Resources,2,Married,6389,18767,9,Y,No,15,3,3,80,1,12,3,1,8,3,3,6
56,No,Travel_Rarely,832,Research & Development,9,3,Medical,1,762,3,Male,81,3,4,Healthcare Representative,4,Married,11103,20420,7,Y,No,11,3,3,80,0,30,1,2,10,7,1,1
40,No,Travel_Rarely,804,Research & Development,2,1,Medical,1,763,4,Female,86,2,1,Research Scientist,4,Single,2342,22929,0,Y,Yes,20,4,4,80,0,5,2,2,4,2,2,3
27,No,Travel_Rarely,975,Research & Development,7,3,Medical,1,764,4,Female,55,2,2,Healthcare Representative,1,Single,6811,23398,8,Y,No,19,3,1,80,0,9,2,1,7,6,0,7
29,No,Travel_Rarely,1090,Sales,10,3,Marketing,1,766,4,Male,83,3,1,Sales Representative,2,Divorced,2297,17967,1,Y,No,14,3,4,80,2,2,2,3,2,2,2,2
53,No,Travel_Rarely,346,Research & Development,6,3,Life Sciences,1,769,4,Male,86,3,2,Laboratory Technician,4,Single,2450,10919,2,Y,No,17,3,4,80,0,19,4,3,2,2,2,2
35,No,Non-Travel,1225,Research & Development,2,4,Life Sciences,1,771,4,Female,61,3,2,Healthcare Representative,1,Divorced,5093,4761,2,Y,No,11,3,1,80,1,16,2,4,1,0,0,0
32,No,Travel_Frequently,430,Research & Development,24,4,Life Sciences,1,772,1,Male,80,3,2,Laboratory Technician,4,Married,5309,21146,1,Y,No,15,3,4,80,2,10,2,3,10,8,4,7
38,No,Travel_Rarely,268,Research & Development,2,5,Medical,1,773,4,Male,92,3,1,Research Scientist,3,Married,3057,20471,6,Y,Yes,13,3,2,80,1,6,0,1,1,0,0,1
34,No,Travel_Rarely,167,Research & Development,8,5,Life Sciences,1,775,2,Female,32,3,2,Manufacturing Director,1,Divorced,5121,4187,3,Y,No,14,3,3,80,1,7,3,3,0,0,0,0
52,No,Travel_Rarely,621,Sales,3,4,Marketing,1,776,3,Male,31,2,4,Manager,1,Married,16856,10084,1,Y,No,11,3,1,80,0,34,3,4,34,6,1,16
33,Yes,Travel_Rarely,527,Research & Development,1,4,Other,1,780,4,Male,63,3,1,Research Scientist,4,Single,2686,5207,1,Y,Yes,13,3,3,80,0,10,2,2,10,9,7,8
25,No,Travel_Rarely,883,Sales,26,1,Medical,1,781,3,Female,32,3,2,Sales Executive,4,Single,6180,22807,1,Y,No,23,4,2,80,0,6,5,2,6,5,1,4
45,No,Travel_Rarely,954,Sales,2,2,Technical Degree,1,783,2,Male,46,1,2,Sales Representative,3,Single,6632,12388,0,Y,No,13,3,1,80,0,9,3,3,8,7,3,1
23,No,Travel_Rarely,310,Research & Development,10,1,Medical,1,784,1,Male,79,4,1,Research Scientist,3,Single,3505,19630,1,Y,No,18,3,4,80,0,2,3,3,2,2,0,2
47,Yes,Travel_Frequently,719,Sales,27,2,Life Sciences,1,785,2,Female,77,4,2,Sales Executive,3,Single,6397,10339,4,Y,Yes,12,3,4,80,0,8,2,3,5,4,1,3
34,No,Travel_Rarely,304,Sales,2,3,Other,1,786,4,Male,60,3,2,Sales Executive,4,Single,6274,18686,1,Y,No,22,4,3,80,0,6,5,3,6,5,1,4
55,Yes,Travel_Rarely,725,Research & Development,2,3,Medical,1,787,4,Male,78,3,5,Manager,1,Married,19859,21199,5,Y,Yes,13,3,4,80,1,24,2,3,5,2,1,4
36,No,Non-Travel,1434,Sales,8,4,Life Sciences,1,789,1,Male,76,2,3,Sales Executive,1,Single,7587,14229,1,Y,No,15,3,2,80,0,10,1,3,10,7,0,9
52,No,Non-Travel,715,Research & Development,19,4,Medical,1,791,4,Male,41,3,1,Research Scientist,4,Married,4258,26589,0,Y,No,18,3,1,80,1,5,3,3,4,3,1,2
26,No,Travel_Frequently,575,Research & Development,1,2,Life Sciences,1,792,1,Female,71,1,1,Laboratory Technician,4,Divorced,4364,5288,3,Y,No,14,3,1,80,1,5,2,3,2,2,2,0
29,No,Travel_Rarely,657,Research & Development,27,3,Medical,1,793,2,Female,66,3,2,Healthcare Representative,3,Married,4335,25549,4,Y,No,12,3,1,80,1,11,3,2,8,7,1,1
26,Yes,Travel_Rarely,1146,Sales,8,3,Technical Degree,1,796,4,Male,38,2,2,Sales Executive,1,Single,5326,3064,6,Y,No,17,3,3,80,0,6,2,2,4,3,1,2
34,No,Travel_Rarely,182,Research & Development,1,4,Life Sciences,1,797,2,Female,72,4,1,Research Scientist,4,Single,3280,13551,2,Y,No,16,3,3,80,0,10,2,3,4,2,1,3
54,No,Travel_Rarely,376,Research & Development,19,4,Medical,1,799,4,Female,95,3,2,Manufacturing Director,1,Divorced,5485,22670,9,Y,Yes,11,3,2,80,2,9,4,3,5,3,1,4
27,No,Travel_Frequently,829,Sales,8,1,Marketing,1,800,3,Male,84,3,2,Sales Executive,4,Married,4342,24008,0,Y,No,19,3,2,80,1,5,3,3,4,2,1,1
37,No,Travel_Rarely,571,Research & Development,10,1,Life Sciences,1,802,4,Female,82,3,1,Research Scientist,1,Divorced,2782,19905,0,Y,Yes,13,3,2,80,2,6,3,2,5,3,4,3
38,No,Travel_Frequently,240,Research & Development,2,4,Life Sciences,1,803,1,Female,75,4,2,Manufacturing Director,1,Single,5980,26085,6,Y,Yes,12,3,4,80,0,17,2,3,15,7,4,12
34,No,Travel_Rarely,121,Research & Development,2,4,Medical,1,804,3,Female,86,2,1,Research Scientist,1,Single,4381,7530,1,Y,No,11,3,3,80,0,6,3,3,6,5,1,3
35,No,Travel_Rarely,384,Sales,8,4,Life Sciences,1,805,1,Female,72,3,1,Sales Representative,4,Married,2572,20317,1,Y,No,16,3,2,80,1,3,1,2,3,2,0,2
30,No,Travel_Rarely,921,Research & Development,1,3,Life Sciences,1,806,4,Male,38,1,1,Laboratory Technician,3,Married,3833,24375,3,Y,No,21,4,3,80,2,7,2,3,2,2,0,2
40,No,Travel_Frequently,791,Research & Development,2,2,Medical,1,807,3,Female,38,4,2,Healthcare Representative,2,Married,4244,9931,1,Y,No,24,4,4,80,1,8,2,3,8,7,3,7
34,No,Travel_Rarely,1111,Sales,8,2,Life Sciences,1,808,3,Female,93,3,2,Sales Executive,1,Married,6500,13305,5,Y,No,17,3,2,80,1,6,1,3,3,2,1,2
42,No,Travel_Frequently,570,Research & Development,8,3,Life Sciences,1,809,2,Male,66,3,5,Manager,4,Divorced,18430,16225,1,Y,No,13,3,2,80,1,24,4,2,24,7,14,9
23,Yes,Travel_Rarely,1243,Research & Development,6,3,Life Sciences,1,811,3,Male,63,4,1,Laboratory Technician,1,Married,1601,3445,1,Y,Yes,21,4,3,80,2,1,2,3,0,0,0,0
24,No,Non-Travel,1092,Research & Development,9,3,Life Sciences,1,812,3,Male,60,2,1,Laboratory Technician,2,Divorced,2694,26551,1,Y,No,11,3,3,80,3,1,4,3,1,0,0,0
52,No,Travel_Rarely,1325,Research & Development,11,4,Life Sciences,1,813,4,Female,82,3,2,Laboratory Technician,3,Married,3149,21821,8,Y,No,20,4,2,80,1,9,3,3,5,2,1,4
50,No,Travel_Rarely,691,Research & Development,2,3,Medical,1,815,3,Male,64,3,4,Research Director,3,Married,17639,6881,5,Y,No,16,3,4,80,0,30,3,3,4,3,0,3
29,Yes,Travel_Rarely,805,Research & Development,1,2,Life Sciences,1,816,2,Female,36,2,1,Laboratory Technician,1,Married,2319,6689,1,Y,Yes,11,3,4,80,1,1,1,3,1,0,0,0
33,No,Travel_Rarely,213,Research & Development,7,3,Medical,1,817,3,Male,49,3,3,Research Director,3,Married,11691,25995,0,Y,No,11,3,4,80,0,14,3,4,13,9,3,7
33,Yes,Travel_Rarely,118,Sales,16,3,Marketing,1,819,1,Female,69,3,2,Sales Executive,1,Single,5324,26507,5,Y,No,15,3,3,80,0,6,3,3,3,2,0,2
47,No,Travel_Rarely,202,Research & Development,2,2,Other,1,820,3,Female,33,3,4,Manager,4,Married,16752,12982,1,Y,Yes,11,3,3,80,1,26,3,2,26,14,3,0
36,No,Travel_Rarely,676,Research & Development,1,3,Other,1,823,3,Female,35,3,2,Manufacturing Director,2,Married,5228,23361,0,Y,No,15,3,1,80,1,10,2,3,9,7,0,5
29,No,Travel_Rarely,1252,Research & Development,23,2,Life Sciences,1,824,3,Male,81,4,1,Research Scientist,3,Married,2700,23779,1,Y,No,24,4,3,80,1,10,3,3,10,7,0,7
58,Yes,Travel_Rarely,286,Research & Development,2,4,Life Sciences,1,825,4,Male,31,3,5,Research Director,2,Single,19246,25761,7,Y,Yes,12,3,4,80,0,40,2,3,31,15,13,8
35,No,Travel_Rarely,1258,Research & Development,1,4,Life Sciences,1,826,4,Female,40,4,1,Research Scientist,3,Single,2506,13301,3,Y,No,13,3,3,80,0,7,0,3,2,2,2,2
42,No,Travel_Rarely,932,Research & Development,1,2,Life Sciences,1,827,4,Female,43,2,2,Manufacturing Director,4,Married,6062,4051,9,Y,Yes,13,3,4,80,1,8,4,3,4,3,0,2
28,Yes,Travel_Rarely,890,Research & Development,2,4,Medical,1,828,3,Male,46,3,1,Research Scientist,3,Single,4382,16374,6,Y,No,17,3,4,80,0,5,3,2,2,2,2,1
36,No,Travel_Rarely,1041,Human Resources,13,3,Human Resources,1,829,3,Male,36,3,1,Human Resources,2,Married,2143,25527,4,Y,No,13,3,2,80,1,8,2,3,5,2,0,4
32,No,Travel_Rarely,859,Research & Development,4,3,Life Sciences,1,830,3,Female,98,2,2,Manufacturing Director,3,Married,6162,19124,1,Y,No,12,3,3,80,1,14,3,3,14,13,6,8
40,No,Travel_Frequently,720,Research & Development,16,4,Medical,1,832,1,Male,51,2,2,Laboratory Technician,3,Single,5094,11983,6,Y,No,14,3,4,80,0,10,6,3,1,0,0,0
30,No,Travel_Rarely,946,Research & Development,2,3,Medical,1,833,3,Female,52,2,2,Manufacturing Director,4,Single,6877,20234,5,Y,Yes,24,4,2,80,0,12,4,2,0,0,0,0
45,No,Travel_Rarely,252,Research & Development,2,3,Life Sciences,1,834,2,Female,95,2,1,Research Scientist,3,Single,2274,6153,1,Y,No,14,3,4,80,0,1,3,3,1,0,0,0
42,No,Travel_Rarely,933,Research & Development,29,3,Life Sciences,1,836,2,Male,98,3,2,Manufacturing Director,2,Married,4434,11806,1,Y,No,13,3,4,80,1,10,3,2,9,8,7,8
38,No,Travel_Frequently,471,Research & Development,12,3,Life Sciences,1,837,1,Male,45,2,2,Healthcare Representative,1,Divorced,6288,4284,2,Y,No,15,3,3,80,1,13,3,2,4,3,1,2
34,No,Travel_Frequently,702,Research & Development,16,4,Life Sciences,1,838,3,Female,100,2,1,Research Scientist,4,Single,2553,8306,1,Y,No,16,3,3,80,0,6,3,3,5,2,1,3
49,Yes,Travel_Rarely,1184,Sales,11,3,Marketing,1,840,3,Female,43,3,3,Sales Executive,4,Married,7654,5860,1,Y,No,18,3,1,80,2,9,3,4,9,8,7,7
55,Yes,Travel_Rarely,436,Sales,2,1,Medical,1,842,3,Male,37,3,2,Sales Executive,4,Single,5160,21519,4,Y,No,16,3,3,80,0,12,3,2,9,7,7,3
43,No,Travel_Rarely,589,Research & Development,14,2,Life Sciences,1,843,2,Male,94,3,4,Research Director,1,Married,17159,5200,6,Y,No,24,4,3,80,1,22,3,3,4,1,1,0
27,No,Travel_Rarely,269,Research & Development,5,1,Technical Degree,1,844,3,Male,42,2,3,Research Director,4,Divorced,12808,8842,1,Y,Yes,16,3,2,80,1,9,3,3,9,8,0,8
35,No,Travel_Rarely,950,Research & Development,7,3,Other,1,845,3,Male,59,3,3,Manufacturing Director,3,Single,10221,18869,3,Y,No,21,4,2,80,0,17,3,4,8,5,1,6
28,No,Travel_Rarely,760,Sales,2,4,Marketing,1,846,2,Female,81,3,2,Sales Executive,2,Married,4779,3698,1,Y,Yes,20,4,1,80,0,8,2,3,8,7,7,5
34,No,Travel_Rarely,829,Human Resources,3,2,Human Resources,1,847,3,Male,88,3,1,Human Resources,4,Married,3737,2243,0,Y,No,19,3,3,80,1,4,1,1,3,2,0,2
26,Yes,Travel_Frequently,887,Research & Development,5,2,Medical,1,848,3,Female,88,2,1,Research Scientist,3,Married,2366,20898,1,Y,Yes,14,3,1,80,1,8,2,3,8,7,1,7
27,No,Non-Travel,443,Research & Development,3,3,Medical,1,850,4,Male,50,3,1,Research Scientist,4,Married,1706,16571,1,Y,No,11,3,3,80,3,0,6,2,0,0,0,0
51,No,Travel_Rarely,1318,Sales,26,4,Marketing,1,851,1,Female,66,3,4,Manager,3,Married,16307,5594,2,Y,No,14,3,3,80,1,29,2,2,20,6,4,17
44,No,Travel_Rarely,625,Research & Development,4,3,Medical,1,852,4,Male,50,3,2,Healthcare Representative,2,Single,5933,5197,9,Y,No,12,3,4,80,0,10,2,2,5,2,2,3
25,No,Travel_Rarely,180,Research & Development,2,1,Medical,1,854,1,Male,65,4,1,Research Scientist,1,Single,3424,21632,7,Y,No,13,3,3,80,0,6,3,2,4,3,0,1
33,No,Travel_Rarely,586,Sales,1,3,Medical,1,855,1,Male,48,4,2,Sales Executive,1,Divorced,4037,21816,1,Y,No,22,4,1,80,1,9,5,3,9,8,0,8
35,No,Travel_Rarely,1343,Research & Development,27,1,Medical,1,856,3,Female,53,2,1,Research Scientist,1,Single,2559,17852,1,Y,No,11,3,4,80,0,6,3,2,6,5,1,1
36,No,Travel_Rarely,928,Sales,1,2,Life Sciences,1,857,2,Male,56,3,2,Sales Executive,4,Married,6201,2823,1,Y,Yes,14,3,4,80,1,18,1,2,18,14,4,11
32,No,Travel_Rarely,117,Sales,13,4,Life Sciences,1,859,2,Male,73,3,2,Sales Executive,4,Divorced,4403,9250,2,Y,No,11,3,3,80,1,8,3,2,5,2,0,3
30,No,Travel_Frequently,1012,Research & Development,5,4,Life Sciences,1,861,2,Male,75,2,1,Research Scientist,4,Divorced,3761,2373,9,Y,No,12,3,2,80,1,10,3,2,5,4,0,3
53,No,Travel_Rarely,661,Sales,7,2,Marketing,1,862,1,Female,78,2,3,Sales Executive,4,Married,10934,20715,7,Y,Yes,18,3,4,80,1,35,3,3,5,2,0,4
45,No,Travel_Rarely,930,Sales,9,3,Marketing,1,864,4,Male,74,3,3,Sales Executive,1,Divorced,10761,19239,4,Y,Yes,12,3,3,80,1,18,2,3,5,4,0,2
32,No,Travel_Rarely,638,Research & Development,8,2,Medical,1,865,3,Female,91,4,2,Research Scientist,3,Married,5175,22162,5,Y,No,12,3,3,80,1,9,3,2,5,3,1,3
52,No,Travel_Frequently,890,Research & Development,25,4,Medical,1,867,3,Female,81,2,4,Manufacturing Director,4,Married,13826,19028,3,Y,No,22,4,3,80,0,31,3,3,9,8,0,0
37,No,Travel_Rarely,342,Sales,16,4,Marketing,1,868,4,Male,66,2,2,Sales Executive,3,Divorced,6334,24558,4,Y,No,19,3,4,80,2,9,2,3,1,0,0,0
28,No,Travel_Rarely,1169,Human Resources,8,2,Medical,1,869,2,Male,63,2,1,Human Resources,4,Divorced,4936,23965,1,Y,No,13,3,4,80,1,6,6,3,5,1,0,4
22,No,Travel_Rarely,1230,Research & Development,1,2,Life Sciences,1,872,4,Male,33,2,2,Manufacturing Director,4,Married,4775,19146,6,Y,No,22,4,1,80,2,4,2,1,2,2,2,2
44,No,Travel_Rarely,986,Research & Development,8,4,Life Sciences,1,874,1,Male,62,4,1,Laboratory Technician,4,Married,2818,5044,2,Y,Yes,24,4,3,80,1,10,2,2,3,2,0,2
42,No,Travel_Frequently,1271,Research & Development,2,1,Medical,1,875,2,Male,35,3,1,Research Scientist,4,Single,2515,9068,5,Y,Yes,14,3,4,80,0,8,2,3,2,1,2,2
36,No,Travel_Rarely,1278,Human Resources,8,3,Life Sciences,1,878,1,Male,77,2,1,Human Resources,1,Married,2342,8635,0,Y,No,21,4,3,80,0,6,3,3,5,4,0,3
25,No,Travel_Rarely,141,Sales,3,1,Other,1,879,3,Male,98,3,2,Sales Executive,1,Married,4194,14363,1,Y,Yes,18,3,4,80,0,5,3,3,5,3,0,3
35,No,Travel_Rarely,607,Research & Development,9,3,Life Sciences,1,880,4,Female,66,2,3,Manufacturing Director,3,Married,10685,23457,1,Y,Yes,20,4,2,80,1,17,2,3,17,14,5,15
35,Yes,Travel_Frequently,130,Research & Development,25,4,Life Sciences,1,881,4,Female,96,3,1,Research Scientist,2,Divorced,2022,16612,1,Y,Yes,19,3,1,80,1,10,3,2,10,2,7,8
32,No,Non-Travel,300,Research & Development,1,3,Life Sciences,1,882,4,Male,61,3,1,Laboratory Technician,4,Divorced,2314,9148,0,Y,No,12,3,2,80,1,4,2,3,3,0,0,2
25,No,Travel_Rarely,583,Sales,4,1,Marketing,1,885,3,Male,87,2,2,Sales Executive,1,Married,4256,18154,1,Y,No,12,3,1,80,0,5,1,4,5,2,0,3
49,No,Travel_Rarely,1418,Research & Development,1,3,Technical Degree,1,887,3,Female,36,3,1,Research Scientist,1,Married,3580,10554,2,Y,No,16,3,2,80,1,7,2,3,4,2,0,2
24,No,Non-Travel,1269,Research & Development,4,1,Life Sciences,1,888,1,Male,46,2,1,Laboratory Technician,4,Married,3162,10778,0,Y,No,17,3,4,80,0,6,2,2,5,2,3,4
32,No,Travel_Frequently,379,Sales,5,2,Life Sciences,1,889,2,Male,48,3,2,Sales Executive,2,Married,6524,8891,1,Y,No,14,3,4,80,1,10,3,3,10,8,5,3
38,No,Travel_Rarely,395,Sales,9,3,Marketing,1,893,2,Male,98,2,1,Sales Representative,2,Married,2899,12102,0,Y,No,19,3,4,80,1,3,3,3,2,2,1,2
42,No,Travel_Rarely,1265,Research & Development,3,3,Life Sciences,1,894,3,Female,95,4,2,Laboratory Technician,4,Married,5231,23726,2,Y,Yes,13,3,2,80,1,17,1,2,5,3,1,3
31,No,Travel_Rarely,1222,Research & Development,11,4,Life Sciences,1,895,4,Male,48,3,1,Research Scientist,4,Married,2356,14871,3,Y,Yes,19,3,2,80,1,8,2,3,6,4,0,2
29,Yes,Travel_Rarely,341,Sales,1,3,Medical,1,896,2,Female,48,2,1,Sales Representative,3,Divorced,2800,23522,6,Y,Yes,19,3,3,80,3,5,3,3,3,2,0,2
53,No,Travel_Rarely,868,Sales,8,3,Marketing,1,897,1,Male,73,3,4,Sales Executive,4,Married,11836,22789,5,Y,No,14,3,3,80,1,28,3,3,2,0,2,2
35,No,Travel_Rarely,672,Research & Development,25,3,Technical Degree,1,899,4,Male,78,2,3,Manufacturing Director,2,Married,10903,9129,3,Y,No,16,3,1,80,0,16,2,3,13,10,4,8
37,No,Travel_Frequently,1231,Sales,21,2,Medical,1,900,3,Female,54,3,1,Sales Representative,4,Married,2973,21222,5,Y,No,15,3,2,80,1,10,3,3,5,4,0,0
53,No,Travel_Rarely,102,Research & Development,23,4,Life Sciences,1,901,4,Female,72,3,4,Research Director,4,Single,14275,20206,6,Y,No,18,3,3,80,0,33,0,3,12,9,3,8
43,No,Travel_Frequently,422,Research & Development,1,3,Life Sciences,1,902,4,Female,33,3,2,Healthcare Representative,4,Married,5562,21782,4,Y,No,13,3,2,80,1,12,2,2,5,2,2,2
47,No,Travel_Rarely,249,Sales,2,2,Marketing,1,903,3,Female,35,3,2,Sales Executive,4,Married,4537,17783,0,Y,Yes,22,4,1,80,1,8,2,3,7,6,7,7
37,No,Non-Travel,1252,Sales,19,2,Medical,1,904,1,Male,32,3,3,Sales Executive,2,Single,7642,4814,1,Y,Yes,13,3,4,80,0,10,2,3,10,0,0,9
50,No,Non-Travel,881,Research & Development,2,4,Life Sciences,1,905,1,Male,98,3,4,Manager,1,Divorced,17924,4544,1,Y,No,11,3,4,80,1,31,3,3,31,6,14,7
39,No,Travel_Rarely,1383,Human Resources,2,3,Life Sciences,1,909,4,Female,42,2,2,Human Resources,4,Married,5204,7790,8,Y,No,11,3,3,80,2,13,2,3,5,4,0,4
33,No,Travel_Rarely,1075,Human Resources,3,2,Human Resources,1,910,4,Male,57,3,1,Human Resources,2,Divorced,2277,22650,3,Y,Yes,11,3,3,80,1,7,4,4,4,3,0,3
32,Yes,Travel_Rarely,374,Research & Development,25,4,Life Sciences,1,911,1,Male,87,3,1,Laboratory Technician,4,Single,2795,18016,1,Y,Yes,24,4,3,80,0,1,2,1,1,0,0,1
29,No,Travel_Rarely,1086,Research & Development,7,1,Medical,1,912,1,Female,62,2,1,Laboratory Technician,4,Divorced,2532,6054,6,Y,No,14,3,3,80,3,8,5,3,4,3,0,3
44,No,Travel_Rarely,661,Research & Development,9,2,Life Sciences,1,913,2,Male,61,3,1,Research Scientist,1,Married,2559,7508,1,Y,Yes,13,3,4,80,0,8,0,3,8,7,7,1
28,No,Travel_Rarely,821,Sales,5,4,Medical,1,916,1,Male,98,3,2,Sales Executive,4,Single,4908,24252,1,Y,No,14,3,2,80,0,4,3,3,4,2,0,2
58,Yes,Travel_Frequently,781,Research & Development,2,1,Life Sciences,1,918,4,Male,57,2,1,Laboratory Technician,4,Divorced,2380,13384,9,Y,Yes,14,3,4,80,1,3,3,2,1,0,0,0
43,No,Travel_Rarely,177,Research & Development,8,3,Life Sciences,1,920,1,Female,55,3,2,Manufacturing Director,2,Divorced,4765,23814,4,Y,No,21,4,3,80,1,4,2,4,1,0,0,0
20,Yes,Travel_Rarely,500,Sales,2,3,Medical,1,922,3,Female,49,2,1,Sales Representative,3,Single,2044,22052,1,Y,No,13,3,4,80,0,2,3,2,2,2,0,2
21,Yes,Travel_Rarely,1427,Research & Development,18,1,Other,1,923,4,Female,65,3,1,Research Scientist,4,Single,2693,8870,1,Y,No,19,3,1,80,0,1,3,2,1,0,0,0
36,No,Travel_Rarely,1425,Research & Development,14,1,Life Sciences,1,924,3,Male,68,3,2,Healthcare Representative,4,Married,6586,4821,0,Y,Yes,17,3,1,80,1,17,2,2,16,8,4,11
47,No,Travel_Rarely,1454,Sales,2,4,Life Sciences,1,925,4,Female,65,2,1,Sales Representative,4,Single,3294,13137,1,Y,Yes,18,3,1,80,0,3,3,2,3,2,1,2
22,Yes,Travel_Rarely,617,Research & Development,3,1,Life Sciences,1,926,2,Female,34,3,2,Manufacturing Director,3,Married,4171,10022,0,Y,Yes,19,3,1,80,1,4,3,4,3,2,0,2
41,Yes,Travel_Rarely,1085,Research & Development,2,4,Life Sciences,1,927,2,Female,57,1,1,Laboratory Technician,4,Divorced,2778,17725,4,Y,Yes,13,3,3,80,1,10,1,2,7,7,1,0
28,No,Travel_Rarely,995,Research & Development,9,3,Medical,1,930,3,Female,77,3,1,Research Scientist,3,Divorced,2377,9834,5,Y,No,18,3,2,80,1,6,2,3,2,2,2,2
39,Yes,Travel_Rarely,1122,Research & Development,6,3,Medical,1,932,4,Male,70,3,1,Laboratory Technician,1,Married,2404,4303,7,Y,Yes,21,4,4,80,0,8,2,1,2,2,2,2
27,No,Travel_Rarely,618,Research & Development,4,3,Life Sciences,1,933,2,Female,76,3,1,Research Scientist,3,Single,2318,17808,1,Y,No,19,3,3,80,0,1,2,3,1,1,0,0
34,No,Travel_Rarely,546,Research & Development,10,3,Life Sciences,1,934,2,Male,83,3,1,Laboratory Technician,2,Divorced,2008,6896,1,Y,No,14,3,2,80,2,1,3,3,1,0,1,0
42,No,Travel_Rarely,462,Sales,14,2,Medical,1,936,3,Female,68,2,2,Sales Executive,3,Single,6244,7824,7,Y,No,17,3,1,80,0,10,6,3,5,4,0,3
33,No,Travel_Rarely,1198,Research & Development,1,4,Other,1,939,3,Male,100,2,1,Research Scientist,1,Single,2799,3339,3,Y,Yes,11,3,2,80,0,6,1,3,3,2,0,2
58,No,Travel_Rarely,1272,Research & Development,5,3,Technical Degree,1,940,3,Female,37,2,3,Healthcare Representative,2,Divorced,10552,9255,2,Y,Yes,13,3,4,80,1,24,3,3,6,0,0,4
31,No,Travel_Rarely,154,Sales,7,4,Life Sciences,1,941,2,Male,41,2,1,Sales Representative,3,Married,2329,11737,3,Y,No,15,3,2,80,0,13,2,4,7,7,5,2
35,No,Travel_Rarely,1137,Research & Development,21,1,Life Sciences,1,942,4,Female,51,3,2,Healthcare Representative,4,Married,4014,19170,1,Y,Yes,25,4,4,80,1,10,2,1,10,6,0,7
49,No,Travel_Rarely,527,Research & Development,8,2,Other,1,944,1,Female,51,3,3,Laboratory Technician,2,Married,7403,22477,4,Y,No,11,3,3,80,1,29,3,2,26,9,1,7
48,No,Travel_Rarely,1469,Research & Development,20,4,Medical,1,945,4,Male,51,3,1,Research Scientist,3,Married,2259,5543,4,Y,No,17,3,1,80,2,13,2,2,0,0,0,0
31,No,Non-Travel,1188,Sales,20,2,Marketing,1,947,4,Female,45,3,2,Sales Executive,3,Married,6932,24406,1,Y,No,13,3,4,80,1,9,2,2,9,8,0,0
36,No,Travel_Rarely,188,Research & Development,7,4,Other,1,949,2,Male,65,3,1,Research Scientist,4,Single,4678,23293,2,Y,No,18,3,3,80,0,8,6,3,6,2,0,1
38,No,Travel_Rarely,1333,Research & Development,1,3,Technical Degree,1,950,4,Female,80,3,3,Research Director,1,Married,13582,16292,1,Y,No,13,3,2,80,1,15,3,3,15,12,5,11
32,No,Non-Travel,1184,Research & Development,1,3,Life Sciences,1,951,3,Female,70,2,1,Laboratory Technician,2,Married,2332,3974,6,Y,No,20,4,3,80,0,5,3,3,3,0,0,2
25,Yes,Travel_Rarely,867,Sales,19,2,Marketing,1,952,3,Male,36,2,1,Sales Representative,2,Married,2413,18798,1,Y,Yes,18,3,3,80,3,1,2,3,1,0,0,0
40,No,Travel_Rarely,658,Sales,10,4,Marketing,1,954,1,Male,67,2,3,Sales Executive,2,Divorced,9705,20652,2,Y,No,12,3,2,80,1,11,2,2,1,0,0,0
26,No,Travel_Frequently,1283,Sales,1,3,Medical,1,956,3,Male,52,2,2,Sales Executive,1,Single,4294,11148,1,Y,No,12,3,2,80,0,7,2,3,7,7,0,7
41,No,Travel_Rarely,263,Research & Development,6,3,Medical,1,957,4,Male,59,3,1,Laboratory Technician,1,Single,4721,3119,2,Y,Yes,13,3,3,80,0,20,3,3,18,13,2,17
36,No,Travel_Rarely,938,Research & Development,2,4,Medical,1,958,3,Male,79,3,1,Laboratory Technician,3,Single,2519,12287,4,Y,No,21,4,3,80,0,16,6,3,11,8,3,9
19,Yes,Travel_Rarely,419,Sales,21,3,Other,1,959,4,Male,37,2,1,Sales Representative,2,Single,2121,9947,1,Y,Yes,13,3,2,80,0,1,3,4,1,0,0,0
20,Yes,Travel_Rarely,129,Research & Development,4,3,Technical Degree,1,960,1,Male,84,3,1,Laboratory Technician,1,Single,2973,13008,1,Y,No,19,3,2,80,0,1,2,3,1,0,0,0
31,No,Travel_Rarely,616,Research & Development,12,3,Medical,1,961,4,Female,41,3,2,Healthcare Representative,4,Married,5855,17369,0,Y,Yes,11,3,3,80,2,10,2,1,9,7,8,5
40,No,Travel_Frequently,1469,Research & Development,9,4,Medical,1,964,4,Male,35,3,1,Research Scientist,2,Divorced,3617,25063,8,Y,Yes,14,3,4,80,1,3,2,3,1,1,0,0
32,No,Travel_Rarely,498,Research & Development,3,4,Medical,1,966,3,Female,93,3,2,Manufacturing Director,1,Married,6725,13554,1,Y,No,12,3,3,80,1,8,2,4,8,7,6,3
36,Yes,Travel_Rarely,530,Sales,3,1,Life Sciences,1,967,3,Male,51,2,3,Sales Executive,4,Married,10325,5518,1,Y,Yes,11,3,1,80,1,16,6,3,16,7,3,7
33,No,Travel_Rarely,1069,Research & Development,1,3,Life Sciences,1,969,2,Female,42,2,2,Healthcare Representative,4,Single,6949,12291,0,Y,No,14,3,1,80,0,6,3,3,5,0,1,4
37,Yes,Travel_Rarely,625,Sales,1,4,Life Sciences,1,970,1,Male,46,2,3,Sales Executive,3,Married,10609,14922,5,Y,No,11,3,3,80,0,17,2,1,14,1,11,7
45,No,Non-Travel,805,Research & Development,4,2,Life Sciences,1,972,3,Male,57,3,2,Laboratory Technician,2,Married,4447,23163,1,Y,No,12,3,2,80,0,9,5,2,9,7,0,8
29,No,Travel_Frequently,1404,Sales,20,3,Technical Degree,1,974,3,Female,84,3,1,Sales Representative,4,Married,2157,18203,1,Y,No,15,3,2,80,1,3,5,3,3,1,0,2
35,No,Travel_Rarely,1219,Sales,18,3,Medical,1,975,3,Female,86,3,2,Sales Executive,3,Married,4601,6179,1,Y,No,16,3,2,80,0,5,3,3,5,2,1,0
52,No,Travel_Rarely,1053,Research & Development,1,2,Life Sciences,1,976,4,Male,70,3,4,Manager,4,Married,17099,13829,2,Y,No,15,3,2,80,1,26,2,2,9,8,7,8
58,Yes,Travel_Rarely,289,Research & Development,2,3,Technical Degree,1,977,4,Male,51,3,1,Research Scientist,3,Single,2479,26227,4,Y,No,24,4,1,80,0,7,4,3,1,0,0,0
53,No,Travel_Rarely,1376,Sales,2,2,Medical,1,981,3,Male,45,3,4,Manager,3,Divorced,14852,13938,6,Y,No,13,3,3,80,1,22,3,4,17,13,15,2
30,No,Travel_Rarely,231,Sales,8,2,Other,1,982,3,Male,62,3,3,Sales Executive,3,Divorced,7264,9977,5,Y,No,11,3,1,80,1,10,2,4,8,4,7,7
38,No,Non-Travel,152,Sales,10,3,Technical Degree,1,983,3,Female,85,3,2,Sales Executive,4,Single,5666,19899,1,Y,Yes,13,3,2,80,0,6,1,3,5,3,1,3
35,No,Travel_Rarely,882,Sales,3,4,Life Sciences,1,984,4,Male,92,3,3,Sales Executive,4,Divorced,7823,6812,6,Y,No,13,3,2,80,1,12,2,3,10,9,0,8
39,No,Travel_Rarely,903,Sales,2,5,Life Sciences,1,985,1,Male,41,4,3,Sales Executive,3,Single,7880,2560,0,Y,No,18,3,4,80,0,9,3,3,8,7,0,7
40,Yes,Non-Travel,1479,Sales,24,3,Life Sciences,1,986,2,Female,100,4,4,Sales Executive,2,Single,13194,17071,4,Y,Yes,16,3,4,80,0,22,2,2,1,0,0,0
47,No,Travel_Frequently,1379,Research & Development,16,4,Medical,1,987,3,Male,64,4,2,Manufacturing Director,3,Divorced,5067,6759,1,Y,Yes,19,3,3,80,0,20,3,4,19,10,2,7
36,No,Non-Travel,1229,Sales,8,4,Technical Degree,1,990,1,Male,84,3,2,Sales Executive,4,Divorced,5079,25952,4,Y,No,13,3,4,80,2,12,3,3,7,7,0,7
31,Yes,Non-Travel,335,Research & Development,9,2,Medical,1,991,3,Male,46,2,1,Research Scientist,1,Single,2321,10322,0,Y,Yes,22,4,1,80,0,4,0,3,3,2,1,2
33,No,Non-Travel,722,Sales,17,3,Life Sciences,1,992,4,Male,38,3,4,Manager,3,Single,17444,20489,1,Y,No,11,3,4,80,0,10,2,3,10,8,6,0
29,Yes,Travel_Rarely,906,Research & Development,10,3,Life Sciences,1,994,4,Female,92,2,1,Research Scientist,1,Single,2404,11479,6,Y,Yes,20,4,3,80,0,3,5,3,0,0,0,0
33,No,Travel_Rarely,461,Research & Development,13,1,Life Sciences,1,995,2,Female,53,3,1,Research Scientist,4,Single,3452,17241,3,Y,No,18,3,1,80,0,5,4,3,3,2,0,2
45,No,Travel_Rarely,974,Research & Development,1,4,Medical,1,996,4,Female,91,3,1,Laboratory Technician,4,Divorced,2270,11005,3,Y,No,14,3,4,80,2,8,2,3,5,3,0,2
50,No,Travel_Rarely,1126,Research & Development,1,2,Medical,1,997,4,Male,66,3,4,Research Director,4,Divorced,17399,6615,9,Y,No,22,4,3,80,1,32,1,2,5,4,1,3
33,No,Travel_Frequently,827,Research & Development,1,4,Other,1,998,3,Female,84,4,2,Healthcare Representative,2,Married,5488,20161,1,Y,Yes,13,3,1,80,1,6,2,3,6,5,1,2
41,No,Travel_Frequently,840,Research & Development,9,3,Medical,1,999,1,Male,64,3,5,Research Director,3,Divorced,19419,3735,2,Y,No,17,3,2,80,1,21,2,4,18,16,0,11
27,No,Travel_Rarely,1134,Research & Development,16,4,Technical Degree,1,1001,3,Female,37,3,1,Laboratory Technician,2,Married,2811,12086,9,Y,No,14,3,2,80,1,4,2,3,2,2,2,2
45,No,Non-Travel,248,Research & Development,23,2,Life Sciences,1,1002,4,Male,42,3,2,Laboratory Technician,1,Married,3633,14039,1,Y,Yes,15,3,3,80,1,9,2,3,9,8,0,8
47,No,Travel_Rarely,955,Sales,4,2,Life Sciences,1,1003,4,Female,83,3,2,Sales Executive,4,Single,4163,8571,1,Y,Yes,17,3,3,80,0,9,0,3,9,0,0,7
30,Yes,Travel_Rarely,138,Research & Development,22,3,Life Sciences,1,1004,1,Female,48,3,1,Research Scientist,3,Married,2132,11539,4,Y,Yes,11,3,2,80,0,7,2,3,5,2,0,1
50,No,Travel_Rarely,939,Research & Development,24,3,Life Sciences,1,1005,4,Male,95,3,4,Manufacturing Director,3,Married,13973,4161,3,Y,Yes,18,3,4,80,1,22,2,3,12,11,1,5
38,No,Travel_Frequently,1391,Research & Development,10,1,Medical,1,1006,3,Male,66,3,1,Research Scientist,3,Married,2684,12127,0,Y,No,17,3,2,80,1,3,0,2,2,1,0,2
46,No,Travel_Rarely,566,Research & Development,7,2,Medical,1,1007,4,Male,75,3,3,Manufacturing Director,3,Divorced,10845,24208,6,Y,No,13,3,2,80,1,13,3,3,8,7,0,7
24,No,Travel_Rarely,1206,Research & Development,17,1,Medical,1,1009,4,Female,41,2,2,Manufacturing Director,3,Divorced,4377,24117,1,Y,No,15,3,2,80,2,5,6,3,4,2,3,2
35,Yes,Travel_Rarely,622,Research & Development,14,4,Other,1,1010,3,Male,39,2,1,Laboratory Technician,2,Divorced,3743,10074,1,Y,Yes,24,4,4,80,1,5,2,1,4,2,0,2
31,No,Travel_Frequently,853,Research & Development,1,1,Life Sciences,1,1011,3,Female,96,3,2,Manufacturing Director,1,Married,4148,11275,1,Y,No,12,3,3,80,1,4,1,3,4,3,0,3
18,No,Non-Travel,287,Research & Development,5,2,Life Sciences,1,1012,2,Male,73,3,1,Research Scientist,4,Single,1051,13493,1,Y,No,15,3,4,80,0,0,2,3,0,0,0,0
54,No,Travel_Rarely,1441,Research & Development,17,3,Technical Degree,1,1013,3,Female,56,3,3,Manufacturing Director,3,Married,10739,13943,8,Y,No,11,3,3,80,1,22,2,3,10,7,0,8
35,No,Travel_Rarely,583,Research & Development,25,4,Medical,1,1014,3,Female,57,3,3,Healthcare Representative,3,Divorced,10388,6975,1,Y,Yes,11,3,3,80,1,16,3,2,16,10,10,1
30,No,Travel_Rarely,153,Research & Development,8,2,Life Sciences,1,1015,2,Female,73,4,3,Research Director,1,Married,11416,17802,0,Y,Yes,12,3,3,80,3,9,4,2,8,7,1,7
20,Yes,Travel_Rarely,1097,Research & Development,11,3,Medical,1,1016,4,Female,98,2,1,Research Scientist,1,Single,2600,18275,1,Y,Yes,15,3,1,80,0,1,2,3,1,0,0,0
30,Yes,Travel_Frequently,109,Research & Development,5,3,Medical,1,1017,2,Female,60,3,1,Laboratory Technician,2,Single,2422,25725,0,Y,No,17,3,1,80,0,4,3,3,3,2,1,2
26,No,Travel_Rarely,1066,Research & Development,2,2,Medical,1,1018,4,Male,32,4,2,Manufacturing Director,4,Married,5472,3334,1,Y,No,12,3,2,80,0,8,2,3,8,7,1,3
22,No,Travel_Rarely,217,Research & Development,8,1,Life Sciences,1,1019,2,Male,94,1,1,Laboratory Technician,1,Married,2451,6881,1,Y,No,15,3,1,80,1,4,3,2,4,3,1,1
48,No,Travel_Rarely,277,Research & Development,6,3,Life Sciences,1,1022,1,Male,97,2,2,Healthcare Representative,3,Single,4240,13119,2,Y,No,13,3,4,80,0,19,0,3,2,2,2,2
48,No,Travel_Rarely,1355,Research & Development,4,4,Life Sciences,1,1024,3,Male,78,2,3,Healthcare Representative,3,Single,10999,22245,7,Y,No,14,3,2,80,0,27,3,3,15,11,4,8
41,No,Travel_Rarely,549,Research & Development,7,2,Medical,1,1025,4,Female,42,3,2,Manufacturing Director,3,Single,5003,23371,6,Y,No,14,3,2,80,0,8,6,3,2,2,2,1
39,No,Travel_Rarely,466,Research & Development,1,1,Life Sciences,1,1026,4,Female,65,2,4,Manufacturing Director,4,Married,12742,7060,1,Y,No,16,3,3,80,1,21,3,3,21,6,11,8
27,No,Travel_Rarely,1055,Research & Development,2,4,Life Sciences,1,1027,1,Female,47,3,2,Manufacturing Director,4,Married,4227,4658,0,Y,No,18,3,2,80,1,4,2,3,3,2,2,2
35,No,Travel_Rarely,802,Research & Development,10,3,Other,1,1028,2,Male,45,3,1,Laboratory Technician,4,Divorced,3917,9541,1,Y,No,20,4,1,80,1,3,4,2,3,2,1,2
42,No,Travel_Rarely,265,Sales,5,2,Marketing,1,1029,4,Male,90,3,5,Manager,3,Married,18303,7770,6,Y,No,13,3,2,80,0,21,3,4,1,0,0,0
50,No,Travel_Rarely,804,Research & Development,9,3,Life Sciences,1,1030,1,Male,64,3,1,Laboratory Technician,4,Married,2380,20165,4,Y,No,18,3,2,80,0,8,5,3,1,0,0,0
59,No,Travel_Rarely,715,Research & Development,2,3,Life Sciences,1,1032,3,Female,69,2,4,Manufacturing Director,4,Single,13726,21829,3,Y,Yes,13,3,1,80,0,30,4,3,5,3,4,3
37,Yes,Travel_Rarely,1141,Research & Development,11,2,Medical,1,1033,1,Female,61,1,2,Healthcare Representative,2,Married,4777,14382,5,Y,No,15,3,1,80,0,15,2,1,1,0,0,0
55,No,Travel_Frequently,135,Research & Development,18,4,Medical,1,1034,3,Male,62,3,2,Healthcare Representative,2,Married,6385,12992,3,Y,Yes,14,3,4,80,2,17,3,3,8,7,6,7
41,No,Non-Travel,247,Research & Development,7,1,Life Sciences,1,1035,2,Female,55,1,5,Research Director,3,Divorced,19973,20284,1,Y,No,22,4,2,80,2,21,3,3,21,16,5,10
38,No,Travel_Rarely,1035,Sales,3,4,Life Sciences,1,1036,2,Male,42,3,2,Sales Executive,4,Single,6861,4981,8,Y,Yes,12,3,3,80,0,19,1,3,1,0,0,0
26,Yes,Non-Travel,265,Sales,29,2,Medical,1,1037,2,Male,79,1,2,Sales Executive,1,Single,4969,21813,8,Y,No,18,3,4,80,0,7,6,3,2,2,2,2
52,Yes,Travel_Rarely,266,Sales,2,1,Marketing,1,1038,1,Female,57,1,5,Manager,4,Married,19845,25846,1,Y,No,15,3,4,80,1,33,3,3,32,14,6,9
44,No,Travel_Rarely,1448,Sales,28,3,Medical,1,1039,4,Female,53,4,4,Sales Executive,4,Married,13320,11737,3,Y,Yes,18,3,3,80,1,23,2,3,12,11,11,11
50,No,Non-Travel,145,Sales,1,3,Life Sciences,1,1040,4,Female,95,3,2,Sales Executive,3,Married,6347,24920,0,Y,No,12,3,1,80,1,19,3,3,18,7,0,13
36,Yes,Travel_Rarely,885,Research & Development,16,4,Life Sciences,1,1042,3,Female,43,4,1,Laboratory Technician,1,Single,2743,8269,1,Y,No,16,3,3,80,0,18,1,3,17,13,15,14
39,No,Travel_Frequently,945,Research & Development,22,3,Medical,1,1043,4,Female,82,3,3,Manufacturing Director,1,Single,10880,5083,1,Y,Yes,13,3,3,80,0,21,2,3,21,6,2,8
33,No,Non-Travel,1038,Sales,8,1,Life Sciences,1,1044,2,Female,88,2,1,Sales Representative,4,Single,2342,21437,0,Y,No,19,3,4,80,0,3,2,2,2,2,2,2
45,No,Travel_Rarely,1234,Sales,11,2,Life Sciences,1,1045,4,Female,90,3,4,Manager,4,Married,17650,5404,3,Y,No,13,3,2,80,1,26,4,4,9,3,1,1
32,No,Non-Travel,1109,Research & Development,29,4,Medical,1,1046,4,Female,69,3,1,Laboratory Technician,3,Single,4025,11135,9,Y,No,12,3,2,80,0,10,2,3,8,7,7,7
34,No,Travel_Rarely,216,Sales,1,4,Marketing,1,1047,2,Male,75,4,2,Sales Executive,4,Divorced,9725,12278,0,Y,No,11,3,4,80,1,16,2,2,15,1,0,9
59,No,Travel_Rarely,1089,Sales,1,2,Technical Degree,1,1048,2,Male,66,3,3,Manager,4,Married,11904,11038,3,Y,Yes,14,3,3,80,1,14,1,1,6,4,0,4
45,No,Travel_Rarely,788,Human Resources,24,4,Medical,1,1049,2,Male,36,3,1,Human Resources,2,Single,2177,8318,1,Y,No,16,3,1,80,0,6,3,3,6,3,0,4
53,No,Travel_Frequently,124,Sales,2,3,Marketing,1,1050,3,Female,38,2,3,Sales Executive,2,Married,7525,23537,2,Y,No,12,3,1,80,1,30,2,3,15,7,6,12
36,Yes,Travel_Rarely,660,Research & Development,15,3,Other,1,1052,1,Male,81,3,2,Laboratory Technician,3,Divorced,4834,7858,7,Y,No,14,3,2,80,1,9,3,2,1,0,0,0
26,Yes,Travel_Frequently,342,Research & Development,2,3,Life Sciences,1,1053,1,Male,57,3,1,Research Scientist,1,Married,2042,15346,6,Y,Yes,14,3,2,80,1,6,2,3,3,2,1,2
34,No,Travel_Rarely,1333,Sales,10,4,Life Sciences,1,1055,3,Female,87,3,1,Sales Representative,3,Married,2220,18410,1,Y,Yes,19,3,4,80,1,1,2,3,1,1,0,0
28,No,Travel_Rarely,1144,Sales,10,1,Medical,1,1056,4,Male,74,3,1,Sales Representative,2,Married,1052,23384,1,Y,No,22,4,2,80,0,1,5,3,1,0,0,0
38,No,Travel_Frequently,1186,Research & Development,3,4,Other,1,1060,3,Male,44,3,1,Research Scientist,3,Married,2821,2997,3,Y,No,16,3,1,80,1,8,2,3,2,2,2,2
50,No,Travel_Rarely,1464,Research & Development,2,4,Medical,1,1061,2,Male,62,3,5,Research Director,3,Married,19237,12853,2,Y,Yes,11,3,4,80,1,29,2,2,8,1,7,7
37,No,Travel_Rarely,124,Research & Development,3,3,Other,1,1062,4,Female,35,3,2,Healthcare Representative,2,Single,4107,13848,3,Y,No,15,3,1,80,0,8,3,2,4,3,0,1
40,No,Travel_Rarely,300,Sales,26,3,Marketing,1,1066,3,Male,74,3,2,Sales Executive,1,Married,8396,22217,1,Y,No,14,3,2,80,1,8,3,2,7,7,7,5
26,No,Travel_Frequently,921,Research & Development,1,1,Medical,1,1068,1,Female,66,2,1,Research Scientist,3,Divorced,2007,25265,1,Y,No,13,3,3,80,2,5,5,3,5,3,1,3
46,No,Travel_Rarely,430,Research & Development,1,4,Medical,1,1069,4,Male,40,3,5,Research Director,4,Divorced,19627,21445,9,Y,No,17,3,4,80,2,23,0,3,2,2,2,2
54,No,Travel_Rarely,1082,Sales,2,4,Life Sciences,1,1070,3,Female,41,2,3,Sales Executive,3,Married,10686,8392,6,Y,No,11,3,2,80,1,13,4,3,9,4,7,0
56,No,Travel_Frequently,1240,Research & Development,9,3,Medical,1,1071,1,Female,63,3,1,Research Scientist,3,Married,2942,12154,2,Y,No,19,3,2,80,1,18,4,3,5,4,0,3
36,No,Travel_Rarely,796,Research & Development,12,5,Medical,1,1073,4,Female,51,2,3,Manufacturing Director,4,Single,8858,15669,0,Y,No,11,3,2,80,0,15,2,2,14,8,7,8
55,No,Non-Travel,444,Research & Development,2,1,Medical,1,1074,3,Male,40,2,4,Manager,1,Single,16756,17323,7,Y,No,15,3,2,80,0,31,3,4,9,7,6,2
43,No,Travel_Rarely,415,Sales,25,3,Medical,1,1076,3,Male,79,2,3,Sales Executive,4,Divorced,10798,5268,5,Y,No,13,3,3,80,1,18,5,3,1,0,0,0
20,Yes,Travel_Frequently,769,Sales,9,3,Marketing,1,1077,4,Female,54,3,1,Sales Representative,4,Single,2323,17205,1,Y,Yes,14,3,2,80,0,2,3,3,2,2,0,2
21,Yes,Travel_Rarely,1334,Research & Development,10,3,Life Sciences,1,1079,3,Female,36,2,1,Laboratory Technician,1,Single,1416,17258,1,Y,No,13,3,1,80,0,1,6,2,1,0,1,0
46,No,Travel_Rarely,1003,Research & Development,8,4,Life Sciences,1,1080,4,Female,74,2,2,Research Scientist,1,Divorced,4615,21029,8,Y,Yes,23,4,1,80,3,19,2,3,16,13,1,7
51,Yes,Travel_Rarely,1323,Research & Development,4,4,Life Sciences,1,1081,1,Male,34,3,1,Research Scientist,3,Married,2461,10332,9,Y,Yes,12,3,3,80,3,18,2,4,10,0,2,7
28,Yes,Non-Travel,1366,Research & Development,24,2,Technical Degree,1,1082,2,Male,72,2,3,Healthcare Representative,1,Single,8722,12355,1,Y,No,12,3,1,80,0,10,2,2,10,7,1,9
26,No,Travel_Rarely,192,Research & Development,1,2,Medical,1,1083,1,Male,59,2,1,Laboratory Technician,1,Married,3955,11141,1,Y,No,16,3,1,80,2,6,2,3,5,3,1,3
30,No,Travel_Rarely,1176,Research & Development,20,3,Other,1,1084,3,Male,85,3,2,Manufacturing Director,1,Married,9957,9096,0,Y,No,15,3,3,80,1,7,1,2,6,2,0,2
41,No,Travel_Rarely,509,Research & Development,7,2,Technical Degree,1,1085,2,Female,43,4,1,Research Scientist,3,Married,3376,18863,1,Y,No,13,3,3,80,0,10,3,3,10,6,0,8
38,No,Travel_Rarely,330,Research & Development,17,1,Life Sciences,1,1088,3,Female,65,2,3,Healthcare Representative,3,Married,8823,24608,0,Y,No,18,3,1,80,1,20,4,2,19,9,1,9
40,No,Travel_Rarely,1492,Research & Development,20,4,Technical Degree,1,1092,1,Male,61,3,3,Healthcare Representative,4,Married,10322,26542,4,Y,No,20,4,4,80,1,14,6,3,11,10,11,1
27,No,Non-Travel,1277,Research & Development,8,5,Life Sciences,1,1094,1,Male,87,1,1,Laboratory Technician,3,Married,4621,5869,1,Y,No,19,3,4,80,3,3,4,3,3,2,1,2
55,No,Travel_Frequently,1091,Research & Development,2,1,Life Sciences,1,1096,4,Male,65,3,3,Manufacturing Director,2,Married,10976,15813,3,Y,No,18,3,2,80,1,23,4,3,3,2,1,2
28,No,Travel_Rarely,857,Research & Development,10,3,Other,1,1097,3,Female,59,3,2,Research Scientist,3,Single,3660,7909,3,Y,No,13,3,4,80,0,10,4,4,8,7,1,7
44,Yes,Travel_Rarely,1376,Human Resources,1,2,Medical,1,1098,2,Male,91,2,3,Human Resources,1,Married,10482,2326,9,Y,No,14,3,4,80,1,24,1,3,20,6,3,6
33,No,Travel_Rarely,654,Research & Development,5,3,Life Sciences,1,1099,4,Male,34,2,3,Healthcare Representative,4,Divorced,7119,21214,4,Y,No,15,3,3,80,1,9,2,3,3,2,1,2
35,Yes,Travel_Rarely,1204,Sales,4,3,Technical Degree,1,1100,4,Male,86,3,3,Sales Executive,1,Single,9582,10333,0,Y,Yes,22,4,1,80,0,9,2,3,8,7,4,7
33,Yes,Travel_Frequently,827,Research & Development,29,4,Medical,1,1101,1,Female,54,2,2,Research Scientist,3,Single,4508,3129,1,Y,No,22,4,2,80,0,14,4,3,13,7,3,8
28,No,Travel_Rarely,895,Research & Development,15,2,Life Sciences,1,1102,1,Male,50,3,1,Laboratory Technician,3,Divorced,2207,22482,1,Y,No,16,3,4,80,1,4,5,2,4,2,2,2
34,No,Travel_Frequently,618,Research & Development,3,1,Life Sciences,1,1103,1,Male,45,3,2,Healthcare Representative,4,Single,7756,22266,0,Y,No,17,3,3,80,0,7,1,2,6,2,0,4
37,No,Travel_Rarely,309,Sales,10,4,Life Sciences,1,1105,4,Female,88,2,2,Sales Executive,4,Divorced,6694,24223,2,Y,Yes,14,3,3,80,3,8,5,3,1,0,0,0
25,Yes,Travel_Rarely,1219,Research & Development,4,1,Technical Degree,1,1106,4,Male,32,3,1,Laboratory Technician,4,Married,3691,4605,1,Y,Yes,15,3,2,80,1,7,3,4,7,7,5,6
26,Yes,Travel_Rarely,1330,Research & Development,21,3,Medical,1,1107,1,Male,37,3,1,Laboratory Technician,3,Divorced,2377,19373,1,Y,No,20,4,3,80,1,1,0,2,1,1,0,0
33,Yes,Travel_Rarely,1017,Research & Development,25,3,Medical,1,1108,1,Male,55,2,1,Research Scientist,2,Single,2313,2993,4,Y,Yes,20,4,2,80,0,5,0,3,2,2,2,2
42,No,Travel_Rarely,469,Research & Development,2,2,Medical,1,1109,4,Male,35,3,4,Manager,1,Married,17665,14399,0,Y,No,17,3,4,80,1,23,3,3,22,6,13,7
28,Yes,Travel_Frequently,1009,Research & Development,1,3,Medical,1,1111,1,Male,45,2,1,Laboratory Technician,2,Divorced,2596,7160,1,Y,No,15,3,1,80,2,1,2,3,1,0,0,0
50,Yes,Travel_Frequently,959,Sales,1,4,Other,1,1113,4,Male,81,3,2,Sales Executive,3,Single,4728,17251,3,Y,Yes,14,3,4,80,0,5,4,3,0,0,0,0
33,No,Travel_Frequently,970,Sales,7,3,Life Sciences,1,1114,4,Female,30,3,2,Sales Executive,2,Married,4302,13401,0,Y,No,17,3,3,80,1,4,3,3,3,2,0,2
34,No,Non-Travel,697,Research & Development,3,4,Life Sciences,1,1115,3,Male,40,2,1,Research Scientist,4,Married,2979,22478,3,Y,No,17,3,4,80,3,6,2,3,0,0,0,0
48,No,Non-Travel,1262,Research & Development,1,4,Medical,1,1116,1,Male,35,4,4,Manager,4,Single,16885,16154,2,Y,No,22,4,3,80,0,27,3,2,5,4,2,1
45,No,Non-Travel,1050,Sales,9,4,Life Sciences,1,1117,2,Female,65,2,2,Sales Executive,3,Married,5593,17970,1,Y,No,13,3,4,80,1,15,2,3,15,10,4,12
52,No,Travel_Rarely,994,Research & Development,7,4,Life Sciences,1,1118,2,Male,87,3,3,Healthcare Representative,2,Single,10445,15322,7,Y,No,19,3,4,80,0,18,4,3,8,6,4,0
38,No,Travel_Rarely,770,Sales,10,4,Marketing,1,1119,3,Male,73,2,3,Sales Executive,3,Divorced,8740,5569,0,Y,Yes,14,3,2,80,2,9,2,3,8,7,2,7
29,No,Travel_Rarely,1107,Research & Development,28,4,Life Sciences,1,1120,3,Female,93,3,1,Research Scientist,4,Divorced,2514,26968,4,Y,No,22,4,1,80,1,11,1,3,7,5,1,7
28,No,Travel_Rarely,950,Research & Development,3,3,Medical,1,1121,4,Female,93,3,3,Manufacturing Director,2,Divorced,7655,8039,0,Y,No,17,3,2,80,3,10,3,2,9,7,1,7
46,No,Travel_Rarely,406,Sales,3,1,Marketing,1,1124,1,Male,52,3,4,Manager,3,Married,17465,15596,3,Y,No,12,3,4,80,1,23,3,3,12,9,4,9
38,No,Travel_Rarely,130,Sales,2,2,Marketing,1,1125,4,Male,32,3,3,Sales Executive,2,Single,7351,20619,7,Y,No,16,3,3,80,0,10,2,3,1,0,0,0
43,No,Travel_Frequently,1082,Research & Development,27,3,Life Sciences,1,1126,3,Female,83,3,3,Manufacturing Director,1,Married,10820,11535,8,Y,No,11,3,3,80,1,18,1,3,8,7,0,1
39,Yes,Travel_Frequently,203,Research & Development,2,3,Life Sciences,1,1127,1,Male,84,3,4,Healthcare Representative,4,Divorced,12169,13547,7,Y,No,11,3,4,80,3,21,4,3,18,7,11,5
40,No,Travel_Rarely,1308,Research & Development,14,3,Medical,1,1128,3,Male,44,2,5,Research Director,3,Single,19626,17544,1,Y,No,14,3,1,80,0,21,2,4,20,7,4,9
21,No,Travel_Rarely,984,Research & Development,1,1,Technical Degree,1,1131,4,Female,70,2,1,Research Scientist,2,Single,2070,25326,1,Y,Yes,11,3,3,80,0,2,6,4,2,2,2,2
39,No,Non-Travel,439,Research & Development,9,3,Life Sciences,1,1132,3,Male,70,3,2,Laboratory Technician,2,Single,6782,8770,9,Y,No,15,3,3,80,0,9,2,2,5,4,0,3
36,No,Non-Travel,217,Research & Development,18,4,Life Sciences,1,1133,1,Male,78,3,2,Manufacturing Director,4,Single,7779,23238,2,Y,No,20,4,1,80,0,18,0,3,11,9,0,9
31,No,Travel_Frequently,793,Sales,20,3,Life Sciences,1,1135,3,Male,67,4,1,Sales Representative,4,Married,2791,21981,0,Y,No,12,3,1,80,1,3,4,3,2,2,2,2
28,No,Travel_Rarely,1451,Research & Development,2,1,Life Sciences,1,1136,1,Male,67,2,1,Research Scientist,2,Married,3201,19911,0,Y,No,17,3,1,80,0,6,2,1,5,3,0,4
35,No,Travel_Frequently,1182,Sales,11,2,Marketing,1,1137,4,Male,54,3,2,Sales Executive,4,Divorced,4968,18500,1,Y,No,11,3,4,80,1,5,3,3,5,2,0,2
49,No,Travel_Rarely,174,Sales,8,4,Technical Degree,1,1138,4,Male,56,2,4,Sales Executive,2,Married,13120,11879,6,Y,No,17,3,2,80,1,22,3,3,9,8,2,3
34,No,Travel_Frequently,1003,Research & Development,2,2,Life Sciences,1,1140,4,Male,95,3,2,Manufacturing Director,3,Single,4033,15834,2,Y,No,11,3,4,80,0,5,3,2,3,2,0,2
29,No,Travel_Frequently,490,Research & Development,10,3,Life Sciences,1,1143,4,Female,61,3,1,Research Scientist,2,Divorced,3291,17940,0,Y,No,14,3,4,80,2,8,2,2,7,5,1,1
42,No,Travel_Rarely,188,Research & Development,29,3,Medical,1,1148,2,Male,56,1,2,Laboratory Technician,4,Single,4272,9558,4,Y,No,19,3,1,80,0,16,3,3,1,0,0,0
29,No,Travel_Rarely,718,Research & Development,8,1,Medical,1,1150,2,Male,79,2,2,Manufacturing Director,4,Married,5056,17689,1,Y,Yes,15,3,3,80,1,10,2,2,10,7,1,2
38,No,Travel_Rarely,433,Human Resources,1,3,Human Resources,1,1152,3,Male,37,4,1,Human Resources,3,Married,2844,6004,1,Y,No,13,3,4,80,1,7,2,4,7,6,5,0
28,No,Travel_Frequently,773,Research & Development,6,3,Life Sciences,1,1154,3,Male,39,2,1,Research Scientist,3,Divorced,2703,22088,1,Y,Yes,14,3,4,80,1,3,2,3,3,1,0,2
18,Yes,Non-Travel,247,Research & Development,8,1,Medical,1,1156,3,Male,80,3,1,Laboratory Technician,3,Single,1904,13556,1,Y,No,12,3,4,80,0,0,0,3,0,0,0,0
33,Yes,Travel_Rarely,603,Sales,9,4,Marketing,1,1157,1,Female,77,3,2,Sales Executive,1,Single,8224,18385,0,Y,Yes,17,3,1,80,0,6,3,3,5,2,0,3
41,No,Travel_Rarely,167,Research & Development,12,4,Life Sciences,1,1158,2,Male,46,3,1,Laboratory Technician,4,Married,4766,9051,3,Y,Yes,11,3,1,80,1,6,4,3,1,0,0,0
31,Yes,Travel_Frequently,874,Research & Development,15,3,Medical,1,1160,3,Male,72,3,1,Laboratory Technician,3,Married,2610,6233,1,Y,No,12,3,3,80,1,2,5,2,2,2,2,2
37,No,Travel_Rarely,367,Research & Development,25,2,Medical,1,1161,3,Female,52,2,2,Healthcare Representative,4,Divorced,5731,17171,7,Y,No,13,3,3,80,2,9,2,3,6,2,1,3
27,No,Travel_Rarely,199,Research & Development,6,3,Life Sciences,1,1162,4,Male,55,2,1,Research Scientist,3,Married,2539,7950,1,Y,No,13,3,3,80,1,4,0,3,4,2,2,2
34,No,Travel_Rarely,1400,Sales,9,1,Life Sciences,1,1163,2,Female,70,3,2,Sales Executive,3,Married,5714,5829,1,Y,No,20,4,1,80,0,6,3,2,6,5,1,3
35,No,Travel_Rarely,528,Human Resources,8,4,Technical Degree,1,1164,3,Male,100,3,1,Human Resources,3,Single,4323,7108,1,Y,No,17,3,2,80,0,6,2,1,5,4,1,4
29,Yes,Travel_Rarely,408,Sales,23,1,Life Sciences,1,1165,4,Female,45,2,3,Sales Executive,1,Married,7336,11162,1,Y,No,13,3,1,80,1,11,3,1,11,8,3,10
40,No,Travel_Frequently,593,Research & Development,9,4,Medical,1,1166,2,Female,88,3,3,Research Director,3,Single,13499,13782,9,Y,No,17,3,3,80,0,20,3,2,18,7,2,13
42,Yes,Travel_Frequently,481,Sales,12,3,Life Sciences,1,1167,3,Male,44,3,4,Sales Executive,1,Single,13758,2447,0,Y,Yes,12,3,2,80,0,22,2,2,21,9,13,14
42,No,Travel_Rarely,647,Sales,4,4,Marketing,1,1171,2,Male,45,3,2,Sales Executive,1,Single,5155,2253,7,Y,No,13,3,4,80,0,9,3,4,6,4,1,5
35,No,Travel_Rarely,982,Research & Development,1,4,Medical,1,1172,4,Male,58,2,1,Laboratory Technician,3,Married,2258,16340,6,Y,No,12,3,2,80,1,10,2,3,8,0,1,7
24,No,Travel_Rarely,477,Research & Development,24,3,Medical,1,1173,4,Male,49,3,1,Laboratory Technician,2,Single,3597,6409,8,Y,No,22,4,4,80,0,6,2,3,4,3,1,2
28,Yes,Travel_Rarely,1485,Research & Development,12,1,Life Sciences,1,1175,3,Female,79,3,1,Laboratory Technician,4,Married,2515,22955,1,Y,Yes,11,3,4,80,0,1,4,2,1,1,0,0
26,No,Travel_Rarely,1384,Research & Development,3,4,Medical,1,1177,1,Male,82,4,1,Laboratory Technician,4,Married,4420,13421,1,Y,No,22,4,2,80,1,8,2,3,8,7,0,7
30,No,Travel_Rarely,852,Sales,10,3,Marketing,1,1179,3,Male,72,2,2,Sales Executive,3,Married,6578,2706,1,Y,No,18,3,1,80,1,10,3,3,10,3,1,4
40,No,Travel_Frequently,902,Research & Development,26,2,Medical,1,1180,3,Female,92,2,2,Research Scientist,4,Married,4422,21203,3,Y,Yes,13,3,4,80,1,16,3,1,1,1,0,0
35,No,Travel_Rarely,819,Research & Development,2,3,Life Sciences,1,1182,3,Male,44,2,3,Manufacturing Director,2,Divorced,10274,19588,2,Y,No,18,3,2,80,1,15,2,4,7,7,6,4
34,No,Travel_Frequently,669,Research & Development,1,3,Medical,1,1184,4,Male,97,2,2,Healthcare Representative,1,Single,5343,25755,0,Y,No,20,4,3,80,0,14,3,3,13,9,4,9
35,No,Travel_Frequently,636,Research & Development,4,4,Other,1,1185,4,Male,47,2,1,Laboratory Technician,4,Married,2376,26537,1,Y,No,13,3,2,80,1,2,2,4,2,2,2,2
43,Yes,Travel_Rarely,1372,Sales,9,3,Marketing,1,1188,1,Female,85,1,2,Sales Executive,3,Single,5346,9489,8,Y,No,13,3,2,80,0,7,2,2,4,3,1,3
32,No,Non-Travel,862,Sales,2,1,Life Sciences,1,1190,3,Female,76,3,1,Sales Representative,1,Divorced,2827,14947,1,Y,No,12,3,3,80,3,1,3,3,1,0,0,0
56,No,Travel_Rarely,718,Research & Development,4,4,Technical Degree,1,1191,4,Female,92,3,5,Manager,1,Divorced,19943,18575,4,Y,No,13,3,4,80,1,28,2,3,5,2,4,2
29,No,Travel_Rarely,1401,Research & Development,6,1,Medical,1,1192,2,Female,54,3,1,Laboratory Technician,4,Married,3131,26342,1,Y,No,13,3,1,80,1,10,5,3,10,8,0,8
19,No,Travel_Rarely,645,Research & Development,9,2,Life Sciences,1,1193,3,Male,54,3,1,Research Scientist,1,Single,2552,7172,1,Y,No,25,4,3,80,0,1,4,3,1,1,0,0
45,No,Travel_Rarely,1457,Research & Development,7,3,Medical,1,1195,1,Female,83,3,1,Research Scientist,3,Married,4477,20100,4,Y,Yes,19,3,3,80,1,7,2,2,3,2,0,2
37,No,Travel_Rarely,977,Research & Development,1,3,Life Sciences,1,1196,4,Female,56,2,2,Manufacturing Director,4,Married,6474,9961,1,Y,No,13,3,2,80,1,14,2,2,14,8,3,11
20,No,Travel_Rarely,805,Research & Development,3,3,Life Sciences,1,1198,1,Male,87,2,1,Laboratory Technician,3,Single,3033,12828,1,Y,No,12,3,1,80,0,2,2,2,2,2,1,2
44,Yes,Travel_Rarely,1097,Research & Development,10,4,Life Sciences,1,1200,3,Male,96,3,1,Research Scientist,3,Single,2936,10826,1,Y,Yes,11,3,3,80,0,6,4,3,6,4,0,2
53,No,Travel_Rarely,1223,Research & Development,7,2,Medical,1,1201,4,Female,50,3,5,Manager,3,Divorced,18606,18640,3,Y,No,18,3,2,80,1,26,6,3,7,7,4,7
29,No,Travel_Rarely,942,Research & Development,15,1,Life Sciences,1,1202,2,Female,69,1,1,Research Scientist,4,Married,2168,26933,0,Y,Yes,18,3,1,80,1,6,2,2,5,4,1,3
22,Yes,Travel_Frequently,1256,Research & Development,3,4,Life Sciences,1,1203,3,Male,48,2,1,Research Scientist,4,Married,2853,4223,0,Y,Yes,11,3,2,80,1,1,5,3,0,0,0,0
46,No,Travel_Rarely,1402,Sales,2,3,Marketing,1,1204,3,Female,69,3,4,Manager,1,Married,17048,24097,8,Y,No,23,4,1,80,0,28,2,3,26,15,15,9
44,No,Non-Travel,111,Research & Development,17,3,Life Sciences,1,1206,4,Male,74,1,1,Research Scientist,3,Single,2290,4279,2,Y,No,13,3,4,80,0,6,3,3,0,0,0,0
33,No,Travel_Rarely,147,Human Resources,2,3,Human Resources,1,1207,2,Male,99,3,1,Human Resources,3,Married,3600,8429,1,Y,No,13,3,4,80,1,5,2,3,5,4,1,4
41,Yes,Non-Travel,906,Research & Development,5,2,Life Sciences,1,1210,1,Male,95,2,1,Research Scientist,1,Divorced,2107,20293,6,Y,No,17,3,1,80,1,5,2,1,1,0,0,0
30,No,Travel_Rarely,1329,Sales,29,4,Life Sciences,1,1211,3,Male,61,3,2,Sales Executive,1,Divorced,4115,13192,8,Y,No,19,3,3,80,3,8,3,3,4,3,0,3
40,No,Travel_Frequently,1184,Sales,2,4,Medical,1,1212,2,Male,62,3,2,Sales Executive,2,Married,4327,25440,5,Y,No,12,3,4,80,3,5,2,3,0,0,0,0
50,No,Travel_Frequently,1421,Research & Development,2,3,Medical,1,1215,4,Female,30,3,4,Manager,1,Married,17856,9490,2,Y,No,22,4,3,80,1,32,3,3,2,2,2,2
28,No,Travel_Rarely,1179,Research & Development,19,4,Medical,1,1216,4,Male,78,2,1,Laboratory Technician,1,Married,3196,12449,1,Y,No,12,3,3,80,3,6,2,3,6,5,3,3
46,No,Travel_Rarely,1450,Research & Development,15,2,Life Sciences,1,1217,4,Male,52,3,5,Research Director,2,Married,19081,10849,5,Y,No,11,3,1,80,1,25,2,3,4,2,0,3
35,No,Travel_Rarely,1361,Sales,17,4,Life Sciences,1,1218,3,Male,94,3,2,Sales Executive,1,Married,8966,21026,3,Y,Yes,15,3,4,80,3,15,2,3,7,7,1,7
24,Yes,Travel_Rarely,984,Research & Development,17,2,Life Sciences,1,1219,4,Female,97,3,1,Laboratory Technician,2,Married,2210,3372,1,Y,No,13,3,1,80,1,1,3,1,1,0,0,0
33,No,Travel_Frequently,1146,Sales,25,3,Medical,1,1220,2,Female,82,3,2,Sales Executive,3,Married,4539,4905,1,Y,No,12,3,1,80,1,10,3,2,10,7,0,1
36,No,Travel_Rarely,917,Research & Development,6,4,Life Sciences,1,1221,3,Male,60,1,1,Laboratory Technician,3,Divorced,2741,6865,1,Y,No,14,3,3,80,1,7,4,3,7,7,1,7
30,No,Travel_Rarely,853,Research & Development,7,4,Life Sciences,1,1224,3,Male,49,3,2,Laboratory Technician,3,Divorced,3491,11309,1,Y,No,13,3,1,80,3,10,4,2,10,7,8,9
44,No,Travel_Rarely,200,Research & Development,29,4,Other,1,1225,4,Male,32,3,2,Research Scientist,4,Single,4541,7744,1,Y,No,25,4,2,80,0,20,3,3,20,11,13,17
20,No,Travel_Rarely,654,Sales,21,3,Marketing,1,1226,3,Male,43,4,1,Sales Representative,4,Single,2678,5050,1,Y,No,17,3,4,80,0,2,2,3,2,1,2,2
46,No,Travel_Rarely,150,Research & Development,2,4,Technical Degree,1,1228,4,Male,60,3,2,Manufacturing Director,4,Divorced,7379,17433,2,Y,No,11,3,3,80,1,12,3,2,6,3,1,4
42,No,Non-Travel,179,Human Resources,2,5,Medical,1,1231,4,Male,79,4,2,Human Resources,1,Married,6272,12858,7,Y,No,16,3,1,80,1,10,3,4,4,3,0,3
60,No,Travel_Rarely,696,Sales,7,4,Marketing,1,1233,2,Male,52,4,2,Sales Executive,4,Divorced,5220,10893,0,Y,Yes,18,3,2,80,1,12,3,3,11,7,1,9
32,No,Travel_Frequently,116,Research & Development,13,3,Other,1,1234,3,Female,77,2,1,Laboratory Technician,2,Married,2743,7331,1,Y,No,20,4,3,80,1,2,2,3,2,2,2,2
32,No,Travel_Frequently,1316,Research & Development,2,2,Life Sciences,1,1235,4,Female,38,3,2,Research Scientist,3,Single,4998,2338,4,Y,Yes,14,3,4,80,0,10,2,3,8,7,0,7
36,No,Travel_Rarely,363,Research & Development,1,3,Technical Degree,1,1237,3,Female,77,1,3,Manufacturing Director,1,Divorced,10252,4235,2,Y,Yes,21,4,3,80,1,17,2,3,7,7,7,7
33,No,Travel_Rarely,117,Research & Development,9,3,Medical,1,1238,1,Male,60,3,1,Research Scientist,4,Married,2781,6311,0,Y,No,13,3,2,80,1,15,5,3,14,10,4,10
40,No,Travel_Rarely,107,Sales,10,3,Technical Degree,1,1239,2,Female,84,2,2,Sales Executive,2,Divorced,6852,11591,7,Y,No,12,3,2,80,1,7,2,4,5,1,1,3
25,No,Travel_Rarely,1356,Sales,10,4,Life Sciences,1,1240,3,Male,57,3,2,Sales Executive,4,Single,4950,20623,0,Y,No,14,3,2,80,0,5,4,3,4,3,1,1
30,No,Travel_Rarely,1465,Research & Development,1,3,Medical,1,1241,4,Male,63,3,1,Research Scientist,2,Married,3579,9369,0,Y,Yes,21,4,1,80,1,12,2,3,11,9,5,7
42,No,Travel_Frequently,458,Research & Development,26,5,Medical,1,1242,1,Female,60,3,3,Research Director,1,Married,13191,23281,3,Y,Yes,17,3,3,80,0,20,6,3,1,0,0,0
35,No,Non-Travel,1212,Sales,8,2,Marketing,1,1243,3,Female,78,2,3,Sales Executive,4,Married,10377,13755,4,Y,Yes,11,3,2,80,1,16,6,2,13,2,4,12
27,No,Travel_Rarely,1103,Research & Development,14,3,Life Sciences,1,1244,1,Male,42,3,1,Research Scientist,1,Married,2235,14377,1,Y,Yes,14,3,4,80,2,9,3,2,9,7,6,8
54,No,Travel_Frequently,966,Research & Development,1,4,Life Sciences,1,1245,4,Female,53,3,3,Manufacturing Director,3,Divorced,10502,9659,7,Y,No,17,3,1,80,1,33,2,1,5,4,1,4
44,No,Travel_Rarely,1117,Research & Development,2,1,Life Sciences,1,1246,1,Female,72,4,1,Research Scientist,4,Married,2011,19982,1,Y,No,13,3,4,80,1,10,5,3,10,5,7,7
19,Yes,Non-Travel,504,Research & Development,10,3,Medical,1,1248,1,Female,96,2,1,Research Scientist,2,Single,1859,6148,1,Y,Yes,25,4,2,80,0,1,2,4,1,1,0,0
29,No,Travel_Rarely,1010,Research & Development,1,3,Life Sciences,1,1249,1,Female,97,3,1,Research Scientist,4,Divorced,3760,5598,1,Y,No,15,3,1,80,3,3,5,3,3,2,1,2
54,No,Travel_Rarely,685,Research & Development,3,3,Life Sciences,1,1250,4,Male,85,3,4,Research Director,4,Married,17779,23474,3,Y,No,14,3,1,80,0,36,2,3,10,9,0,9
31,No,Travel_Rarely,1332,Research & Development,11,2,Medical,1,1251,3,Male,80,3,2,Healthcare Representative,1,Married,6833,17089,1,Y,Yes,12,3,4,80,0,6,2,2,6,5,0,1
31,No,Travel_Rarely,1062,Research & Development,24,3,Medical,1,1252,3,Female,96,2,2,Healthcare Representative,1,Single,6812,17198,1,Y,No,19,3,2,80,0,10,2,3,10,9,1,8
59,No,Travel_Rarely,326,Sales,3,3,Life Sciences,1,1254,3,Female,48,2,2,Sales Executive,4,Single,5171,16490,5,Y,No,17,3,4,80,0,13,2,3,6,1,0,5
43,No,Travel_Rarely,920,Research & Development,3,3,Life Sciences,1,1255,3,Male,96,1,5,Research Director,4,Married,19740,18625,3,Y,No,14,3,2,80,1,25,2,3,8,7,0,7
49,No,Travel_Rarely,1098,Research & Development,4,2,Medical,1,1256,1,Male,85,2,5,Manager,3,Married,18711,12124,2,Y,No,13,3,3,80,1,23,2,4,1,0,0,0
36,No,Travel_Frequently,469,Research & Development,3,3,Technical Degree,1,1257,3,Male,46,3,1,Research Scientist,2,Married,3692,9256,1,Y,No,12,3,3,80,0,12,2,2,11,10,0,7
48,No,Travel_Rarely,969,Research & Development,2,2,Technical Degree,1,1258,4,Male,76,4,1,Laboratory Technician,2,Single,2559,16620,5,Y,No,11,3,3,80,0,7,4,2,1,0,0,0
27,No,Travel_Rarely,1167,Research & Development,4,2,Life Sciences,1,1259,1,Male,76,3,1,Research Scientist,3,Divorced,2517,3208,1,Y,No,11,3,2,80,3,5,2,3,5,3,0,3
29,No,Travel_Rarely,1329,Research & Development,7,3,Life Sciences,1,1260,3,Male,82,3,2,Healthcare Representative,4,Divorced,6623,4204,1,Y,Yes,11,3,2,80,2,6,2,3,6,0,1,0
48,No,Travel_Rarely,715,Research & Development,1,3,Life Sciences,1,1263,4,Male,76,2,5,Research Director,4,Single,18265,8733,6,Y,No,12,3,3,80,0,25,3,4,1,0,0,0
29,No,Travel_Rarely,694,Research & Development,1,3,Life Sciences,1,1264,4,Female,87,2,4,Research Director,4,Divorced,16124,3423,3,Y,No,14,3,2,80,2,9,2,2,7,7,1,7
34,No,Travel_Rarely,1320,Research & Development,20,3,Technical Degree,1,1265,3,Female,89,4,1,Research Scientist,3,Married,2585,21643,0,Y,No,17,3,4,80,0,2,5,2,1,0,0,0
44,No,Travel_Rarely,1099,Sales,5,3,Marketing,1,1267,2,Male,88,3,5,Manager,2,Married,18213,8751,7,Y,No,11,3,3,80,1,26,5,3,22,9,3,10
33,No,Travel_Rarely,536,Sales,10,5,Marketing,1,1268,4,Male,82,4,3,Sales Executive,3,Divorced,8380,21708,0,Y,Yes,14,3,4,80,2,10,3,3,9,8,0,8
19,No,Travel_Rarely,265,Research & Development,25,3,Life Sciences,1,1269,2,Female,57,4,1,Research Scientist,4,Single,2994,21221,1,Y,Yes,12,3,4,80,0,1,2,3,1,0,0,1
23,No,Travel_Rarely,373,Research & Development,1,2,Life Sciences,1,1270,4,Male,47,3,1,Research Scientist,3,Married,1223,16901,1,Y,No,22,4,4,80,1,1,2,3,1,0,0,1
25,Yes,Travel_Frequently,599,Sales,24,1,Life Sciences,1,1273,3,Male,73,1,1,Sales Representative,4,Single,1118,8040,1,Y,Yes,14,3,4,80,0,1,4,3,1,0,1,0
26,No,Travel_Rarely,583,Research & Development,4,2,Life Sciences,1,1275,3,Male,53,3,1,Research Scientist,4,Single,2875,9973,1,Y,Yes,20,4,2,80,0,8,2,2,8,5,2,2
45,Yes,Travel_Rarely,1449,Sales,2,3,Marketing,1,1277,1,Female,94,1,5,Manager,2,Single,18824,2493,2,Y,Yes,16,3,1,80,0,26,2,3,24,10,1,11
55,No,Non-Travel,177,Research & Development,8,1,Medical,1,1278,4,Male,37,2,4,Healthcare Representative,2,Divorced,13577,25592,1,Y,Yes,15,3,4,80,1,34,3,3,33,9,15,0
21,Yes,Travel_Frequently,251,Research & Development,10,2,Life Sciences,1,1279,1,Female,45,2,1,Laboratory Technician,3,Single,2625,25308,1,Y,No,20,4,3,80,0,2,2,1,2,2,2,2
46,No,Travel_Rarely,168,Sales,4,2,Marketing,1,1280,4,Female,33,2,5,Manager,2,Married,18789,9946,2,Y,No,14,3,3,80,1,26,2,3,11,4,0,8
34,No,Travel_Rarely,131,Sales,2,3,Marketing,1,1281,3,Female,86,3,2,Sales Executive,1,Single,4538,6039,0,Y,Yes,12,3,4,80,0,4,3,3,3,2,0,2
51,No,Travel_Frequently,237,Sales,9,3,Life Sciences,1,1282,4,Male,83,3,5,Manager,2,Divorced,19847,19196,4,Y,Yes,24,4,1,80,1,31,5,2,29,10,11,10
59,No,Travel_Rarely,1429,Research & Development,18,4,Medical,1,1283,4,Male,67,3,3,Manufacturing Director,4,Single,10512,20002,6,Y,No,12,3,4,80,0,25,6,2,9,7,5,4
34,No,Travel_Frequently,135,Research & Development,19,3,Medical,1,1285,3,Female,46,3,2,Laboratory Technician,2,Divorced,4444,22534,4,Y,No,13,3,3,80,2,15,2,4,11,8,5,10
28,No,Travel_Frequently,791,Research & Development,1,4,Medical,1,1286,4,Male,44,3,1,Laboratory Technician,3,Single,2154,6842,0,Y,Yes,11,3,3,80,0,5,2,2,4,2,0,2
44,No,Travel_Rarely,1199,Research & Development,4,2,Life Sciences,1,1288,3,Male,92,4,5,Manager,1,Divorced,19190,17477,1,Y,No,14,3,4,80,2,26,4,2,25,9,14,13
34,No,Travel_Frequently,648,Human Resources,11,3,Life Sciences,1,1289,3,Male,56,2,2,Human Resources,2,Married,4490,21833,4,Y,No,11,3,4,80,2,14,5,4,10,9,1,8
35,No,Travel_Rarely,735,Research & Development,6,1,Life Sciences,1,1291,3,Male,66,3,1,Research Scientist,3,Married,3506,6020,0,Y,Yes,14,3,4,80,0,4,3,3,3,2,2,2
42,No,Travel_Rarely,603,Research & Development,7,4,Medical,1,1292,2,Female,78,4,2,Research Scientist,2,Married,2372,5628,6,Y,Yes,16,3,4,80,0,18,2,3,1,0,0,0
43,No,Travel_Rarely,531,Sales,4,4,Marketing,1,1293,4,Female,56,2,3,Sales Executive,4,Single,10231,20364,3,Y,No,14,3,4,80,0,23,3,4,21,7,15,17
36,No,Travel_Rarely,429,Research & Development,2,4,Life Sciences,1,1294,3,Female,53,3,2,Manufacturing Director,2,Single,5410,2323,9,Y,Yes,11,3,4,80,0,18,2,3,16,14,5,12
44,Yes,Travel_Rarely,621,Research & Development,15,3,Medical,1,1295,1,Female,73,3,3,Healthcare Representative,4,Married,7978,14075,1,Y,No,11,3,4,80,1,10,2,3,10,7,0,5
28,No,Travel_Frequently,193,Research & Development,2,3,Life Sciences,1,1296,4,Male,52,2,1,Laboratory Technician,4,Married,3867,14222,1,Y,Yes,12,3,2,80,1,2,2,3,2,2,2,2
51,No,Travel_Frequently,968,Research & Development,6,2,Medical,1,1297,2,Female,40,2,1,Laboratory Technician,3,Single,2838,4257,0,Y,No,14,3,2,80,0,8,6,2,7,0,7,7
30,No,Non-Travel,879,Research & Development,9,2,Medical,1,1298,3,Female,72,3,2,Manufacturing Director,3,Single,4695,12858,7,Y,Yes,18,3,3,80,0,10,3,3,8,4,1,7
29,Yes,Travel_Rarely,806,Research & Development,7,3,Technical Degree,1,1299,2,Female,39,3,1,Laboratory Technician,3,Divorced,3339,17285,3,Y,Yes,13,3,1,80,2,10,2,3,7,7,7,7
28,No,Travel_Rarely,640,Research & Development,1,3,Technical Degree,1,1301,4,Male,84,3,1,Research Scientist,1,Single,2080,4732,2,Y,No,11,3,2,80,0,5,2,2,3,2,1,2
25,No,Travel_Rarely,266,Research & Development,1,3,Medical,1,1303,4,Female,40,3,1,Research Scientist,2,Single,2096,18830,1,Y,No,18,3,4,80,0,2,3,2,2,2,2,1
32,No,Travel_Rarely,604,Sales,8,3,Medical,1,1304,3,Male,56,4,2,Sales Executive,4,Married,6209,11693,1,Y,No,15,3,3,80,2,10,4,4,10,7,0,8
45,No,Travel_Frequently,364,Research & Development,25,3,Medical,1,1306,2,Female,83,3,5,Manager,2,Single,18061,13035,3,Y,No,22,4,3,80,0,22,4,3,0,0,0,0
39,No,Travel_Rarely,412,Research & Development,13,4,Medical,1,1307,3,Female,94,2,4,Manager,2,Divorced,17123,17334,6,Y,Yes,13,3,4,80,2,21,4,3,19,9,15,2
58,No,Travel_Rarely,848,Research & Development,23,4,Life Sciences,1,1308,1,Male,88,3,1,Research Scientist,3,Divorced,2372,26076,1,Y,No,12,3,4,80,2,2,3,3,2,2,2,2
32,Yes,Travel_Rarely,1089,Research & Development,7,2,Life Sciences,1,1309,4,Male,79,3,2,Laboratory Technician,3,Married,4883,22845,1,Y,No,18,3,1,80,1,10,3,3,10,4,1,1
39,Yes,Travel_Rarely,360,Research & Development,23,3,Medical,1,1310,3,Male,93,3,1,Research Scientist,1,Single,3904,22154,0,Y,No,13,3,1,80,0,6,2,3,5,2,0,3
30,No,Travel_Rarely,1138,Research & Development,6,3,Technical Degree,1,1311,1,Female,48,2,2,Laboratory Technician,4,Married,4627,23631,0,Y,No,12,3,1,80,1,10,6,3,9,2,6,7
36,No,Travel_Rarely,325,Research & Development,10,4,Technical Degree,1,1312,4,Female,63,3,3,Healthcare Representative,3,Married,7094,5747,3,Y,No,12,3,1,80,0,10,0,3,7,7,1,7
46,No,Travel_Rarely,991,Human Resources,1,2,Life Sciences,1,1314,4,Female,44,3,1,Human Resources,1,Single,3423,22957,6,Y,No,12,3,3,80,0,10,3,4,7,6,5,7
28,No,Non-Travel,1476,Research & Development,1,3,Life Sciences,1,1315,3,Female,55,1,2,Laboratory Technician,4,Married,6674,16392,0,Y,No,11,3,1,80,3,10,6,3,9,8,7,5
50,No,Travel_Rarely,1322,Research & Development,28,3,Life Sciences,1,1317,4,Female,43,3,4,Research Director,1,Married,16880,22422,4,Y,Yes,11,3,2,80,0,25,2,3,3,2,1,2
40,Yes,Travel_Rarely,299,Sales,25,4,Marketing,1,1318,4,Male,57,2,3,Sales Executive,2,Single,9094,17235,2,Y,Yes,12,3,3,80,0,9,2,3,5,4,1,0
52,Yes,Travel_Rarely,1030,Sales,5,3,Life Sciences,1,1319,2,Male,64,3,3,Sales Executive,2,Single,8446,21534,9,Y,Yes,19,3,3,80,0,10,2,2,8,7,7,7
30,No,Travel_Rarely,634,Research & Development,17,4,Medical,1,1321,2,Female,95,3,3,Manager,1,Married,11916,25927,1,Y,Yes,23,4,4,80,2,9,2,3,9,1,0,8
39,No,Travel_Rarely,524,Research & Development,18,2,Life Sciences,1,1322,1,Male,32,3,2,Manufacturing Director,3,Single,4534,13352,0,Y,No,11,3,1,80,0,9,6,3,8,7,1,7
31,No,Non-Travel,587,Sales,2,4,Life Sciences,1,1324,4,Female,57,3,3,Sales Executive,3,Divorced,9852,8935,1,Y,Yes,19,3,1,80,1,10,5,2,10,8,9,6
41,No,Non-Travel,256,Sales,10,2,Medical,1,1329,3,Male,40,1,2,Sales Executive,2,Single,6151,22074,1,Y,No,13,3,1,80,0,19,4,3,19,2,11,9
31,Yes,Travel_Frequently,1060,Sales,1,3,Life Sciences,1,1331,4,Female,54,3,1,Sales Representative,2,Single,2302,8319,1,Y,Yes,11,3,1,80,0,3,2,4,3,2,2,2
44,Yes,Travel_Rarely,935,Research & Development,3,3,Life Sciences,1,1333,1,Male,89,3,1,Laboratory Technician,1,Married,2362,14669,4,Y,No,12,3,3,80,0,10,4,4,3,2,1,2
42,No,Non-Travel,495,Research & Development,2,1,Life Sciences,1,1334,3,Male,37,3,4,Manager,3,Married,17861,26582,0,Y,Yes,13,3,4,80,0,21,3,2,20,8,2,10
55,No,Travel_Rarely,282,Research & Development,2,2,Medical,1,1336,4,Female,58,1,5,Manager,3,Married,19187,6992,4,Y,No,14,3,4,80,1,23,5,3,19,9,9,11
56,No,Travel_Rarely,206,Human Resources,8,4,Life Sciences,1,1338,4,Male,99,3,5,Manager,2,Single,19717,4022,6,Y,No,14,3,1,80,0,36,4,3,7,3,7,7
40,No,Non-Travel,458,Research & Development,16,2,Life Sciences,1,1340,3,Male,74,3,1,Research Scientist,3,Divorced,3544,8532,9,Y,No,16,3,2,80,1,6,0,3,4,2,0,0
34,No,Travel_Rarely,943,Research & Development,9,3,Life Sciences,1,1344,4,Male,86,3,3,Healthcare Representative,4,Divorced,8500,5494,0,Y,No,11,3,4,80,1,10,0,2,9,7,1,6
40,No,Travel_Rarely,523,Research & Development,2,3,Life Sciences,1,1346,3,Male,98,3,2,Research Scientist,4,Single,4661,22455,1,Y,No,13,3,3,80,0,9,4,3,9,8,8,8
41,No,Travel_Frequently,1018,Sales,1,3,Marketing,1,1349,3,Female,66,3,2,Sales Executive,1,Divorced,4103,4297,0,Y,No,17,3,4,80,1,10,2,3,9,3,1,7
35,No,Travel_Frequently,482,Research & Development,4,4,Life Sciences,1,1350,3,Male,87,3,2,Research Scientist,3,Single,4249,2690,1,Y,Yes,11,3,2,80,0,9,3,3,9,6,1,1
51,No,Travel_Rarely,770,Human Resources,5,3,Life Sciences,1,1352,3,Male,84,3,4,Manager,2,Divorced,14026,17588,1,Y,Yes,11,3,2,80,1,33,2,3,33,9,0,10
38,No,Travel_Rarely,1009,Sales,2,2,Life Sciences,1,1355,2,Female,31,3,2,Sales Executive,1,Divorced,6893,19461,3,Y,No,15,3,4,80,1,11,3,3,7,7,1,7
34,No,Travel_Rarely,507,Sales,15,2,Medical,1,1356,3,Female,66,3,2,Sales Executive,1,Single,6125,23553,1,Y,No,12,3,4,80,0,10,6,4,10,8,9,6
25,No,Travel_Rarely,882,Research & Development,19,1,Medical,1,1358,4,Male,67,3,1,Laboratory Technician,4,Married,3669,9075,3,Y,No,11,3,3,80,3,7,6,2,3,2,1,2
58,Yes,Travel_Rarely,601,Research & Development,7,4,Medical,1,1360,3,Female,53,2,3,Manufacturing Director,1,Married,10008,12023,7,Y,Yes,14,3,4,80,0,31,0,2,10,9,5,9
40,No,Travel_Rarely,329,Research & Development,1,4,Life Sciences,1,1361,2,Male,88,3,1,Laboratory Technician,2,Married,2387,6762,3,Y,No,22,4,3,80,1,7,3,3,4,2,0,3
36,No,Travel_Frequently,607,Sales,7,3,Marketing,1,1362,1,Female,83,4,2,Sales Executive,1,Married,4639,2261,2,Y,No,16,3,4,80,1,17,2,2,15,7,6,13
48,No,Travel_Rarely,855,Research & Development,4,3,Life Sciences,1,1363,4,Male,54,3,3,Manufacturing Director,4,Single,7898,18706,1,Y,No,11,3,3,80,0,11,2,3,10,9,0,8
27,No,Travel_Rarely,1291,Sales,11,3,Medical,1,1364,3,Female,98,4,1,Sales Representative,4,Married,2534,6527,8,Y,No,14,3,2,80,1,5,4,3,1,0,0,0
51,No,Travel_Rarely,1405,Research & Development,11,2,Technical Degree,1,1367,4,Female,82,2,4,Manufacturing Director,2,Single,13142,24439,3,Y,No,16,3,2,80,0,29,1,2,5,2,0,3
18,No,Non-Travel,1124,Research & Development,1,3,Life Sciences,1,1368,4,Female,97,3,1,Laboratory Technician,4,Single,1611,19305,1,Y,No,15,3,3,80,0,0,5,4,0,0,0,0
35,No,Travel_Rarely,817,Research & Development,1,3,Medical,1,1369,4,Female,60,2,2,Laboratory Technician,4,Married,5363,10846,0,Y,No,12,3,2,80,1,10,0,3,9,7,0,0
27,No,Travel_Frequently,793,Sales,2,1,Life Sciences,1,1371,4,Male,43,1,2,Sales Executive,4,Single,5071,20392,3,Y,No,20,4,2,80,0,8,3,3,6,2,0,0
55,Yes,Travel_Rarely,267,Sales,13,4,Marketing,1,1372,1,Male,85,4,4,Sales Executive,3,Single,13695,9277,6,Y,Yes,17,3,3,80,0,24,2,2,19,7,3,8
56,No,Travel_Rarely,1369,Research & Development,23,3,Life Sciences,1,1373,4,Male,68,3,4,Manufacturing Director,2,Married,13402,18235,4,Y,Yes,12,3,1,80,1,33,0,3,19,16,15,9
34,No,Non-Travel,999,Research & Development,26,1,Technical Degree,1,1374,1,Female,92,2,1,Research Scientist,3,Divorced,2029,15891,1,Y,No,20,4,3,80,3,5,2,3,5,4,0,0
40,No,Travel_Rarely,1202,Research & Development,2,1,Medical,1,1375,2,Female,89,4,2,Healthcare Representative,3,Divorced,6377,13888,5,Y,No,20,4,2,80,3,15,0,3,12,11,11,8
34,No,Travel_Rarely,285,Research & Development,29,3,Medical,1,1377,2,Male,86,3,2,Laboratory Technician,3,Married,5429,17491,4,Y,No,13,3,1,80,2,10,1,3,8,7,7,7
31,Yes,Travel_Frequently,703,Sales,2,3,Life Sciences,1,1379,3,Female,90,2,1,Sales Representative,4,Single,2785,11882,7,Y,No,14,3,3,80,0,3,3,4,1,0,0,0
35,Yes,Travel_Frequently,662,Sales,18,4,Marketing,1,1380,4,Female,67,3,2,Sales Executive,3,Married,4614,23288,0,Y,Yes,18,3,3,80,1,5,0,2,4,2,3,2
38,No,Travel_Frequently,693,Research & Development,7,3,Life Sciences,1,1382,4,Male,57,4,1,Research Scientist,3,Divorced,2610,15748,1,Y,No,11,3,4,80,3,4,2,3,4,2,0,3
34,No,Travel_Rarely,404,Research & Development,2,4,Technical Degree,1,1383,3,Female,98,3,2,Healthcare Representative,4,Single,6687,6163,1,Y,No,11,3,4,80,0,14,2,4,14,11,4,11
28,No,Travel_Rarely,736,Sales,26,3,Life Sciences,1,1387,3,Male,48,2,2,Sales Executive,1,Married,4724,24232,1,Y,No,11,3,3,80,1,5,0,3,5,3,0,4
31,Yes,Travel_Rarely,330,Research & Development,22,4,Medical,1,1389,4,Male,98,3,2,Manufacturing Director,3,Married,6179,21057,1,Y,Yes,15,3,4,80,2,10,3,2,10,2,6,7
39,No,Travel_Rarely,1498,Sales,21,4,Life Sciences,1,1390,1,Male,44,2,2,Sales Executive,4,Married,6120,3567,3,Y,Yes,12,3,4,80,2,8,2,4,5,4,1,4
51,No,Travel_Frequently,541,Sales,2,3,Marketing,1,1391,2,Male,52,3,3,Sales Executive,2,Married,10596,15395,2,Y,No,11,3,2,80,0,14,5,3,4,2,3,2
41,No,Travel_Frequently,1200,Research & Development,22,3,Life Sciences,1,1392,4,Female,75,3,2,Research Scientist,4,Divorced,5467,13953,3,Y,Yes,14,3,1,80,2,12,4,2,6,2,3,3
37,No,Travel_Rarely,1439,Research & Development,4,1,Life Sciences,1,1394,3,Male,54,3,1,Research Scientist,3,Married,2996,5182,7,Y,Yes,15,3,4,80,0,8,2,3,6,4,1,3
33,No,Travel_Frequently,1111,Sales,5,1,Life Sciences,1,1395,2,Male,61,3,2,Sales Executive,4,Married,9998,19293,6,Y,No,13,3,1,80,0,8,2,4,5,4,1,2
32,No,Travel_Rarely,499,Sales,2,1,Marketing,1,1396,3,Male,36,3,2,Sales Executive,2,Married,4078,20497,0,Y,Yes,13,3,1,80,3,4,3,2,3,2,1,2
39,No,Non-Travel,1485,Research & Development,25,2,Life Sciences,1,1397,3,Male,71,3,3,Healthcare Representative,3,Married,10920,3449,3,Y,No,21,4,2,80,1,13,2,3,6,4,0,5
25,No,Travel_Rarely,1372,Sales,18,1,Life Sciences,1,1399,1,Male,93,4,2,Sales Executive,3,Married,6232,12477,2,Y,No,11,3,2,80,0,6,3,2,3,2,1,2
52,No,Travel_Frequently,322,Research & Development,28,2,Medical,1,1401,4,Female,59,4,4,Manufacturing Director,3,Married,13247,9731,2,Y,Yes,11,3,2,80,1,24,3,2,5,3,0,2
43,No,Travel_Rarely,930,Research & Development,6,3,Medical,1,1402,1,Female,73,2,2,Research Scientist,3,Single,4081,20003,1,Y,Yes,14,3,1,80,0,20,3,1,20,7,1,8
27,No,Travel_Rarely,205,Sales,10,3,Marketing,1,1403,4,Female,98,2,2,Sales Executive,4,Married,5769,7100,1,Y,Yes,11,3,4,80,0,6,3,3,6,2,4,4
27,Yes,Travel_Rarely,135,Research & Development,17,4,Life Sciences,1,1405,4,Female,51,3,1,Research Scientist,3,Single,2394,25681,1,Y,Yes,13,3,4,80,0,8,2,3,8,2,7,7
26,No,Travel_Rarely,683,Research & Development,2,1,Medical,1,1407,1,Male,36,2,1,Research Scientist,4,Single,3904,4050,0,Y,No,12,3,4,80,0,5,2,3,4,3,1,1
42,No,Travel_Rarely,1147,Human Resources,10,3,Human Resources,1,1408,3,Female,31,3,4,Manager,1,Married,16799,16616,0,Y,No,14,3,3,80,1,21,5,3,20,7,0,9
52,No,Travel_Rarely,258,Research & Development,8,4,Other,1,1409,3,Female,54,3,1,Laboratory Technician,1,Married,2950,17363,9,Y,No,13,3,3,80,0,12,2,1,5,4,0,4
37,No,Travel_Rarely,1462,Research & Development,11,3,Medical,1,1411,1,Female,94,3,1,Laboratory Technician,3,Single,3629,19106,4,Y,No,18,3,1,80,0,8,6,3,3,2,0,2
35,No,Travel_Frequently,200,Research & Development,18,2,Life Sciences,1,1412,3,Male,60,3,3,Manufacturing Director,4,Single,9362,19944,2,Y,No,11,3,3,80,0,10,2,3,2,2,2,2
25,No,Travel_Rarely,949,Research & Development,1,3,Technical Degree,1,1415,1,Male,81,3,1,Laboratory Technician,4,Married,3229,4910,4,Y,No,11,3,2,80,1,7,2,2,3,2,0,2
26,No,Travel_Rarely,652,Research & Development,7,3,Other,1,1417,3,Male,100,4,1,Laboratory Technician,1,Single,3578,23577,0,Y,No,12,3,4,80,0,8,2,3,7,7,0,7
29,No,Travel_Rarely,332,Human Resources,17,3,Other,1,1419,2,Male,51,2,3,Human Resources,1,Single,7988,9769,1,Y,No,13,3,1,80,0,10,3,2,10,9,0,9
49,Yes,Travel_Frequently,1475,Research & Development,28,2,Life Sciences,1,1420,1,Male,97,2,2,Laboratory Technician,1,Single,4284,22710,3,Y,No,20,4,1,80,0,20,2,3,4,3,1,3
29,Yes,Travel_Frequently,337,Research & Development,14,1,Other,1,1421,3,Female,84,3,3,Healthcare Representative,4,Single,7553,22930,0,Y,Yes,12,3,1,80,0,9,1,3,8,7,7,7
54,No,Travel_Rarely,971,Research & Development,1,3,Medical,1,1422,4,Female,54,3,4,Research Director,4,Single,17328,5652,6,Y,No,19,3,4,80,0,29,3,2,20,7,12,7
58,No,Travel_Rarely,1055,Research & Development,1,3,Medical,1,1423,4,Female,76,3,5,Research Director,1,Married,19701,22456,3,Y,Yes,21,4,3,80,1,32,3,3,9,8,1,5
55,No,Travel_Rarely,1136,Research & Development,1,4,Medical,1,1424,2,Male,81,4,4,Research Director,4,Divorced,14732,12414,2,Y,No,13,3,4,80,2,31,4,4,7,7,0,0
36,No,Travel_Rarely,1174,Sales,3,4,Marketing,1,1425,1,Female,99,3,2,Sales Executive,2,Single,9278,20763,3,Y,Yes,16,3,4,80,0,15,3,3,5,4,0,1
31,Yes,Travel_Frequently,667,Sales,1,4,Life Sciences,1,1427,2,Female,50,1,1,Sales Representative,3,Single,1359,16154,1,Y,No,12,3,2,80,0,1,3,3,1,0,0,0
30,No,Travel_Rarely,855,Sales,7,4,Marketing,1,1428,4,Female,73,3,2,Sales Executive,1,Divorced,4779,12761,7,Y,No,14,3,2,80,2,8,3,3,3,2,0,2
31,No,Travel_Rarely,182,Research & Development,8,5,Life Sciences,1,1430,1,Female,93,3,4,Research Director,2,Single,16422,8847,3,Y,No,11,3,3,80,0,9,3,4,3,2,1,0
34,No,Travel_Frequently,560,Research & Development,1,4,Other,1,1431,4,Male,91,3,1,Research Scientist,1,Divorced,2996,20284,5,Y,No,14,3,3,80,2,10,2,3,4,3,1,3
31,Yes,Travel_Rarely,202,Research & Development,8,3,Life Sciences,1,1433,1,Female,34,2,1,Research Scientist,2,Single,1261,22262,1,Y,No,12,3,3,80,0,1,3,4,1,0,0,0
27,No,Travel_Rarely,1377,Research & Development,11,1,Life Sciences,1,1434,2,Male,91,3,1,Laboratory Technician,1,Married,2099,7679,0,Y,No,14,3,2,80,0,6,3,4,5,0,1,4
36,No,Travel_Rarely,172,Research & Development,4,4,Life Sciences,1,1435,1,Male,37,2,2,Laboratory Technician,4,Single,5810,22604,1,Y,No,16,3,3,80,0,10,2,2,10,4,1,8
36,No,Travel_Rarely,329,Sales,16,4,Marketing,1,1436,3,Female,98,2,2,Sales Executive,1,Married,5647,13494,4,Y,No,13,3,1,80,2,11,3,2,3,2,0,2
47,No,Travel_Rarely,465,Research & Development,1,3,Technical Degree,1,1438,1,Male,74,3,1,Research Scientist,4,Married,3420,10205,7,Y,No,12,3,3,80,1,17,2,2,6,5,1,2
25,Yes,Travel_Rarely,383,Sales,9,2,Life Sciences,1,1439,1,Male,68,2,1,Sales Representative,1,Married,4400,15182,3,Y,No,12,3,1,80,0,6,2,3,3,2,2,2
37,No,Non-Travel,1413,Research & Development,5,2,Technical Degree,1,1440,3,Male,84,4,1,Laboratory Technician,3,Single,3500,25470,0,Y,No,14,3,1,80,0,7,2,1,6,5,1,3
56,No,Travel_Rarely,1255,Research & Development,1,2,Life Sciences,1,1441,1,Female,90,3,1,Research Scientist,1,Married,2066,10494,2,Y,No,22,4,4,80,1,5,3,4,3,2,1,0
47,No,Travel_Rarely,359,Research & Development,2,4,Medical,1,1443,1,Female,82,3,4,Research Director,3,Married,17169,26703,3,Y,No,19,3,2,80,2,26,2,4,20,17,5,6
24,No,Travel_Rarely,1476,Sales,4,1,Medical,1,1445,4,Female,42,3,2,Sales Executive,3,Married,4162,15211,1,Y,Yes,12,3,3,80,2,5,3,3,5,4,0,3
32,No,Travel_Rarely,601,Sales,7,5,Marketing,1,1446,4,Male,97,3,2,Sales Executive,4,Married,9204,23343,4,Y,No,12,3,3,80,1,7,3,2,4,3,0,3
34,No,Travel_Rarely,401,Research & Development,1,3,Life Sciences,1,1447,4,Female,86,2,1,Laboratory Technician,2,Married,3294,3708,5,Y,No,17,3,1,80,1,7,2,2,5,4,0,2
41,No,Travel_Rarely,1283,Research & Development,5,5,Medical,1,1448,2,Male,90,4,1,Research Scientist,3,Married,2127,5561,2,Y,Yes,12,3,1,80,0,7,5,2,4,2,0,3
40,No,Non-Travel,663,Research & Development,9,4,Other,1,1449,3,Male,81,3,2,Laboratory Technician,3,Divorced,3975,23099,3,Y,No,11,3,3,80,2,11,2,4,8,7,0,7
31,No,Travel_Rarely,326,Sales,8,2,Life Sciences,1,1453,1,Male,31,3,3,Sales Executive,4,Divorced,10793,8386,1,Y,No,18,3,1,80,1,13,5,3,13,7,9,9
46,Yes,Travel_Rarely,377,Sales,9,3,Marketing,1,1457,1,Male,52,3,3,Sales Executive,4,Divorced,10096,15986,4,Y,No,11,3,1,80,1,28,1,4,7,7,4,3
39,Yes,Non-Travel,592,Research & Development,2,3,Life Sciences,1,1458,1,Female,54,2,1,Laboratory Technician,1,Single,3646,17181,2,Y,Yes,23,4,2,80,0,11,2,4,1,0,0,0
31,Yes,Travel_Frequently,1445,Research & Development,1,5,Life Sciences,1,1459,3,Female,100,4,3,Manufacturing Director,2,Single,7446,8931,1,Y,No,11,3,1,80,0,10,2,3,10,8,4,7
45,No,Travel_Rarely,1038,Research & Development,20,3,Medical,1,1460,2,Male,95,1,3,Healthcare Representative,1,Divorced,10851,19863,2,Y,Yes,18,3,2,80,1,24,2,3,7,7,0,7
31,No,Travel_Rarely,1398,Human Resources,8,2,Medical,1,1461,4,Female,96,4,1,Human Resources,2,Single,2109,24609,9,Y,No,18,3,4,80,0,8,3,3,3,2,0,2
31,Yes,Travel_Frequently,523,Research & Development,2,3,Life Sciences,1,1464,2,Male,94,3,1,Laboratory Technician,4,Married,3722,21081,6,Y,Yes,13,3,3,80,1,7,2,1,2,2,2,2
45,No,Travel_Rarely,1448,Research & Development,29,3,Technical Degree,1,1465,2,Male,55,3,3,Manufacturing Director,4,Married,9380,14720,4,Y,Yes,18,3,4,80,2,10,4,4,3,1,1,2
48,No,Travel_Rarely,1221,Sales,7,3,Marketing,1,1466,3,Male,96,3,2,Sales Executive,1,Divorced,5486,24795,4,Y,No,11,3,1,80,3,15,3,3,2,2,2,2
34,Yes,Travel_Rarely,1107,Human Resources,9,4,Technical Degree,1,1467,1,Female,52,3,1,Human Resources,3,Married,2742,3072,1,Y,No,15,3,4,80,0,2,0,3,2,2,2,2
40,No,Non-Travel,218,Research & Development,8,1,Medical,1,1468,4,Male,55,2,3,Research Director,2,Divorced,13757,25178,2,Y,No,11,3,3,80,1,16,5,3,9,8,4,8
28,No,Travel_Rarely,866,Sales,5,3,Medical,1,1469,4,Male,84,3,2,Sales Executive,1,Single,8463,23490,0,Y,No,18,3,4,80,0,6,4,3,5,4,1,3
44,No,Non-Travel,981,Research & Development,5,3,Life Sciences,1,1471,3,Male,90,2,1,Laboratory Technician,3,Single,3162,7973,3,Y,No,14,3,4,80,0,7,5,3,5,2,0,3
53,No,Travel_Rarely,447,Research & Development,2,3,Medical,1,1472,4,Male,39,4,4,Research Director,2,Single,16598,19764,4,Y,No,12,3,2,80,0,35,2,2,9,8,8,8
49,No,Travel_Rarely,1495,Research & Development,5,4,Technical Degree,1,1473,1,Male,96,3,2,Healthcare Representative,3,Married,6651,21534,2,Y,No,14,3,2,80,1,20,0,2,3,2,1,2
40,No,Travel_Rarely,896,Research & Development,2,3,Medical,1,1474,3,Male,68,3,1,Research Scientist,3,Divorced,2345,8045,2,Y,No,14,3,3,80,1,8,3,4,3,1,1,2
44,No,Travel_Rarely,1467,Research & Development,20,3,Life Sciences,1,1475,4,Male,49,3,1,Research Scientist,2,Single,3420,21158,1,Y,No,13,3,3,80,0,6,3,2,5,2,1,3
33,No,Travel_Frequently,430,Sales,7,3,Medical,1,1477,4,Male,54,3,2,Sales Executive,1,Married,4373,17456,0,Y,No,14,3,1,80,2,5,2,3,4,3,0,3
34,No,Travel_Rarely,1326,Sales,3,3,Other,1,1478,4,Male,81,1,2,Sales Executive,1,Single,4759,15891,3,Y,No,18,3,4,80,0,15,2,3,13,9,3,12
30,No,Travel_Rarely,1358,Sales,16,1,Life Sciences,1,1479,4,Male,96,3,2,Sales Executive,3,Married,5301,2939,8,Y,No,15,3,3,80,2,4,2,2,2,1,2,2
42,No,Travel_Frequently,748,Research & Development,9,2,Medical,1,1480,1,Female,74,3,1,Laboratory Technician,4,Single,3673,16458,1,Y,No,13,3,3,80,0,12,3,3,12,9,5,8
44,No,Travel_Frequently,383,Sales,1,5,Marketing,1,1481,1,Female,79,3,2,Sales Executive,3,Married,4768,9282,7,Y,No,12,3,3,80,1,11,4,2,1,0,0,0
30,No,Non-Travel,990,Research & Development,7,3,Technical Degree,1,1482,3,Male,64,3,1,Research Scientist,3,Divorced,1274,7152,1,Y,No,13,3,2,80,2,1,2,2,1,0,0,0
57,No,Travel_Rarely,405,Research & Development,1,2,Life Sciences,1,1483,2,Male,93,4,2,Research Scientist,3,Married,4900,2721,0,Y,No,24,4,1,80,1,13,2,2,12,9,2,8
49,No,Travel_Rarely,1490,Research & Development,7,4,Life Sciences,1,1484,3,Male,35,3,3,Healthcare Representative,2,Divorced,10466,20948,3,Y,No,14,3,2,80,2,29,3,3,8,7,0,7
34,No,Travel_Frequently,829,Research & Development,15,3,Medical,1,1485,2,Male,71,3,4,Research Director,1,Divorced,17007,11929,7,Y,No,14,3,4,80,2,16,3,2,14,8,6,9
28,Yes,Travel_Frequently,1496,Sales,1,3,Technical Degree,1,1486,1,Male,92,3,1,Sales Representative,3,Married,2909,15747,3,Y,No,15,3,4,80,1,5,3,4,3,2,1,2
29,Yes,Travel_Frequently,115,Sales,13,3,Technical Degree,1,1487,1,Female,51,3,2,Sales Executive,2,Single,5765,17485,5,Y,No,11,3,1,80,0,7,4,1,5,3,0,0
34,Yes,Travel_Rarely,790,Sales,24,4,Medical,1,1489,1,Female,40,2,2,Sales Executive,2,Single,4599,7815,0,Y,Yes,23,4,3,80,0,16,2,4,15,9,10,10
35,No,Travel_Rarely,660,Sales,7,1,Life Sciences,1,1492,4,Male,76,3,1,Sales Representative,3,Married,2404,16192,1,Y,No,13,3,1,80,1,1,3,3,1,0,0,0
24,Yes,Travel_Frequently,381,Research & Development,9,3,Medical,1,1494,2,Male,89,3,1,Laboratory Technician,1,Single,3172,16998,2,Y,Yes,11,3,3,80,0,4,2,2,0,0,0,0
24,No,Non-Travel,830,Sales,13,2,Life Sciences,1,1495,4,Female,78,3,1,Sales Representative,2,Married,2033,7103,1,Y,No,13,3,3,80,1,1,2,3,1,0,0,0
44,No,Travel_Frequently,1193,Research & Development,2,1,Medical,1,1496,2,Male,86,3,3,Manufacturing Director,3,Single,10209,19719,5,Y,Yes,18,3,2,80,0,16,2,2,2,2,2,2
29,No,Travel_Rarely,1246,Sales,19,3,Life Sciences,1,1497,3,Male,77,2,2,Sales Executive,3,Divorced,8620,23757,1,Y,No,14,3,3,80,2,10,3,3,10,7,0,4
30,No,Travel_Rarely,330,Human Resources,1,3,Life Sciences,1,1499,3,Male,46,3,1,Human Resources,3,Divorced,2064,15428,0,Y,No,21,4,1,80,1,6,3,4,5,3,1,3
55,No,Travel_Rarely,1229,Research & Development,4,4,Life Sciences,1,1501,4,Male,30,3,2,Healthcare Representative,3,Married,4035,16143,0,Y,Yes,16,3,2,80,0,4,2,3,3,2,1,2
33,No,Travel_Rarely,1099,Research & Development,4,4,Medical,1,1502,1,Female,82,2,1,Laboratory Technician,2,Married,3838,8192,8,Y,No,11,3,4,80,0,8,5,3,5,4,0,2
47,No,Travel_Rarely,571,Sales,14,3,Medical,1,1503,3,Female,78,3,2,Sales Executive,3,Married,4591,24200,3,Y,Yes,17,3,3,80,1,11,4,2,5,4,1,2
28,Yes,Travel_Frequently,289,Research & Development,2,2,Medical,1,1504,3,Male,38,2,1,Laboratory Technician,1,Single,2561,5355,7,Y,No,11,3,3,80,0,8,2,2,0,0,0,0
28,No,Travel_Rarely,1423,Research & Development,1,3,Life Sciences,1,1506,1,Male,72,2,1,Research Scientist,3,Divorced,1563,12530,1,Y,No,14,3,4,80,1,1,2,1,1,0,0,0
28,No,Travel_Frequently,467,Sales,7,3,Life Sciences,1,1507,3,Male,55,3,2,Sales Executive,1,Single,4898,11827,0,Y,No,14,3,4,80,0,5,5,3,4,2,1,3
49,No,Travel_Rarely,271,Research & Development,3,2,Medical,1,1509,3,Female,43,2,2,Laboratory Technician,1,Married,4789,23070,4,Y,No,25,4,1,80,1,10,3,3,3,2,1,2
29,No,Travel_Frequently,410,Research & Development,2,1,Life Sciences,1,1513,4,Female,97,3,1,Laboratory Technician,2,Married,3180,4668,0,Y,No,13,3,3,80,3,4,3,3,3,2,0,2
28,No,Travel_Rarely,1083,Research & Development,29,1,Life Sciences,1,1514,3,Male,96,1,2,Manufacturing Director,2,Married,6549,3173,1,Y,No,14,3,2,80,2,8,2,2,8,6,1,7
33,No,Travel_Rarely,516,Research & Development,8,5,Life Sciences,1,1515,4,Male,69,3,2,Healthcare Representative,3,Single,6388,22049,2,Y,Yes,17,3,1,80,0,14,6,3,0,0,0,0
32,No,Travel_Rarely,495,Research & Development,10,3,Medical,1,1516,3,Male,64,3,3,Manager,4,Single,11244,21072,2,Y,No,25,4,2,80,0,10,5,4,5,2,0,0
54,No,Travel_Frequently,1050,Research & Development,11,4,Medical,1,1520,2,Female,87,3,4,Manager,4,Divorced,16032,24456,3,Y,No,20,4,1,80,1,26,2,3,14,9,1,12
29,Yes,Travel_Rarely,224,Research & Development,1,4,Technical Degree,1,1522,1,Male,100,2,1,Research Scientist,1,Single,2362,7568,6,Y,No,13,3,3,80,0,11,2,1,9,7,0,7
44,No,Travel_Rarely,136,Research & Development,28,3,Life Sciences,1,1523,4,Male,32,3,4,Research Director,1,Married,16328,22074,3,Y,No,13,3,3,80,1,24,1,4,20,6,14,17
39,No,Travel_Rarely,1089,Research & Development,6,3,Life Sciences,1,1525,2,Female,32,3,3,Manufacturing Director,2,Single,8376,9150,4,Y,No,18,3,4,80,0,9,3,3,2,0,2,2
46,No,Travel_Rarely,228,Sales,3,3,Life Sciences,1,1527,3,Female,51,3,4,Manager,2,Married,16606,11380,8,Y,No,12,3,4,80,1,23,2,4,13,12,5,1
35,No,Travel_Rarely,1029,Research & Development,16,3,Life Sciences,1,1529,4,Female,91,2,3,Healthcare Representative,2,Single,8606,21195,1,Y,No,19,3,4,80,0,11,3,1,11,8,3,3
23,No,Travel_Rarely,507,Research & Development,20,1,Life Sciences,1,1533,1,Male,97,3,2,Laboratory Technician,3,Single,2272,24812,0,Y,No,14,3,2,80,0,5,2,3,4,3,1,2
40,Yes,Travel_Rarely,676,Research & Development,9,4,Life Sciences,1,1534,4,Male,86,3,1,Laboratory Technician,1,Single,2018,21831,3,Y,No,14,3,2,80,0,15,3,1,5,4,1,0
34,No,Travel_Rarely,971,Sales,1,3,Technical Degree,1,1535,4,Male,64,2,3,Sales Executive,3,Married,7083,12288,1,Y,Yes,14,3,4,80,0,10,3,3,10,9,8,6
31,Yes,Travel_Frequently,561,Research & Development,3,3,Life Sciences,1,1537,4,Female,33,3,1,Research Scientist,3,Single,4084,4156,1,Y,No,12,3,1,80,0,7,2,1,7,2,7,7
50,No,Travel_Frequently,333,Research & Development,22,5,Medical,1,1539,3,Male,88,1,4,Research Director,4,Single,14411,24450,1,Y,Yes,13,3,4,80,0,32,2,3,32,6,13,9
34,No,Travel_Rarely,1440,Sales,7,2,Technical Degree,1,1541,2,Male,55,3,1,Sales Representative,3,Married,2308,4944,0,Y,Yes,25,4,2,80,1,12,4,3,11,10,5,7
42,No,Travel_Rarely,1210,Research & Development,2,3,Medical,1,1542,3,Male,68,2,1,Laboratory Technician,2,Married,4841,24052,4,Y,No,14,3,2,80,1,4,3,3,1,0,0,0
37,No,Travel_Rarely,674,Research & Development,13,3,Medical,1,1543,1,Male,47,3,2,Research Scientist,4,Married,4285,3031,1,Y,No,17,3,1,80,0,10,2,3,10,8,3,7
29,No,Travel_Rarely,441,Research & Development,8,1,Other,1,1544,3,Female,39,1,2,Healthcare Representative,1,Married,9715,7288,3,Y,No,13,3,3,80,1,9,3,3,7,7,0,7
33,No,Travel_Rarely,575,Research & Development,25,3,Life Sciences,1,1545,4,Male,44,2,2,Manufacturing Director,2,Single,4320,24152,1,Y,No,13,3,4,80,0,5,2,3,5,3,0,2
45,No,Travel_Rarely,950,Research & Development,28,3,Technical Degree,1,1546,4,Male,97,3,1,Research Scientist,4,Married,2132,4585,4,Y,No,20,4,4,80,1,8,3,3,5,4,0,3
42,No,Travel_Frequently,288,Research & Development,2,3,Life Sciences,1,1547,4,Male,40,3,3,Healthcare Representative,4,Married,10124,18611,2,Y,Yes,14,3,3,80,1,24,3,1,20,8,13,9
40,No,Travel_Rarely,1342,Sales,9,2,Medical,1,1548,1,Male,47,3,2,Sales Executive,1,Married,5473,19345,0,Y,No,12,3,4,80,0,9,5,4,8,4,7,1
33,No,Travel_Rarely,589,Research & Development,28,4,Life Sciences,1,1549,2,Male,79,3,2,Laboratory Technician,3,Married,5207,22949,1,Y,Yes,12,3,2,80,1,15,3,3,15,14,5,7
40,No,Travel_Rarely,898,Human Resources,6,2,Medical,1,1550,3,Male,38,3,4,Manager,4,Single,16437,17381,1,Y,Yes,21,4,4,80,0,21,2,3,21,7,7,7
24,No,Travel_Rarely,350,Research & Development,21,2,Technical Degree,1,1551,3,Male,57,2,1,Laboratory Technician,1,Divorced,2296,10036,0,Y,No,14,3,2,80,3,2,3,3,1,1,0,0
40,No,Non-Travel,1142,Research & Development,8,2,Life Sciences,1,1552,4,Male,72,3,2,Healthcare Representative,4,Divorced,4069,8841,3,Y,Yes,18,3,3,80,0,8,2,3,2,2,2,2
45,No,Travel_Rarely,538,Research & Development,1,4,Technical Degree,1,1553,1,Male,66,3,3,Healthcare Representative,2,Divorced,7441,20933,1,Y,No,12,3,1,80,3,10,4,3,10,8,7,7
35,No,Travel_Rarely,1402,Sales,28,4,Life Sciences,1,1554,2,Female,98,2,1,Sales Representative,3,Married,2430,26204,0,Y,No,23,4,1,80,2,6,5,3,5,3,4,2
32,No,Travel_Rarely,824,Research & Development,5,2,Life Sciences,1,1555,4,Female,67,2,2,Research Scientist,2,Married,5878,15624,3,Y,No,12,3,1,80,1,12,2,3,7,1,2,5
36,No,Travel_Rarely,1157,Sales,2,4,Life Sciences,1,1556,3,Male,70,3,1,Sales Representative,4,Single,2644,17001,3,Y,Yes,21,4,4,80,0,7,3,2,3,2,1,2
48,No,Travel_Rarely,492,Sales,16,4,Life Sciences,1,1557,3,Female,96,3,2,Sales Executive,3,Divorced,6439,13693,8,Y,No,14,3,3,80,1,18,2,3,8,7,7,7
29,No,Travel_Rarely,598,Research & Development,9,3,Life Sciences,1,1558,3,Male,91,4,1,Research Scientist,3,Married,2451,22376,6,Y,No,18,3,1,80,2,5,2,2,1,0,0,0
33,No,Travel_Rarely,1242,Sales,8,4,Life Sciences,1,1560,1,Male,46,3,2,Sales Executive,1,Married,6392,10589,2,Y,No,13,3,4,80,1,8,6,1,2,2,2,2
30,Yes,Travel_Rarely,740,Sales,1,3,Life Sciences,1,1562,2,Male,64,2,2,Sales Executive,1,Married,9714,5323,1,Y,No,11,3,4,80,1,10,4,3,10,8,6,7
38,No,Travel_Frequently,888,Human Resources,10,4,Human Resources,1,1563,3,Male,71,3,2,Human Resources,3,Married,6077,14814,3,Y,No,11,3,3,80,0,10,2,3,6,3,1,2
35,No,Travel_Rarely,992,Research & Development,1,3,Medical,1,1564,4,Male,68,2,1,Laboratory Technician,1,Single,2450,21731,1,Y,No,19,3,2,80,0,3,3,3,3,0,1,2
30,No,Travel_Rarely,1288,Sales,29,4,Technical Degree,1,1568,3,Male,33,3,3,Sales Executive,2,Married,9250,17799,3,Y,No,12,3,2,80,1,9,3,3,4,2,1,3
35,Yes,Travel_Rarely,104,Research & Development,2,3,Life Sciences,1,1569,1,Female,69,3,1,Laboratory Technician,1,Divorced,2074,26619,1,Y,Yes,12,3,4,80,1,1,2,3,1,0,0,0
53,Yes,Travel_Rarely,607,Research & Development,2,5,Technical Degree,1,1572,3,Female,78,2,3,Manufacturing Director,4,Married,10169,14618,0,Y,No,16,3,2,80,1,34,4,3,33,7,1,9
38,Yes,Travel_Rarely,903,Research & Development,2,3,Medical,1,1573,3,Male,81,3,2,Manufacturing Director,2,Married,4855,7653,4,Y,No,11,3,1,80,2,7,2,3,5,2,1,4
32,No,Non-Travel,1200,Research & Development,1,4,Technical Degree,1,1574,4,Male,62,3,2,Research Scientist,1,Married,4087,25174,4,Y,No,14,3,2,80,1,9,3,2,6,5,1,2
48,No,Travel_Rarely,1108,Research & Development,15,4,Other,1,1576,3,Female,65,3,1,Research Scientist,1,Married,2367,16530,8,Y,No,12,3,4,80,1,10,3,2,8,2,7,6
34,No,Travel_Rarely,479,Research & Development,7,4,Medical,1,1577,1,Male,35,3,1,Research Scientist,4,Single,2972,22061,1,Y,No,13,3,3,80,0,1,4,1,1,0,0,0
55,No,Travel_Rarely,685,Sales,26,5,Marketing,1,1578,3,Male,60,2,5,Manager,4,Married,19586,23037,1,Y,No,21,4,3,80,1,36,3,3,36,6,2,13
34,No,Travel_Rarely,1351,Research & Development,1,4,Life Sciences,1,1580,2,Male,45,3,2,Research Scientist,4,Married,5484,13008,9,Y,No,17,3,2,80,1,9,3,2,2,2,2,1
26,No,Travel_Rarely,474,Research & Development,3,3,Life Sciences,1,1581,1,Female,89,3,1,Research Scientist,4,Married,2061,11133,1,Y,No,21,4,1,80,0,1,5,3,1,0,0,0
38,No,Travel_Rarely,1245,Sales,14,3,Life Sciences,1,1582,3,Male,80,3,2,Sales Executive,2,Married,9924,12355,0,Y,No,11,3,4,80,1,10,3,3,9,8,7,7
38,No,Travel_Rarely,437,Sales,16,3,Life Sciences,1,1583,2,Female,90,3,2,Sales Executive,2,Single,4198,16379,2,Y,No,12,3,2,80,0,8,5,4,3,2,1,2
36,No,Travel_Rarely,884,Sales,1,4,Life Sciences,1,1585,2,Female,73,3,2,Sales Executive,3,Single,6815,21447,6,Y,No,13,3,1,80,0,15,5,3,1,0,0,0
29,No,Travel_Rarely,1370,Research & Development,3,1,Medical,1,1586,2,Male,87,3,1,Laboratory Technician,1,Single,4723,16213,1,Y,Yes,18,3,4,80,0,10,3,3,10,9,1,5
35,No,Travel_Rarely,670,Research & Development,10,4,Medical,1,1587,1,Female,51,3,2,Healthcare Representative,3,Single,6142,4223,3,Y,Yes,16,3,3,80,0,10,4,3,5,2,0,4
39,No,Travel_Rarely,1462,Sales,6,3,Medical,1,1588,4,Male,38,4,3,Sales Executive,3,Married,8237,4658,2,Y,No,11,3,1,80,1,11,3,3,7,6,7,6
29,No,Travel_Frequently,995,Research & Development,2,1,Life Sciences,1,1590,1,Male,87,3,2,Healthcare Representative,4,Divorced,8853,24483,1,Y,No,19,3,4,80,1,6,0,4,6,4,1,3
50,No,Travel_Rarely,264,Sales,9,3,Marketing,1,1591,3,Male,59,3,5,Manager,3,Married,19331,19519,4,Y,Yes,16,3,3,80,1,27,2,3,1,0,0,0
23,No,Travel_Rarely,977,Research & Development,10,3,Technical Degree,1,1592,4,Male,45,4,1,Research Scientist,3,Married,2073,12826,2,Y,No,16,3,4,80,1,4,2,3,2,2,2,2
36,No,Travel_Frequently,1302,Research & Development,6,4,Life Sciences,1,1594,1,Male,80,4,2,Laboratory Technician,1,Married,5562,19711,3,Y,Yes,13,3,4,80,1,9,3,3,3,2,0,2
42,No,Travel_Rarely,1059,Research & Development,9,2,Other,1,1595,4,Male,93,2,5,Manager,4,Single,19613,26362,8,Y,No,22,4,4,80,0,24,2,3,1,0,0,1
35,No,Travel_Rarely,750,Research & Development,28,3,Life Sciences,1,1596,2,Male,46,4,2,Laboratory Technician,3,Married,3407,25348,1,Y,No,17,3,4,80,2,10,3,2,10,9,6,8
34,No,Travel_Frequently,653,Research & Development,10,4,Technical Degree,1,1597,4,Male,92,2,2,Healthcare Representative,3,Married,5063,15332,1,Y,No,14,3,2,80,1,8,3,2,8,2,7,7
40,No,Travel_Rarely,118,Sales,14,2,Life Sciences,1,1598,4,Female,84,3,2,Sales Executive,1,Married,4639,11262,1,Y,No,15,3,3,80,1,5,2,3,5,4,1,2
43,No,Travel_Rarely,990,Research & Development,27,3,Technical Degree,1,1599,4,Male,87,4,1,Laboratory Technician,2,Divorced,4876,5855,5,Y,No,12,3,3,80,1,8,0,3,6,4,0,2
35,No,Travel_Rarely,1349,Research & Development,7,2,Life Sciences,1,1601,3,Male,63,2,1,Laboratory Technician,4,Married,2690,7713,1,Y,No,18,3,4,80,1,1,5,2,1,0,0,1
46,No,Travel_Rarely,563,Sales,1,4,Life Sciences,1,1602,4,Male,56,4,4,Manager,1,Single,17567,3156,1,Y,No,15,3,2,80,0,27,5,1,26,0,0,12
28,Yes,Travel_Rarely,329,Research & Development,24,3,Medical,1,1604,3,Male,51,3,1,Laboratory Technician,2,Married,2408,7324,1,Y,Yes,17,3,3,80,3,1,3,3,1,1,0,0
22,No,Non-Travel,457,Research & Development,26,2,Other,1,1605,2,Female,85,2,1,Research Scientist,3,Married,2814,10293,1,Y,Yes,14,3,2,80,0,4,2,2,4,2,1,3
50,No,Travel_Frequently,1234,Research & Development,20,5,Medical,1,1606,2,Male,41,3,4,Healthcare Representative,3,Married,11245,20689,2,Y,Yes,15,3,3,80,1,32,3,3,30,8,12,13
32,No,Travel_Rarely,634,Research & Development,5,4,Other,1,1607,2,Female,35,4,1,Research Scientist,4,Married,3312,18783,3,Y,No,17,3,4,80,2,6,3,3,3,2,0,2
44,No,Travel_Rarely,1313,Research & Development,7,3,Medical,1,1608,2,Female,31,3,5,Research Director,4,Divorced,19049,3549,0,Y,Yes,14,3,4,80,1,23,4,2,22,7,1,10
30,No,Travel_Rarely,241,Research & Development,7,3,Medical,1,1609,2,Male,48,2,1,Research Scientist,2,Married,2141,5348,1,Y,No,12,3,2,80,1,6,3,2,6,4,1,1
45,No,Travel_Rarely,1015,Research & Development,5,5,Medical,1,1611,3,Female,50,1,2,Laboratory Technician,1,Single,5769,23447,1,Y,Yes,14,3,1,80,0,10,3,3,10,7,1,4
45,No,Non-Travel,336,Sales,26,3,Marketing,1,1612,1,Male,52,2,2,Sales Executive,1,Married,4385,24162,1,Y,No,15,3,1,80,1,10,2,3,10,7,4,5
31,No,Travel_Frequently,715,Sales,2,4,Other,1,1613,4,Male,54,3,2,Sales Executive,1,Single,5332,21602,7,Y,No,13,3,4,80,0,10,3,3,5,2,0,3
36,No,Travel_Rarely,559,Research & Development,12,4,Life Sciences,1,1614,3,Female,76,3,2,Manufacturing Director,3,Married,4663,12421,9,Y,Yes,12,3,2,80,2,7,2,3,3,2,1,1
34,No,Travel_Frequently,426,Research & Development,10,4,Life Sciences,1,1615,3,Male,42,4,2,Manufacturing Director,4,Divorced,4724,17000,1,Y,No,13,3,1,80,1,9,3,3,9,7,7,2
49,No,Travel_Rarely,722,Research & Development,25,4,Life Sciences,1,1617,3,Female,84,3,1,Laboratory Technician,1,Married,3211,22102,1,Y,No,14,3,4,80,1,10,3,2,9,6,1,4
39,No,Travel_Rarely,1387,Research & Development,10,5,Medical,1,1618,2,Male,76,3,2,Manufacturing Director,1,Married,5377,3835,2,Y,No,13,3,4,80,3,10,3,3,7,7,7,7
27,No,Travel_Rarely,1302,Research & Development,19,3,Other,1,1619,4,Male,67,2,1,Laboratory Technician,1,Divorced,4066,16290,1,Y,No,11,3,1,80,2,7,3,3,7,7,0,7
35,No,Travel_Rarely,819,Research & Development,18,5,Life Sciences,1,1621,2,Male,48,4,2,Research Scientist,1,Married,5208,26312,1,Y,No,11,3,4,80,0,16,2,3,16,15,1,10
28,No,Travel_Rarely,580,Research & Development,27,3,Medical,1,1622,2,Female,39,1,2,Manufacturing Director,1,Divorced,4877,20460,0,Y,No,21,4,2,80,1,6,5,2,5,3,0,0
21,No,Travel_Rarely,546,Research & Development,5,1,Medical,1,1623,3,Male,97,3,1,Research Scientist,4,Single,3117,26009,1,Y,No,18,3,3,80,0,3,2,3,2,2,2,2
18,Yes,Travel_Frequently,544,Sales,3,2,Medical,1,1624,2,Female,70,3,1,Sales Representative,4,Single,1569,18420,1,Y,Yes,12,3,3,80,0,0,2,4,0,0,0,0
47,No,Travel_Rarely,1176,Human Resources,26,4,Life Sciences,1,1625,4,Female,98,3,5,Manager,3,Married,19658,5220,3,Y,No,11,3,3,80,1,27,2,3,5,2,1,0
39,No,Travel_Rarely,170,Research & Development,3,2,Medical,1,1627,3,Male,76,2,2,Laboratory Technician,3,Divorced,3069,10302,0,Y,No,15,3,4,80,1,11,3,3,10,8,0,7
40,No,Travel_Rarely,884,Research & Development,15,3,Life Sciences,1,1628,1,Female,80,2,3,Manufacturing Director,3,Married,10435,25800,1,Y,No,13,3,4,80,2,18,2,3,18,15,14,12
35,No,Non-Travel,208,Research & Development,8,4,Life Sciences,1,1630,3,Female,52,3,2,Healthcare Representative,3,Married,4148,12250,1,Y,No,12,3,4,80,1,15,5,3,14,11,2,9
37,No,Travel_Rarely,671,Research & Development,19,3,Life Sciences,1,1631,3,Male,85,3,2,Manufacturing Director,3,Married,5768,26493,3,Y,No,17,3,1,80,3,9,2,2,4,3,0,2
39,No,Travel_Frequently,711,Research & Development,4,3,Medical,1,1633,1,Female,81,3,2,Manufacturing Director,3,Single,5042,3140,0,Y,No,13,3,4,80,0,10,2,1,9,2,3,8
45,No,Travel_Rarely,1329,Research & Development,2,2,Other,1,1635,4,Female,59,2,2,Manufacturing Director,4,Divorced,5770,5388,1,Y,No,19,3,1,80,2,10,3,3,10,7,3,9
38,No,Travel_Rarely,397,Research & Development,2,2,Medical,1,1638,4,Female,54,2,3,Manufacturing Director,3,Married,7756,14199,3,Y,Yes,19,3,4,80,1,10,6,4,5,4,0,2
35,Yes,Travel_Rarely,737,Sales,10,3,Medical,1,1639,4,Male,55,2,3,Sales Executive,1,Married,10306,21530,9,Y,No,17,3,3,80,0,15,3,3,13,12,6,0
37,No,Travel_Rarely,1470,Research & Development,10,3,Medical,1,1640,2,Female,71,3,1,Research Scientist,2,Married,3936,9953,1,Y,No,11,3,1,80,1,8,2,1,8,4,7,7
40,No,Travel_Rarely,448,Research & Development,16,3,Life Sciences,1,1641,3,Female,84,3,3,Manufacturing Director,4,Single,7945,19948,6,Y,Yes,15,3,4,80,0,18,2,2,4,2,3,3
44,No,Travel_Frequently,602,Human Resources,1,5,Human Resources,1,1642,1,Male,37,3,2,Human Resources,4,Married,5743,10503,4,Y,Yes,11,3,3,80,0,14,3,3,10,7,0,2
48,No,Travel_Frequently,365,Research & Development,4,5,Medical,1,1644,3,Male,89,2,4,Manager,4,Married,15202,5602,2,Y,No,25,4,2,80,1,23,3,3,2,2,2,2
35,Yes,Travel_Rarely,763,Sales,15,2,Medical,1,1645,1,Male,59,1,2,Sales Executive,4,Divorced,5440,22098,6,Y,Yes,14,3,4,80,2,7,2,2,2,2,2,2
24,No,Travel_Frequently,567,Research & Development,2,1,Technical Degree,1,1646,1,Female,32,3,1,Research Scientist,4,Single,3760,17218,1,Y,Yes,13,3,3,80,0,6,2,3,6,3,1,3
27,No,Travel_Rarely,486,Research & Development,8,3,Medical,1,1647,2,Female,86,4,1,Research Scientist,3,Married,3517,22490,7,Y,No,17,3,1,80,0,5,0,3,3,2,0,2
27,No,Travel_Frequently,591,Research & Development,2,3,Medical,1,1648,4,Male,87,3,1,Research Scientist,4,Single,2580,6297,2,Y,No,13,3,3,80,0,6,0,2,4,2,1,2
40,Yes,Travel_Rarely,1329,Research & Development,7,3,Life Sciences,1,1649,1,Male,73,3,1,Laboratory Technician,1,Single,2166,3339,3,Y,Yes,14,3,2,80,0,10,3,1,4,2,0,3
29,No,Travel_Rarely,469,Sales,10,3,Medical,1,1650,3,Male,42,2,2,Sales Executive,3,Single,5869,23413,9,Y,No,11,3,3,80,0,8,2,3,5,2,1,4
36,No,Travel_Rarely,711,Research & Development,5,4,Life Sciences,1,1651,2,Female,42,3,3,Healthcare Representative,1,Married,8008,22792,4,Y,No,12,3,3,80,2,9,6,3,3,2,0,2
25,No,Travel_Frequently,772,Research & Development,2,1,Life Sciences,1,1653,4,Male,77,4,2,Manufacturing Director,3,Divorced,5206,4973,1,Y,No,17,3,3,80,2,7,6,3,7,7,0,7
39,No,Travel_Rarely,492,Research & Development,12,3,Medical,1,1654,4,Male,66,3,2,Manufacturing Director,2,Married,5295,7693,4,Y,No,21,4,3,80,0,7,3,3,5,4,1,0
49,No,Travel_Rarely,301,Research & Development,22,4,Other,1,1655,1,Female,72,3,4,Research Director,2,Married,16413,3498,3,Y,No,16,3,2,80,2,27,2,3,4,2,1,2
50,No,Travel_Rarely,813,Research & Development,17,5,Life Sciences,1,1656,4,Female,50,2,3,Research Director,1,Divorced,13269,21981,5,Y,No,15,3,3,80,3,19,3,3,14,11,1,11
20,No,Travel_Rarely,1141,Sales,2,3,Medical,1,1657,3,Female,31,3,1,Sales Representative,3,Single,2783,13251,1,Y,No,19,3,1,80,0,2,3,3,2,2,2,2
34,No,Travel_Rarely,1130,Research & Development,3,3,Life Sciences,1,1658,4,Female,66,3,2,Research Scientist,2,Divorced,5433,19332,1,Y,No,12,3,3,80,1,11,2,3,11,8,7,9
36,No,Travel_Rarely,311,Research & Development,7,3,Life Sciences,1,1659,1,Male,77,3,1,Laboratory Technician,2,Single,2013,10950,2,Y,No,11,3,3,80,0,15,4,3,4,3,1,3
49,No,Travel_Rarely,465,Research & Development,6,1,Life Sciences,1,1661,3,Female,41,2,4,Healthcare Representative,3,Married,13966,11652,2,Y,Yes,19,3,2,80,1,30,3,3,15,11,2,12
36,No,Non-Travel,894,Research & Development,1,4,Medical,1,1662,4,Female,33,2,2,Manufacturing Director,3,Married,4374,15411,0,Y,No,15,3,3,80,0,4,6,3,3,2,1,2
36,No,Travel_Rarely,1040,Research & Development,3,2,Life Sciences,1,1664,4,Male,79,4,2,Healthcare Representative,1,Divorced,6842,26308,6,Y,No,20,4,1,80,1,13,3,3,5,4,0,4
54,No,Travel_Rarely,584,Research & Development,22,5,Medical,1,1665,2,Female,91,3,4,Manager,3,Married,17426,18685,3,Y,No,25,4,3,80,1,36,6,3,10,8,4,7
43,No,Travel_Rarely,1291,Research & Development,15,2,Life Sciences,1,1666,3,Male,65,2,4,Research Director,3,Married,17603,3525,1,Y,No,24,4,1,80,1,14,3,3,14,10,6,11
35,Yes,Travel_Frequently,880,Sales,12,4,Other,1,1667,4,Male,36,3,2,Sales Executive,4,Single,4581,10414,3,Y,Yes,24,4,1,80,0,13,2,4,11,9,6,7
38,No,Travel_Frequently,1189,Research & Development,1,3,Life Sciences,1,1668,4,Male,90,3,2,Research Scientist,4,Married,4735,9867,7,Y,No,15,3,4,80,2,19,4,4,13,11,2,9
29,No,Travel_Rarely,991,Sales,5,3,Medical,1,1669,1,Male,43,2,2,Sales Executive,2,Divorced,4187,3356,1,Y,Yes,13,3,2,80,1,10,3,2,10,0,0,9
33,No,Travel_Rarely,392,Sales,2,4,Medical,1,1670,4,Male,93,3,2,Sales Executive,4,Divorced,5505,3921,1,Y,No,14,3,3,80,2,6,5,3,6,2,0,4
32,No,Travel_Rarely,977,Research & Development,2,3,Medical,1,1671,4,Male,45,3,2,Research Scientist,2,Divorced,5470,25518,0,Y,No,13,3,3,80,2,10,4,2,9,5,1,6
31,No,Travel_Rarely,1112,Sales,5,4,Life Sciences,1,1673,1,Female,67,3,2,Sales Executive,4,Married,5476,22589,1,Y,No,11,3,1,80,2,10,2,3,10,0,0,2
49,No,Travel_Rarely,464,Research & Development,16,3,Medical,1,1674,4,Female,74,3,1,Laboratory Technician,1,Divorced,2587,24941,4,Y,Yes,16,3,2,80,1,17,2,2,2,2,2,2
38,No,Travel_Frequently,148,Research & Development,2,3,Medical,1,1675,4,Female,42,2,1,Laboratory Technician,2,Single,2440,23826,1,Y,No,22,4,2,80,0,4,3,3,4,3,3,3
47,No,Travel_Rarely,1225,Sales,2,4,Life Sciences,1,1676,2,Female,47,4,4,Manager,2,Divorced,15972,21086,6,Y,No,14,3,3,80,3,29,2,3,3,2,1,2
49,No,Travel_Rarely,809,Research & Development,1,3,Life Sciences,1,1677,3,Male,36,3,4,Manager,3,Single,15379,22384,4,Y,No,14,3,1,80,0,23,2,3,8,7,0,0
41,No,Travel_Rarely,1206,Sales,23,2,Life Sciences,1,1678,4,Male,80,3,3,Sales Executive,3,Single,7082,11591,3,Y,Yes,16,3,4,80,0,21,2,3,2,0,0,2
20,No,Travel_Rarely,727,Sales,9,1,Life Sciences,1,1680,4,Male,54,3,1,Sales Representative,1,Single,2728,21082,1,Y,No,11,3,1,80,0,2,3,3,2,2,0,2
33,No,Non-Travel,530,Sales,16,3,Life Sciences,1,1681,3,Female,36,3,2,Sales Executive,4,Divorced,5368,16130,1,Y,Yes,25,4,3,80,1,7,2,3,6,5,1,2
36,No,Travel_Rarely,1351,Research & Development,26,4,Life Sciences,1,1682,1,Male,80,3,2,Healthcare Representative,3,Married,5347,7419,6,Y,No,14,3,2,80,2,10,2,2,3,2,0,2
44,No,Travel_Rarely,528,Human Resources,1,3,Life Sciences,1,1683,3,Female,44,3,1,Human Resources,4,Divorced,3195,4167,4,Y,Yes,18,3,1,80,3,8,2,3,2,2,2,2
23,Yes,Travel_Rarely,1320,Research & Development,8,1,Medical,1,1684,4,Male,93,2,1,Laboratory Technician,3,Single,3989,20586,1,Y,Yes,11,3,1,80,0,5,2,3,5,4,1,2
38,No,Travel_Rarely,1495,Research & Development,4,2,Medical,1,1687,4,Female,87,3,1,Laboratory Technician,3,Married,3306,26176,7,Y,No,19,3,4,80,1,7,5,2,0,0,0,0
53,No,Travel_Rarely,1395,Research & Development,24,4,Medical,1,1689,2,Male,48,4,3,Healthcare Representative,4,Married,7005,3458,3,Y,No,15,3,3,80,0,11,2,3,4,3,1,2
48,Yes,Travel_Frequently,708,Sales,7,2,Medical,1,1691,4,Female,95,3,1,Sales Representative,3,Married,2655,11740,2,Y,Yes,11,3,3,80,2,19,3,3,9,7,7,7
32,Yes,Travel_Rarely,1259,Research & Development,2,4,Life Sciences,1,1692,4,Male,95,3,1,Laboratory Technician,2,Single,1393,24852,1,Y,No,12,3,1,80,0,1,2,3,1,0,0,0
26,No,Non-Travel,786,Research & Development,7,3,Medical,1,1693,4,Male,76,3,1,Laboratory Technician,4,Single,2570,11925,1,Y,No,20,4,3,80,0,7,5,3,7,7,5,7
55,No,Travel_Rarely,1441,Research & Development,22,3,Technical Degree,1,1694,1,Male,94,2,1,Research Scientist,2,Divorced,3537,23737,5,Y,No,12,3,4,80,1,8,1,3,4,2,1,2
34,No,Travel_Rarely,1157,Research & Development,5,2,Medical,1,1696,2,Male,57,2,2,Laboratory Technician,4,Married,3986,11912,1,Y,No,14,3,3,80,1,15,3,4,15,10,4,13
60,No,Travel_Rarely,370,Research & Development,1,4,Medical,1,1697,3,Male,92,1,3,Healthcare Representative,4,Divorced,10883,20467,3,Y,No,20,4,3,80,1,19,2,4,1,0,0,0
33,No,Travel_Rarely,267,Research & Development,21,3,Medical,1,1698,2,Male,79,4,1,Laboratory Technician,2,Married,2028,13637,1,Y,No,18,3,4,80,3,14,6,3,14,11,2,13
37,No,Travel_Frequently,1278,Sales,1,4,Medical,1,1700,3,Male,31,1,2,Sales Executive,4,Divorced,9525,7677,1,Y,No,14,3,3,80,2,6,2,2,6,3,1,3
34,No,Travel_Rarely,678,Research & Development,19,3,Life Sciences,1,1701,2,Female,35,2,1,Research Scientist,4,Married,2929,20338,1,Y,No,12,3,2,80,0,10,3,3,10,9,8,7
23,Yes,Travel_Rarely,427,Sales,7,3,Life Sciences,1,1702,3,Male,99,3,1,Sales Representative,4,Divorced,2275,25103,1,Y,Yes,21,4,2,80,1,3,2,3,3,2,0,2
44,No,Travel_Rarely,921,Research & Development,2,3,Life Sciences,1,1703,3,Female,96,4,3,Healthcare Representative,4,Married,7879,14810,1,Y,Yes,19,3,2,80,1,9,2,3,8,7,6,7
35,No,Travel_Frequently,146,Research & Development,2,4,Medical,1,1704,1,Male,79,2,1,Research Scientist,4,Single,4930,13970,0,Y,Yes,14,3,3,80,0,6,2,4,5,4,1,4
43,No,Travel_Rarely,1179,Sales,2,3,Medical,1,1706,4,Male,73,3,2,Sales Executive,4,Married,7847,6069,1,Y,Yes,17,3,1,80,1,10,3,3,10,9,8,8
24,No,Travel_Rarely,581,Research & Development,9,3,Medical,1,1707,3,Male,62,4,1,Research Scientist,3,Married,4401,17616,1,Y,No,16,3,4,80,1,5,1,3,5,3,0,4
41,No,Travel_Rarely,918,Sales,6,3,Marketing,1,1708,4,Male,35,3,3,Sales Executive,3,Single,9241,15869,1,Y,No,12,3,2,80,0,10,3,3,10,8,8,7
29,No,Travel_Rarely,1082,Research & Development,9,4,Medical,1,1709,4,Female,43,3,1,Laboratory Technician,3,Married,2974,25412,9,Y,No,17,3,3,80,1,9,2,3,5,3,1,2
36,No,Travel_Rarely,530,Sales,2,4,Life Sciences,1,1710,3,Female,51,3,2,Sales Representative,4,Single,4502,7439,3,Y,No,15,3,3,80,0,17,2,2,13,7,6,7
45,No,Non-Travel,1238,Research & Development,1,1,Life Sciences,1,1712,3,Male,74,2,3,Healthcare Representative,3,Married,10748,3395,3,Y,No,23,4,4,80,1,25,3,2,23,15,14,4
24,Yes,Travel_Rarely,240,Human Resources,22,1,Human Resources,1,1714,4,Male,58,1,1,Human Resources,3,Married,1555,11585,1,Y,No,11,3,3,80,1,1,2,3,1,0,0,0
47,Yes,Travel_Frequently,1093,Sales,9,3,Life Sciences,1,1716,3,Male,82,1,4,Sales Executive,3,Married,12936,24164,7,Y,No,11,3,3,80,0,25,3,1,23,5,14,10
26,No,Travel_Rarely,390,Research & Development,17,4,Medical,1,1718,4,Male,62,1,1,Laboratory Technician,3,Married,2305,6217,1,Y,No,15,3,3,80,3,3,3,4,3,2,0,2
45,No,Travel_Rarely,1005,Research & Development,28,2,Technical Degree,1,1719,4,Female,48,2,4,Research Director,2,Single,16704,17119,1,Y,No,11,3,3,80,0,21,2,3,21,6,8,6
32,No,Travel_Frequently,585,Research & Development,10,3,Life Sciences,1,1720,1,Male,56,3,1,Research Scientist,3,Married,3433,17360,6,Y,No,13,3,1,80,1,10,3,2,5,2,1,3
31,No,Travel_Rarely,741,Research & Development,2,4,Life Sciences,1,1721,2,Male,69,3,1,Laboratory Technician,3,Married,3477,18103,1,Y,No,14,3,4,80,1,6,2,4,5,2,0,3
41,No,Non-Travel,552,Human Resources,4,3,Human Resources,1,1722,3,Male,60,1,2,Human Resources,2,Married,6430,20794,6,Y,No,19,3,2,80,1,10,4,3,3,2,1,2
40,No,Travel_Rarely,369,Research & Development,8,2,Life Sciences,1,1724,2,Female,92,3,2,Manufacturing Director,1,Married,6516,5041,2,Y,Yes,16,3,2,80,1,18,3,3,1,0,0,0
24,No,Travel_Rarely,506,Research & Development,29,1,Medical,1,1725,2,Male,91,3,1,Laboratory Technician,1,Divorced,3907,3622,1,Y,No,13,3,2,80,3,6,2,4,6,2,1,2
46,No,Travel_Rarely,717,Research & Development,13,4,Life Sciences,1,1727,3,Male,34,3,2,Healthcare Representative,2,Single,5562,9697,6,Y,No,14,3,4,80,0,19,3,3,10,7,0,9
35,No,Travel_Rarely,1370,Research & Development,27,4,Life Sciences,1,1728,4,Male,49,3,2,Manufacturing Director,3,Married,6883,5151,2,Y,No,16,3,2,80,1,17,3,3,7,7,0,7
30,No,Travel_Rarely,793,Research & Development,16,1,Life Sciences,1,1729,2,Male,33,3,1,Research Scientist,4,Married,2862,3811,1,Y,No,12,3,2,80,1,10,2,2,10,0,0,8
47,No,Non-Travel,543,Sales,2,4,Marketing,1,1731,3,Male,87,3,2,Sales Executive,2,Married,4978,3536,7,Y,No,11,3,4,80,1,4,3,1,1,0,0,0
46,No,Travel_Rarely,1277,Sales,2,3,Life Sciences,1,1732,3,Male,74,3,3,Sales Executive,4,Divorced,10368,5596,4,Y,Yes,12,3,2,80,1,13,5,2,10,6,0,3
36,Yes,Travel_Rarely,1456,Sales,13,5,Marketing,1,1733,2,Male,96,2,2,Sales Executive,1,Divorced,6134,8658,5,Y,Yes,13,3,2,80,3,16,3,3,2,2,2,2
32,Yes,Travel_Rarely,964,Sales,1,2,Life Sciences,1,1734,1,Male,34,1,2,Sales Executive,2,Single,6735,12147,6,Y,No,15,3,2,80,0,10,2,3,0,0,0,0
23,No,Travel_Rarely,160,Research & Development,4,1,Medical,1,1735,3,Female,51,3,1,Laboratory Technician,2,Single,3295,12862,1,Y,No,13,3,3,80,0,3,3,1,3,2,1,2
31,No,Travel_Frequently,163,Research & Development,24,1,Technical Degree,1,1736,4,Female,30,3,2,Manufacturing Director,4,Single,5238,6670,2,Y,No,20,4,4,80,0,9,3,2,5,4,1,4
39,No,Non-Travel,792,Research & Development,1,3,Life Sciences,1,1737,4,Male,77,3,2,Laboratory Technician,4,Married,6472,8989,1,Y,Yes,15,3,4,80,1,9,2,3,9,8,5,8
32,No,Travel_Rarely,371,Sales,19,3,Life Sciences,1,1739,4,Male,80,1,3,Sales Executive,3,Married,9610,3840,3,Y,No,13,3,3,80,1,10,2,1,4,3,0,2
40,No,Travel_Rarely,611,Sales,7,4,Medical,1,1740,2,Male,88,3,5,Manager,2,Single,19833,4349,1,Y,No,14,3,2,80,0,21,3,2,21,8,12,8
45,No,Travel_Rarely,176,Human Resources,4,3,Life Sciences,1,1744,3,Female,56,1,3,Human Resources,3,Married,9756,6595,4,Y,No,21,4,3,80,2,9,2,4,5,0,0,3
30,No,Travel_Frequently,1312,Research & Development,2,4,Technical Degree,1,1745,4,Female,78,2,1,Research Scientist,1,Single,4968,26427,0,Y,No,16,3,4,80,0,10,2,3,9,7,0,7
24,No,Travel_Frequently,897,Human Resources,10,3,Medical,1,1746,1,Male,59,3,1,Human Resources,4,Married,2145,2097,0,Y,No,14,3,4,80,1,3,2,3,2,2,2,1
30,Yes,Travel_Frequently,600,Human Resources,8,3,Human Resources,1,1747,3,Female,66,2,1,Human Resources,4,Divorced,2180,9732,6,Y,No,11,3,3,80,1,6,0,2,4,2,1,2
31,No,Travel_Rarely,1003,Sales,5,3,Technical Degree,1,1749,1,Male,51,3,2,Sales Executive,3,Married,8346,20943,1,Y,No,19,3,3,80,1,6,3,3,5,2,0,2
27,No,Travel_Rarely,1054,Research & Development,8,3,Medical,1,1751,3,Female,67,3,1,Research Scientist,4,Single,3445,6152,1,Y,No,11,3,3,80,0,6,5,2,6,2,1,4
29,Yes,Travel_Rarely,428,Sales,9,3,Marketing,1,1752,2,Female,52,1,1,Sales Representative,2,Single,2760,14630,1,Y,No,13,3,3,80,0,2,3,3,2,2,2,2
29,No,Travel_Frequently,461,Research & Development,1,3,Life Sciences,1,1753,4,Male,70,4,2,Healthcare Representative,3,Single,6294,23060,8,Y,Yes,12,3,4,80,0,10,5,4,3,2,0,2
30,No,Travel_Rarely,979,Sales,15,2,Marketing,1,1754,3,Male,94,2,3,Sales Executive,1,Divorced,7140,3088,2,Y,No,11,3,1,80,1,12,2,3,7,7,1,7
34,No,Travel_Rarely,181,Research & Development,2,4,Medical,1,1755,4,Male,97,4,1,Research Scientist,4,Married,2932,5586,0,Y,Yes,14,3,1,80,3,6,3,3,5,0,1,2
33,No,Non-Travel,1283,Sales,2,3,Marketing,1,1756,4,Female,62,3,2,Sales Executive,2,Single,5147,10697,8,Y,No,15,3,4,80,0,13,2,2,11,7,1,7
49,No,Travel_Rarely,1313,Sales,11,4,Marketing,1,1757,4,Female,80,3,2,Sales Executive,4,Single,4507,8191,3,Y,No,12,3,3,80,0,8,1,4,5,1,0,4
33,Yes,Travel_Rarely,211,Sales,16,3,Life Sciences,1,1758,1,Female,74,3,3,Sales Executive,1,Single,8564,10092,2,Y,Yes,20,4,3,80,0,11,2,2,0,0,0,0
38,No,Travel_Frequently,594,Research & Development,2,2,Medical,1,1760,3,Female,75,2,1,Laboratory Technician,2,Married,2468,15963,4,Y,No,14,3,2,80,1,9,4,2,6,1,0,5
31,Yes,Travel_Rarely,1079,Sales,16,4,Marketing,1,1761,1,Male,70,3,3,Sales Executive,3,Married,8161,19002,2,Y,No,13,3,1,80,3,10,2,3,1,0,0,0
29,No,Travel_Rarely,590,Research & Development,4,3,Technical Degree,1,1762,4,Female,91,2,1,Research Scientist,1,Divorced,2109,10007,1,Y,No,13,3,3,80,1,1,2,3,1,0,0,0
30,No,Travel_Rarely,305,Research & Development,16,3,Life Sciences,1,1763,3,Male,58,4,2,Healthcare Representative,3,Married,5294,9128,3,Y,No,16,3,3,80,1,10,3,3,7,0,1,7
32,No,Non-Travel,953,Research & Development,5,4,Technical Degree,1,1764,2,Male,65,3,1,Research Scientist,2,Single,2718,17674,2,Y,No,14,3,2,80,0,12,3,3,7,7,0,7
38,No,Travel_Rarely,833,Research & Development,18,3,Medical,1,1766,2,Male,60,1,2,Healthcare Representative,4,Married,5811,24539,3,Y,Yes,16,3,3,80,1,15,2,3,1,0,1,0
43,Yes,Travel_Frequently,807,Research & Development,17,3,Technical Degree,1,1767,3,Male,38,2,1,Research Scientist,3,Married,2437,15587,9,Y,Yes,16,3,4,80,1,6,4,3,1,0,0,0
42,No,Travel_Rarely,855,Research & Development,12,3,Medical,1,1768,2,Male,57,3,1,Laboratory Technician,2,Divorced,2766,8952,8,Y,No,22,4,2,80,3,7,6,2,5,3,0,4
55,No,Travel_Rarely,478,Research & Development,2,3,Medical,1,1770,3,Male,60,2,5,Research Director,1,Married,19038,19805,8,Y,No,12,3,2,80,3,34,2,3,1,0,0,0
33,No,Non-Travel,775,Research & Development,4,3,Technical Degree,1,1771,4,Male,90,3,2,Research Scientist,2,Divorced,3055,6194,5,Y,No,15,3,4,80,2,11,2,2,9,8,1,7
41,No,Travel_Rarely,548,Research & Development,9,4,Life Sciences,1,1772,3,Male,94,3,1,Laboratory Technician,1,Divorced,2289,20520,1,Y,No,20,4,2,80,2,5,2,3,5,3,0,4
34,No,Non-Travel,1375,Sales,10,3,Life Sciences,1,1774,4,Male,87,3,2,Sales Executive,3,Divorced,4001,12313,1,Y,Yes,14,3,3,80,1,15,3,3,15,14,0,7
53,No,Non-Travel,661,Research & Development,1,4,Medical,1,1775,1,Female,60,2,4,Manufacturing Director,3,Married,12965,22308,4,Y,Yes,20,4,4,80,3,27,2,2,3,2,0,2
43,No,Travel_Rarely,244,Human Resources,2,3,Life Sciences,1,1778,2,Male,97,3,1,Human Resources,4,Single,3539,5033,0,Y,No,13,3,2,80,0,10,5,3,9,7,1,8
34,No,Travel_Rarely,511,Sales,3,2,Life Sciences,1,1779,4,Female,32,1,2,Sales Executive,4,Single,6029,25353,5,Y,No,12,3,1,80,0,6,3,3,2,2,2,2
21,Yes,Travel_Rarely,337,Sales,7,1,Marketing,1,1780,2,Male,31,3,1,Sales Representative,2,Single,2679,4567,1,Y,No,13,3,2,80,0,1,3,3,1,0,1,0
38,No,Travel_Rarely,1153,Research & Development,6,2,Other,1,1782,4,Female,40,2,1,Laboratory Technician,3,Married,3702,16376,1,Y,No,11,3,2,80,1,5,3,3,5,4,0,4
22,Yes,Travel_Rarely,1294,Research & Development,8,1,Medical,1,1783,3,Female,79,3,1,Laboratory Technician,1,Married,2398,15999,1,Y,Yes,17,3,3,80,0,1,6,3,1,0,0,0
31,No,Travel_Rarely,196,Sales,29,4,Marketing,1,1784,1,Female,91,2,2,Sales Executive,4,Married,5468,13402,1,Y,No,14,3,1,80,2,13,3,3,12,7,5,7
51,No,Travel_Rarely,942,Research & Development,3,3,Technical Degree,1,1786,1,Female,53,3,3,Manager,3,Married,13116,22984,2,Y,No,11,3,4,80,0,15,2,3,2,2,2,2
37,No,Travel_Rarely,589,Sales,9,2,Marketing,1,1787,2,Male,46,2,2,Sales Executive,2,Married,4189,8800,1,Y,No,14,3,1,80,2,5,2,3,5,2,0,3
46,No,Travel_Rarely,734,Research & Development,2,4,Medical,1,1789,3,Male,46,3,5,Research Director,4,Divorced,19328,14218,7,Y,Yes,17,3,3,80,1,24,3,3,2,1,2,2
36,No,Travel_Rarely,1383,Research & Development,10,3,Life Sciences,1,1790,4,Male,90,3,3,Healthcare Representative,1,Married,8321,25949,7,Y,Yes,13,3,4,80,1,15,1,3,12,8,5,7
44,Yes,Travel_Frequently,429,Research & Development,1,2,Medical,1,1792,3,Male,99,3,1,Research Scientist,2,Divorced,2342,11092,1,Y,Yes,12,3,3,80,3,6,2,2,5,3,2,3
37,No,Travel_Rarely,1239,Human Resources,8,2,Other,1,1794,3,Male,89,3,2,Human Resources,2,Divorced,4071,12832,2,Y,No,13,3,3,80,0,19,4,2,10,0,4,7
35,Yes,Travel_Rarely,303,Sales,27,3,Life Sciences,1,1797,3,Male,84,3,2,Sales Executive,4,Single,5813,13492,1,Y,Yes,18,3,4,80,0,10,2,3,10,7,7,7
33,No,Travel_Rarely,867,Research & Development,8,4,Life Sciences,1,1798,4,Male,90,4,1,Research Scientist,1,Married,3143,6076,6,Y,No,19,3,2,80,1,14,1,3,10,8,7,6
28,No,Travel_Rarely,1181,Research & Development,1,3,Life Sciences,1,1799,3,Male,82,3,1,Research Scientist,4,Married,2044,5531,1,Y,No,11,3,3,80,1,5,6,4,5,3,0,3
39,No,Travel_Rarely,1253,Research & Development,10,1,Medical,1,1800,3,Male,65,3,3,Research Director,3,Single,13464,7914,7,Y,No,21,4,3,80,0,9,3,3,4,3,2,2
46,No,Non-Travel,849,Sales,26,2,Life Sciences,1,1801,2,Male,98,2,2,Sales Executive,2,Single,7991,25166,8,Y,No,15,3,3,80,0,6,3,3,2,2,2,2
40,No,Travel_Rarely,616,Research & Development,2,2,Life Sciences,1,1802,3,Female,99,3,1,Laboratory Technician,1,Married,3377,25605,4,Y,No,17,3,4,80,1,7,5,2,4,3,0,2
42,No,Travel_Rarely,1128,Research & Development,13,3,Medical,1,1803,2,Male,95,4,2,Healthcare Representative,1,Married,5538,5696,5,Y,No,18,3,3,80,2,10,2,2,0,0,0,0
35,No,Non-Travel,1180,Research & Development,2,2,Medical,1,1804,2,Male,90,3,2,Manufacturing Director,4,Divorced,5762,24442,2,Y,No,14,3,3,80,1,15,6,3,7,7,1,7
38,No,Non-Travel,1336,Human Resources,2,3,Human Resources,1,1805,1,Male,100,3,1,Human Resources,2,Divorced,2592,7129,5,Y,No,13,3,4,80,3,13,3,3,11,10,3,8
34,Yes,Travel_Frequently,234,Research & Development,9,4,Life Sciences,1,1807,4,Male,93,3,2,Laboratory Technician,1,Married,5346,6208,4,Y,No,17,3,3,80,1,11,3,2,7,1,0,7
37,Yes,Travel_Rarely,370,Research & Development,10,4,Medical,1,1809,4,Male,58,3,2,Manufacturing Director,1,Single,4213,4992,1,Y,No,15,3,2,80,0,10,4,1,10,3,0,8
39,No,Travel_Frequently,766,Sales,20,3,Life Sciences,1,1812,3,Male,83,3,2,Sales Executive,4,Divorced,4127,19188,2,Y,No,18,3,4,80,1,7,6,3,2,1,2,2
43,No,Non-Travel,343,Research & Development,9,3,Life Sciences,1,1813,1,Male,52,3,1,Research Scientist,3,Single,2438,24978,4,Y,No,13,3,3,80,0,7,2,2,3,2,1,2
41,No,Travel_Rarely,447,Research & Development,5,3,Life Sciences,1,1814,2,Male,85,4,2,Healthcare Representative,2,Single,6870,15530,3,Y,No,12,3,1,80,0,11,3,1,3,2,1,2
41,No,Travel_Rarely,796,Sales,4,1,Marketing,1,1815,3,Female,81,3,3,Sales Executive,3,Divorced,10447,26458,0,Y,Yes,13,3,4,80,1,23,3,4,22,14,13,5
30,No,Travel_Rarely,1092,Research & Development,10,3,Medical,1,1816,1,Female,64,3,3,Manufacturing Director,3,Single,9667,2739,9,Y,No,14,3,2,80,0,9,3,3,7,7,0,2
26,Yes,Travel_Rarely,920,Human Resources,20,2,Medical,1,1818,4,Female,69,3,1,Human Resources,2,Married,2148,6889,0,Y,Yes,11,3,3,80,0,6,3,3,5,1,1,4
46,Yes,Travel_Rarely,261,Research & Development,21,2,Medical,1,1821,4,Female,66,3,2,Healthcare Representative,2,Married,8926,10842,4,Y,No,22,4,4,80,1,13,2,4,9,7,3,7
40,No,Travel_Rarely,1194,Research & Development,1,3,Life Sciences,1,1822,3,Female,52,3,2,Healthcare Representative,4,Divorced,6513,9060,4,Y,No,17,3,4,80,1,12,3,3,5,3,0,3
34,No,Travel_Rarely,810,Sales,8,2,Technical Degree,1,1823,2,Male,92,4,2,Sales Executive,3,Married,6799,22128,1,Y,No,21,4,3,80,2,10,5,3,10,8,4,8
58,No,Non-Travel,350,Sales,2,3,Medical,1,1824,2,Male,52,3,4,Manager,2,Divorced,16291,22577,4,Y,No,22,4,4,80,1,37,0,2,16,9,14,14
35,No,Travel_Rarely,185,Research & Development,23,4,Medical,1,1826,2,Male,91,1,1,Laboratory Technician,3,Married,2705,9696,0,Y,No,16,3,2,80,1,6,2,4,5,4,0,3
47,No,Travel_Rarely,1001,Research & Development,4,3,Life Sciences,1,1827,3,Female,92,2,3,Manufacturing Director,2,Divorced,10333,19271,8,Y,Yes,12,3,3,80,1,28,4,3,22,11,14,10
40,No,Travel_Rarely,750,Research & Development,12,3,Life Sciences,1,1829,2,Female,47,3,2,Healthcare Representative,1,Divorced,4448,10748,2,Y,No,12,3,2,80,1,15,3,3,7,4,7,7
54,No,Travel_Rarely,431,Research & Development,7,4,Medical,1,1830,4,Female,68,3,2,Research Scientist,4,Married,6854,15696,4,Y,No,15,3,2,80,1,14,2,2,7,1,1,7
31,No,Travel_Frequently,1125,Sales,7,4,Marketing,1,1833,1,Female,68,3,3,Sales Executive,1,Married,9637,8277,2,Y,No,14,3,4,80,2,9,3,3,3,2,2,2
28,No,Travel_Rarely,1217,Research & Development,1,3,Medical,1,1834,3,Female,67,3,1,Research Scientist,1,Married,3591,12719,1,Y,No,25,4,3,80,1,3,3,3,3,2,1,2
38,No,Travel_Rarely,723,Sales,2,4,Marketing,1,1835,2,Female,77,1,2,Sales Representative,4,Married,5405,4244,2,Y,Yes,20,4,1,80,2,20,4,2,4,2,0,3
26,No,Travel_Rarely,572,Sales,10,3,Medical,1,1836,3,Male,46,3,2,Sales Executive,4,Single,4684,9125,1,Y,No,13,3,1,80,0,5,4,3,5,3,1,2
58,No,Travel_Frequently,1216,Research & Development,15,4,Life Sciences,1,1837,1,Male,87,3,4,Research Director,3,Married,15787,21624,2,Y,Yes,14,3,2,80,0,23,3,3,2,2,2,2
18,No,Non-Travel,1431,Research & Development,14,3,Medical,1,1839,2,Female,33,3,1,Research Scientist,3,Single,1514,8018,1,Y,No,16,3,3,80,0,0,4,1,0,0,0,0
31,Yes,Travel_Rarely,359,Human Resources,18,5,Human Resources,1,1842,4,Male,89,4,1,Human Resources,1,Married,2956,21495,0,Y,No,17,3,3,80,0,2,4,3,1,0,0,0
29,Yes,Travel_Rarely,350,Human Resources,13,3,Human Resources,1,1844,1,Male,56,2,1,Human Resources,1,Divorced,2335,3157,4,Y,Yes,15,3,4,80,3,4,3,3,2,2,2,0
45,No,Non-Travel,589,Sales,2,4,Life Sciences,1,1845,3,Female,67,3,2,Sales Executive,3,Married,5154,19665,4,Y,No,22,4,2,80,2,10,3,4,8,7,5,7
36,No,Travel_Rarely,430,Research & Development,2,4,Other,1,1847,4,Female,73,3,2,Research Scientist,2,Married,6962,19573,4,Y,Yes,22,4,4,80,1,15,2,3,1,0,0,0
43,No,Travel_Frequently,1422,Sales,2,4,Life Sciences,1,1849,1,Male,92,3,2,Sales Executive,4,Married,5675,19246,1,Y,No,20,4,3,80,1,7,5,3,7,7,7,7
27,No,Travel_Frequently,1297,Research & Development,5,2,Life Sciences,1,1850,4,Female,53,3,1,Laboratory Technician,4,Single,2379,19826,0,Y,Yes,14,3,3,80,0,6,3,2,5,4,0,2
29,No,Travel_Frequently,574,Research & Development,20,1,Medical,1,1852,4,Male,40,3,1,Laboratory Technician,4,Married,3812,7003,1,Y,No,13,3,2,80,0,11,3,4,11,8,3,10
32,No,Travel_Frequently,1318,Sales,10,4,Marketing,1,1853,4,Male,79,3,2,Sales Executive,4,Single,4648,26075,8,Y,No,13,3,3,80,0,4,2,4,0,0,0,0
42,No,Non-Travel,355,Research & Development,10,4,Technical Degree,1,1854,3,Male,38,3,1,Research Scientist,3,Married,2936,6161,3,Y,No,22,4,2,80,2,10,1,2,6,3,3,3
47,No,Travel_Rarely,207,Research & Development,9,4,Life Sciences,1,1856,2,Female,64,3,1,Laboratory Technician,3,Single,2105,5411,4,Y,No,12,3,3,80,0,7,2,3,2,2,2,0
46,No,Travel_Rarely,706,Research & Development,2,2,Life Sciences,1,1857,4,Male,82,3,3,Manufacturing Director,4,Divorced,8578,19989,3,Y,No,14,3,3,80,1,12,4,2,9,8,4,7
28,No,Non-Travel,280,Human Resources,1,2,Life Sciences,1,1858,3,Male,43,3,1,Human Resources,4,Divorced,2706,10494,1,Y,No,15,3,2,80,1,3,2,3,3,2,2,2
29,No,Travel_Rarely,726,Research & Development,29,1,Life Sciences,1,1859,4,Male,93,1,2,Healthcare Representative,3,Divorced,6384,21143,8,Y,No,17,3,4,80,2,11,3,3,7,0,1,6
42,No,Travel_Rarely,1142,Research & Development,8,3,Life Sciences,1,1860,4,Male,81,3,1,Laboratory Technician,3,Single,3968,13624,4,Y,No,13,3,4,80,0,8,3,3,0,0,0,0
32,Yes,Travel_Rarely,414,Sales,2,4,Marketing,1,1862,3,Male,82,2,2,Sales Executive,2,Single,9907,26186,7,Y,Yes,12,3,3,80,0,7,3,2,2,2,2,2
46,No,Travel_Rarely,1319,Sales,3,3,Technical Degree,1,1863,1,Female,45,4,4,Sales Executive,1,Divorced,13225,7739,2,Y,No,12,3,4,80,1,25,5,3,19,17,2,8
27,No,Travel_Rarely,728,Sales,23,1,Medical,1,1864,2,Female,36,2,2,Sales Representative,3,Married,3540,7018,1,Y,No,21,4,4,80,1,9,5,3,9,8,5,8
29,No,Travel_Rarely,352,Human Resources,6,1,Medical,1,1865,4,Male,87,2,1,Human Resources,2,Married,2804,15434,1,Y,No,11,3,4,80,0,1,3,3,1,0,0,0
43,No,Travel_Rarely,823,Research & Development,6,3,Medical,1,1866,1,Female,81,2,5,Manager,3,Married,19392,22539,7,Y,No,13,3,4,80,0,21,2,3,16,12,6,14
48,No,Travel_Rarely,1224,Research & Development,10,3,Life Sciences,1,1867,4,Male,91,2,5,Research Director,2,Married,19665,13583,4,Y,No,12,3,4,80,0,29,3,3,22,10,12,9
29,Yes,Travel_Frequently,459,Research & Development,24,2,Life Sciences,1,1868,4,Male,73,2,1,Research Scientist,4,Single,2439,14753,1,Y,Yes,24,4,2,80,0,1,3,2,1,0,1,0
46,Yes,Travel_Rarely,1254,Sales,10,3,Life Sciences,1,1869,3,Female,64,3,3,Sales Executive,2,Married,7314,14011,5,Y,No,21,4,3,80,3,14,2,3,8,7,0,7
27,No,Travel_Frequently,1131,Research & Development,15,3,Life Sciences,1,1870,4,Female,77,2,1,Research Scientist,1,Married,4774,23844,0,Y,No,19,3,4,80,1,8,2,2,7,6,7,3
39,No,Travel_Rarely,835,Research & Development,19,4,Other,1,1871,4,Male,41,3,2,Research Scientist,4,Divorced,3902,5141,8,Y,No,14,3,2,80,3,7,2,3,2,2,2,2
55,No,Travel_Rarely,836,Research & Development,2,4,Technical Degree,1,1873,2,Male,98,2,1,Research Scientist,4,Married,2662,7975,8,Y,No,20,4,2,80,1,19,2,4,5,2,0,4
28,No,Travel_Rarely,1172,Sales,3,3,Medical,1,1875,2,Female,78,3,1,Sales Representative,2,Married,2856,3692,1,Y,No,19,3,4,80,1,1,3,3,1,0,0,0
30,Yes,Travel_Rarely,945,Sales,9,3,Medical,1,1876,2,Male,89,3,1,Sales Representative,4,Single,1081,16019,1,Y,No,13,3,3,80,0,1,3,2,1,0,0,0
22,Yes,Travel_Rarely,391,Research & Development,7,1,Life Sciences,1,1878,4,Male,75,3,1,Research Scientist,2,Single,2472,26092,1,Y,Yes,23,4,1,80,0,1,2,3,1,0,0,0
36,No,Travel_Rarely,1266,Sales,10,4,Technical Degree,1,1880,2,Female,63,2,2,Sales Executive,3,Married,5673,6060,1,Y,Yes,13,3,1,80,1,10,4,3,10,9,1,7
31,No,Travel_Rarely,311,Research & Development,20,3,Life Sciences,1,1881,2,Male,89,3,2,Laboratory Technician,3,Divorced,4197,18624,1,Y,No,11,3,1,80,1,10,2,3,10,8,0,2
34,No,Travel_Rarely,1480,Sales,4,3,Life Sciences,1,1882,3,Male,64,3,3,Sales Executive,4,Married,9713,24444,2,Y,Yes,13,3,4,80,3,9,3,3,5,3,1,0
29,No,Travel_Rarely,592,Research & Development,7,3,Life Sciences,1,1883,4,Male,59,3,1,Laboratory Technician,1,Single,2062,19384,3,Y,No,14,3,2,80,0,11,2,3,3,2,1,2
37,No,Travel_Rarely,783,Research & Development,7,4,Medical,1,1885,4,Male,78,3,2,Research Scientist,1,Married,4284,13588,5,Y,Yes,22,4,3,80,1,16,2,3,5,3,0,4
35,No,Travel_Rarely,219,Research & Development,16,2,Other,1,1886,4,Female,44,2,2,Manufacturing Director,2,Married,4788,25388,0,Y,Yes,11,3,4,80,0,4,2,3,3,2,0,2
45,No,Travel_Rarely,556,Research & Development,25,2,Life Sciences,1,1888,2,Female,93,2,2,Manufacturing Director,4,Married,5906,23888,0,Y,No,13,3,4,80,2,10,2,2,9,8,3,8
36,No,Travel_Frequently,1213,Human Resources,2,1,Human Resources,1,1890,2,Male,94,2,2,Human Resources,4,Single,3886,4223,1,Y,No,21,4,4,80,0,10,2,2,10,1,0,8
40,No,Travel_Rarely,1137,Research & Development,1,4,Life Sciences,1,1892,1,Male,98,3,4,Manager,1,Divorced,16823,18991,2,Y,No,11,3,1,80,1,22,3,3,19,7,11,16
26,No,Travel_Rarely,482,Research & Development,1,2,Life Sciences,1,1893,2,Female,90,2,1,Research Scientist,3,Married,2933,14908,1,Y,Yes,13,3,3,80,1,1,3,2,1,0,1,0
27,No,Travel_Rarely,511,Sales,2,2,Medical,1,1898,1,Female,89,4,2,Sales Executive,3,Single,6500,26997,0,Y,No,14,3,2,80,0,9,5,2,8,7,0,7
48,No,Travel_Frequently,117,Research & Development,22,3,Medical,1,1900,4,Female,58,3,4,Manager,4,Divorced,17174,2437,3,Y,No,11,3,2,80,1,24,3,3,22,17,4,7
44,No,Travel_Rarely,170,Research & Development,1,4,Life Sciences,1,1903,2,Male,78,4,2,Healthcare Representative,1,Married,5033,9364,2,Y,No,15,3,4,80,1,10,5,3,2,0,2,2
34,Yes,Non-Travel,967,Research & Development,16,4,Technical Degree,1,1905,4,Male,85,1,1,Research Scientist,1,Married,2307,14460,1,Y,Yes,23,4,2,80,1,5,2,3,5,2,3,0
56,Yes,Travel_Rarely,1162,Research & Development,24,2,Life Sciences,1,1907,1,Male,97,3,1,Laboratory Technician,4,Single,2587,10261,1,Y,No,16,3,4,80,0,5,3,3,4,2,1,0
36,No,Travel_Rarely,335,Sales,17,2,Marketing,1,1908,3,Male,33,2,2,Sales Executive,2,Married,5507,16822,2,Y,No,16,3,3,80,2,12,1,1,4,2,1,3
41,No,Travel_Rarely,337,Sales,8,3,Marketing,1,1909,3,Female,54,3,2,Sales Executive,2,Married,4393,26841,5,Y,No,21,4,3,80,1,14,3,3,5,4,1,4
42,No,Travel_Rarely,1396,Research & Development,6,3,Medical,1,1911,3,Male,83,3,3,Research Director,1,Married,13348,14842,9,Y,No,13,3,2,80,1,18,3,4,13,7,5,7
31,No,Travel_Rarely,1079,Sales,10,2,Medical,1,1912,3,Female,86,3,2,Sales Executive,4,Divorced,6583,20115,2,Y,Yes,11,3,4,80,1,8,2,3,5,2,1,4
34,No,Travel_Rarely,735,Sales,3,1,Medical,1,1915,4,Female,75,2,2,Sales Executive,4,Married,8103,16495,3,Y,Yes,12,3,3,80,0,9,3,2,4,2,0,1
31,No,Travel_Rarely,471,Research & Development,4,3,Medical,1,1916,1,Female,62,4,1,Laboratory Technician,3,Divorced,3978,16031,8,Y,No,12,3,2,80,1,4,0,2,2,2,2,2
26,No,Travel_Frequently,1096,Research & Development,6,3,Other,1,1918,3,Male,61,4,1,Laboratory Technician,4,Married,2544,7102,0,Y,No,18,3,1,80,1,8,3,3,7,7,7,7
45,No,Travel_Frequently,1297,Research & Development,1,4,Medical,1,1922,2,Male,44,3,2,Healthcare Representative,3,Single,5399,14511,4,Y,No,12,3,3,80,0,12,3,3,4,2,0,3
33,No,Travel_Rarely,217,Sales,10,4,Marketing,1,1924,2,Male,43,3,2,Sales Executive,3,Single,5487,10410,1,Y,No,14,3,2,80,0,10,2,2,10,4,0,9
28,No,Travel_Frequently,783,Sales,1,2,Life Sciences,1,1927,3,Male,42,2,2,Sales Executive,4,Married,6834,19255,1,Y,Yes,12,3,3,80,1,7,2,3,7,7,0,7
29,Yes,Travel_Frequently,746,Sales,24,3,Technical Degree,1,1928,3,Male,45,4,1,Sales Representative,1,Single,1091,10642,1,Y,No,17,3,4,80,0,1,3,3,1,0,0,0
39,No,Non-Travel,1251,Sales,21,4,Life Sciences,1,1929,1,Female,32,1,2,Sales Executive,3,Married,5736,3987,6,Y,No,19,3,3,80,1,10,1,3,3,2,1,2
27,No,Travel_Rarely,1354,Research & Development,2,4,Technical Degree,1,1931,2,Male,41,3,1,Research Scientist,2,Married,2226,6073,1,Y,No,11,3,3,80,1,6,3,2,5,3,1,2
34,No,Travel_Frequently,735,Research & Development,22,4,Other,1,1932,3,Male,86,2,2,Research Scientist,4,Married,5747,26496,1,Y,Yes,15,3,2,80,0,16,3,3,15,10,6,11
28,Yes,Travel_Rarely,1475,Sales,13,2,Marketing,1,1933,4,Female,84,3,2,Sales Executive,3,Single,9854,23352,3,Y,Yes,11,3,4,80,0,6,0,3,2,0,2,2
47,No,Non-Travel,1169,Research & Development,14,4,Technical Degree,1,1934,3,Male,64,3,2,Research Scientist,2,Married,5467,2125,8,Y,No,18,3,3,80,1,16,4,4,8,7,1,7
56,No,Travel_Rarely,1443,Sales,11,5,Marketing,1,1935,4,Female,89,2,2,Sales Executive,1,Married,5380,20328,4,Y,No,16,3,3,80,1,6,3,3,0,0,0,0
39,No,Travel_Rarely,867,Research & Development,9,2,Medical,1,1936,1,Male,87,3,2,Manufacturing Director,1,Married,5151,12315,1,Y,No,25,4,4,80,1,10,3,3,10,0,7,9
38,No,Travel_Frequently,1394,Research & Development,8,3,Medical,1,1937,4,Female,58,2,2,Research Scientist,2,Divorced,2133,18115,1,Y,Yes,16,3,3,80,1,20,3,3,20,11,0,7
58,No,Travel_Rarely,605,Sales,21,3,Life Sciences,1,1938,4,Female,72,3,4,Manager,4,Married,17875,11761,4,Y,Yes,13,3,3,80,1,29,2,2,1,0,0,0
32,Yes,Travel_Frequently,238,Research & Development,5,2,Life Sciences,1,1939,1,Female,47,4,1,Research Scientist,3,Single,2432,15318,3,Y,Yes,14,3,1,80,0,8,2,3,4,1,0,3
38,No,Travel_Rarely,1206,Research & Development,9,2,Life Sciences,1,1940,2,Male,71,3,1,Research Scientist,4,Divorced,4771,14293,2,Y,No,19,3,4,80,2,10,0,4,5,2,0,3
49,No,Travel_Frequently,1064,Research & Development,2,1,Life Sciences,1,1941,2,Male,42,3,5,Research Director,4,Married,19161,13738,3,Y,No,15,3,4,80,0,28,3,3,5,4,4,3
42,No,Travel_Rarely,419,Sales,12,4,Marketing,1,1943,2,Male,77,3,2,Sales Executive,4,Divorced,5087,2900,3,Y,Yes,12,3,3,80,2,14,4,3,0,0,0,0
27,Yes,Travel_Frequently,1337,Human Resources,22,3,Human Resources,1,1944,1,Female,58,2,1,Human Resources,2,Married,2863,19555,1,Y,No,12,3,1,80,0,1,2,3,1,0,0,0
35,No,Travel_Rarely,682,Sales,18,4,Medical,1,1945,2,Male,71,3,2,Sales Executive,1,Married,5561,15975,0,Y,No,16,3,4,80,1,6,2,1,5,3,0,4
28,No,Non-Travel,1103,Research & Development,16,3,Medical,1,1947,3,Male,49,3,1,Research Scientist,3,Single,2144,2122,1,Y,No,14,3,3,80,0,5,3,2,5,3,1,4
31,No,Non-Travel,976,Research & Development,3,2,Medical,1,1948,3,Male,48,3,1,Research Scientist,1,Divorced,3065,3995,1,Y,Yes,13,3,4,80,1,4,3,4,4,2,2,3
36,No,Non-Travel,1351,Research & Development,9,4,Life Sciences,1,1949,1,Male,66,4,1,Laboratory Technician,2,Married,2810,9238,1,Y,No,22,4,2,80,0,5,3,3,5,4,0,2
34,No,Travel_Rarely,937,Sales,1,3,Marketing,1,1950,1,Male,32,3,3,Sales Executive,4,Single,9888,6770,1,Y,No,21,4,1,80,0,14,3,2,14,8,2,1
34,No,Travel_Rarely,1239,Sales,13,4,Medical,1,1951,4,Male,39,3,3,Sales Executive,3,Divorced,8628,22914,1,Y,No,18,3,3,80,1,9,2,2,8,7,1,1
26,No,Travel_Rarely,157,Research & Development,1,3,Medical,1,1952,3,Male,95,3,1,Laboratory Technician,1,Single,2867,20006,0,Y,No,13,3,4,80,0,8,6,2,7,7,7,6
29,No,Travel_Rarely,136,Research & Development,1,3,Life Sciences,1,1954,1,Male,89,3,2,Healthcare Representative,1,Married,5373,6225,0,Y,No,12,3,1,80,1,6,5,2,5,3,0,2
32,No,Non-Travel,1146,Research & Development,15,4,Medical,1,1955,3,Female,34,3,2,Healthcare Representative,4,Divorced,6667,16542,5,Y,No,18,3,2,80,1,9,6,3,5,1,1,2
31,No,Travel_Frequently,1125,Research & Development,1,3,Life Sciences,1,1956,4,Male,48,1,2,Research Scientist,1,Married,5003,5771,1,Y,No,21,4,2,80,0,10,6,3,10,8,8,7
28,Yes,Travel_Rarely,1404,Research & Development,17,3,Technical Degree,1,1960,3,Male,32,2,1,Laboratory Technician,4,Divorced,2367,18779,5,Y,No,12,3,1,80,1,6,2,2,4,1,0,3
38,No,Travel_Rarely,1404,Sales,1,3,Life Sciences,1,1961,1,Male,59,2,1,Sales Representative,1,Single,2858,11473,4,Y,No,14,3,1,80,0,20,3,2,1,0,0,0
35,No,Travel_Rarely,1224,Sales,7,4,Life Sciences,1,1962,3,Female,55,3,2,Sales Executive,4,Married,5204,13586,1,Y,Yes,11,3,4,80,0,10,2,3,10,8,0,9
27,No,Travel_Rarely,954,Sales,9,3,Marketing,1,1965,4,Male,44,3,2,Sales Executive,4,Single,4105,5099,1,Y,No,14,3,1,80,0,7,5,3,7,7,0,7
32,No,Travel_Rarely,1373,Research & Development,5,4,Life Sciences,1,1966,4,Male,56,2,2,Manufacturing Director,4,Single,9679,10138,8,Y,No,24,4,2,80,0,8,1,3,1,0,0,0
31,Yes,Travel_Frequently,754,Sales,26,4,Marketing,1,1967,1,Male,63,3,2,Sales Executive,4,Married,5617,21075,1,Y,Yes,11,3,3,80,0,10,4,3,10,7,0,8
53,Yes,Travel_Rarely,1168,Sales,24,4,Life Sciences,1,1968,1,Male,66,3,3,Sales Executive,1,Single,10448,5843,6,Y,Yes,13,3,2,80,0,15,2,2,2,2,2,2
54,No,Travel_Rarely,155,Research & Development,9,2,Life Sciences,1,1969,1,Female,67,3,2,Research Scientist,3,Married,2897,22474,3,Y,No,11,3,3,80,2,9,6,2,4,3,2,3
33,No,Travel_Frequently,1303,Research & Development,7,2,Life Sciences,1,1970,4,Male,36,3,2,Healthcare Representative,3,Divorced,5968,18079,1,Y,No,20,4,3,80,3,9,2,3,9,7,2,8
43,No,Travel_Rarely,574,Research & Development,11,3,Life Sciences,1,1971,1,Male,30,3,3,Healthcare Representative,3,Married,7510,16873,1,Y,No,17,3,2,80,1,10,1,3,10,9,0,9
38,No,Travel_Frequently,1444,Human Resources,1,4,Other,1,1972,4,Male,88,3,1,Human Resources,2,Married,2991,5224,0,Y,Yes,11,3,2,80,1,7,2,3,6,2,1,2
55,No,Travel_Rarely,189,Human Resources,26,4,Human Resources,1,1973,3,Male,71,4,5,Manager,2,Married,19636,25811,4,Y,Yes,18,3,1,80,1,35,0,3,10,9,1,4
31,No,Travel_Rarely,1276,Research & Development,2,1,Medical,1,1974,4,Female,59,1,1,Laboratory Technician,4,Divorced,1129,17536,1,Y,Yes,11,3,3,80,3,1,4,3,1,0,0,0
39,No,Travel_Rarely,119,Sales,15,4,Marketing,1,1975,2,Male,77,3,4,Sales Executive,1,Single,13341,25098,0,Y,No,12,3,1,80,0,21,3,3,20,8,11,10
42,No,Non-Travel,335,Research & Development,23,2,Life Sciences,1,1976,4,Male,37,2,2,Research Scientist,3,Single,4332,14811,1,Y,No,12,3,4,80,0,20,2,3,20,9,3,7
31,No,Non-Travel,697,Research & Development,10,3,Medical,1,1979,3,Female,40,3,3,Research Director,3,Married,11031,26862,4,Y,No,20,4,3,80,1,13,2,4,11,7,4,8
54,No,Travel_Rarely,157,Research & Development,10,3,Medical,1,1980,3,Female,77,3,2,Manufacturing Director,1,Single,4440,25198,6,Y,Yes,19,3,4,80,0,9,3,3,5,2,1,4
24,No,Travel_Rarely,771,Research & Development,1,2,Life Sciences,1,1981,2,Male,45,2,2,Healthcare Representative,3,Single,4617,14120,1,Y,No,12,3,2,80,0,4,2,2,4,3,1,2
23,No,Travel_Rarely,571,Research & Development,12,2,Other,1,1982,4,Male,78,3,1,Laboratory Technician,4,Single,2647,13672,1,Y,No,13,3,3,80,0,5,6,4,5,2,1,4
40,No,Travel_Frequently,692,Research & Development,11,3,Technical Degree,1,1985,4,Female,73,3,2,Laboratory Technician,3,Married,6323,26849,1,Y,No,11,3,1,80,1,10,2,4,10,9,9,4
40,No,Travel_Rarely,444,Sales,2,2,Marketing,1,1986,2,Female,92,3,2,Sales Executive,2,Married,5677,4258,3,Y,No,14,3,3,80,1,15,4,3,11,8,5,10
25,No,Travel_Rarely,309,Human Resources,2,3,Human Resources,1,1987,3,Female,82,3,1,Human Resources,2,Married,2187,19655,4,Y,No,14,3,3,80,0,6,3,3,2,0,1,2
30,No,Travel_Rarely,911,Research & Development,1,2,Medical,1,1989,4,Male,76,3,1,Laboratory Technician,2,Married,3748,4077,1,Y,No,13,3,3,80,0,12,6,2,12,8,1,7
25,No,Travel_Rarely,977,Research & Development,2,1,Other,1,1992,4,Male,57,3,1,Laboratory Technician,3,Divorced,3977,7298,6,Y,Yes,19,3,3,80,1,7,2,2,2,2,0,2
47,No,Travel_Rarely,1180,Research & Development,25,3,Medical,1,1993,1,Male,84,3,3,Healthcare Representative,3,Single,8633,13084,2,Y,No,23,4,2,80,0,25,3,3,17,14,12,11
33,No,Non-Travel,1313,Research & Development,1,2,Medical,1,1994,2,Male,59,2,1,Laboratory Technician,3,Divorced,2008,20439,1,Y,No,12,3,3,80,3,1,2,2,1,1,0,0
38,No,Travel_Rarely,1321,Sales,1,4,Life Sciences,1,1995,4,Male,86,3,2,Sales Executive,2,Married,4440,7636,0,Y,No,15,3,1,80,2,16,3,3,15,13,5,8
31,No,Travel_Rarely,1154,Sales,2,2,Life Sciences,1,1996,1,Male,54,3,1,Sales Representative,3,Married,3067,6393,0,Y,No,19,3,3,80,1,3,1,3,2,2,1,2
38,No,Travel_Frequently,508,Research & Development,6,4,Life Sciences,1,1997,1,Male,72,2,2,Manufacturing Director,3,Married,5321,14284,2,Y,No,11,3,4,80,1,10,1,3,8,3,7,7
42,No,Travel_Rarely,557,Research & Development,18,4,Life Sciences,1,1998,4,Male,35,3,2,Research Scientist,1,Divorced,5410,11189,6,Y,Yes,17,3,3,80,1,9,3,2,4,3,1,2
41,No,Travel_Rarely,642,Research & Development,1,3,Life Sciences,1,1999,4,Male,76,3,1,Research Scientist,4,Married,2782,21412,3,Y,No,22,4,1,80,1,12,3,3,5,3,1,0
47,No,Non-Travel,1162,Research & Development,1,1,Medical,1,2000,3,Female,98,3,3,Research Director,2,Married,11957,17231,0,Y,No,18,3,1,80,2,14,3,1,13,8,5,12
35,No,Travel_Rarely,1490,Research & Development,11,4,Medical,1,2003,4,Male,43,3,1,Laboratory Technician,3,Married,2660,20232,7,Y,Yes,11,3,3,80,1,5,3,3,2,2,2,2
22,No,Travel_Rarely,581,Research & Development,1,2,Life Sciences,1,2007,4,Male,63,3,1,Research Scientist,3,Single,3375,17624,0,Y,No,12,3,4,80,0,4,2,4,3,2,1,2
35,No,Travel_Rarely,1395,Research & Development,9,4,Medical,1,2008,2,Male,48,3,2,Research Scientist,3,Single,5098,18698,1,Y,No,19,3,2,80,0,10,5,3,10,7,0,8
33,No,Travel_Rarely,501,Research & Development,15,2,Medical,1,2009,2,Female,95,3,2,Healthcare Representative,4,Married,4878,21653,0,Y,Yes,13,3,1,80,1,10,6,3,9,7,8,1
32,No,Travel_Rarely,267,Research & Development,29,4,Life Sciences,1,2010,3,Female,49,2,1,Laboratory Technician,2,Single,2837,15919,1,Y,No,13,3,3,80,0,6,3,3,6,2,4,1
40,No,Travel_Rarely,543,Research & Development,1,4,Life Sciences,1,2012,1,Male,83,3,1,Laboratory Technician,4,Married,2406,4060,8,Y,No,19,3,3,80,2,8,3,2,1,0,0,0
32,No,Travel_Rarely,234,Sales,1,4,Medical,1,2013,2,Male,68,2,1,Sales Representative,2,Married,2269,18024,0,Y,No,14,3,2,80,1,3,2,3,2,2,2,2
39,No,Travel_Rarely,116,Research & Development,24,1,Life Sciences,1,2014,1,Male,52,3,2,Research Scientist,4,Single,4108,5340,7,Y,No,13,3,1,80,0,18,2,3,7,7,1,7
38,No,Travel_Rarely,201,Research & Development,10,3,Medical,1,2015,2,Female,99,1,3,Research Director,3,Married,13206,3376,3,Y,No,12,3,1,80,1,20,3,3,18,16,1,11
32,No,Travel_Rarely,801,Sales,1,4,Marketing,1,2016,3,Female,48,3,3,Sales Executive,4,Married,10422,24032,1,Y,No,19,3,3,80,2,14,3,3,14,10,5,7
37,No,Travel_Rarely,161,Research & Development,10,3,Life Sciences,1,2017,3,Female,42,4,3,Research Director,4,Married,13744,15471,1,Y,Yes,25,4,1,80,1,16,2,3,16,11,6,8
25,No,Travel_Rarely,1382,Sales,8,2,Other,1,2018,1,Female,85,3,2,Sales Executive,3,Divorced,4907,13684,0,Y,Yes,22,4,2,80,1,6,3,2,5,3,0,4
52,No,Non-Travel,585,Sales,29,4,Life Sciences,1,2019,1,Male,40,3,1,Sales Representative,4,Divorced,3482,19788,2,Y,No,15,3,2,80,2,16,3,2,9,8,0,0
44,No,Travel_Rarely,1037,Research & Development,1,3,Medical,1,2020,2,Male,42,3,1,Research Scientist,4,Single,2436,13422,6,Y,Yes,12,3,3,80,0,6,2,3,4,3,1,2
21,No,Travel_Rarely,501,Sales,5,1,Medical,1,2021,3,Male,58,3,1,Sales Representative,1,Single,2380,25479,1,Y,Yes,11,3,4,80,0,2,6,3,2,2,1,2
39,No,Non-Travel,105,Research & Development,9,3,Life Sciences,1,2022,4,Male,87,3,5,Manager,4,Single,19431,15302,2,Y,No,13,3,3,80,0,21,3,2,6,0,1,3
23,Yes,Travel_Frequently,638,Sales,9,3,Marketing,1,2023,4,Male,33,3,1,Sales Representative,1,Married,1790,26956,1,Y,No,19,3,1,80,1,1,3,2,1,0,1,0
36,No,Travel_Rarely,557,Sales,3,3,Medical,1,2024,1,Female,94,2,3,Sales Executive,4,Married,7644,12695,0,Y,No,19,3,3,80,2,10,2,3,9,7,3,4
36,No,Travel_Frequently,688,Research & Development,4,2,Life Sciences,1,2025,4,Female,97,3,2,Manufacturing Director,2,Divorced,5131,9192,7,Y,No,13,3,2,80,3,18,3,3,4,2,0,2
56,No,Non-Travel,667,Research & Development,1,4,Life Sciences,1,2026,3,Male,57,3,2,Healthcare Representative,3,Divorced,6306,26236,1,Y,No,21,4,1,80,1,13,2,2,13,12,1,9
29,Yes,Travel_Rarely,1092,Research & Development,1,4,Medical,1,2027,1,Male,36,3,1,Research Scientist,4,Married,4787,26124,9,Y,Yes,14,3,2,80,3,4,3,4,2,2,2,2
42,No,Travel_Rarely,300,Research & Development,2,3,Life Sciences,1,2031,1,Male,56,3,5,Manager,3,Married,18880,17312,5,Y,No,11,3,1,80,0,24,2,2,22,6,4,14
56,Yes,Travel_Rarely,310,Research & Development,7,2,Technical Degree,1,2032,4,Male,72,3,1,Laboratory Technician,3,Married,2339,3666,8,Y,No,11,3,4,80,1,14,4,1,10,9,9,8
41,No,Travel_Rarely,582,Research & Development,28,4,Life Sciences,1,2034,1,Female,60,2,4,Manufacturing Director,2,Married,13570,5640,0,Y,No,23,4,3,80,1,21,3,3,20,7,0,10
34,No,Travel_Rarely,704,Sales,28,3,Marketing,1,2035,4,Female,95,2,2,Sales Executive,3,Married,6712,8978,1,Y,No,21,4,4,80,2,8,2,3,8,7,1,7
36,No,Non-Travel,301,Sales,15,4,Marketing,1,2036,4,Male,88,1,2,Sales Executive,4,Divorced,5406,10436,1,Y,No,24,4,1,80,1,15,4,2,15,12,11,11
41,No,Travel_Rarely,930,Sales,3,3,Life Sciences,1,2037,3,Male,57,2,2,Sales Executive,2,Divorced,8938,12227,2,Y,No,11,3,3,80,1,14,5,3,5,4,0,4
32,No,Travel_Rarely,529,Research & Development,2,3,Technical Degree,1,2038,4,Male,78,3,1,Research Scientist,1,Single,2439,11288,1,Y,No,14,3,4,80,0,4,4,3,4,2,1,2
35,No,Travel_Rarely,1146,Human Resources,26,4,Life Sciences,1,2040,3,Female,31,3,3,Human Resources,4,Single,8837,16642,1,Y,Yes,16,3,3,80,0,9,2,3,9,0,1,7
38,No,Travel_Rarely,345,Sales,10,2,Life Sciences,1,2041,1,Female,100,3,2,Sales Executive,4,Married,5343,5982,1,Y,No,11,3,3,80,1,10,1,3,10,7,1,9
50,Yes,Travel_Frequently,878,Sales,1,4,Life Sciences,1,2044,2,Male,94,3,2,Sales Executive,3,Divorced,6728,14255,7,Y,No,12,3,4,80,2,12,3,3,6,3,0,1
36,No,Travel_Rarely,1120,Sales,11,4,Marketing,1,2045,2,Female,100,2,2,Sales Executive,4,Married,6652,14369,4,Y,No,13,3,1,80,1,8,2,2,6,3,0,0
45,No,Travel_Rarely,374,Sales,20,3,Life Sciences,1,2046,4,Female,50,3,2,Sales Executive,3,Single,4850,23333,8,Y,No,15,3,3,80,0,8,3,3,5,3,0,1
40,No,Travel_Rarely,1322,Research & Development,2,4,Life Sciences,1,2048,3,Male,52,2,1,Research Scientist,3,Single,2809,2725,2,Y,No,14,3,4,80,0,8,2,3,2,2,2,2
35,No,Travel_Frequently,1199,Research & Development,18,4,Life Sciences,1,2049,3,Male,80,3,2,Healthcare Representative,3,Married,5689,24594,1,Y,Yes,14,3,4,80,2,10,2,4,10,2,0,2
40,No,Travel_Rarely,1194,Research & Development,2,4,Medical,1,2051,3,Female,98,3,1,Research Scientist,3,Married,2001,12549,2,Y,No,14,3,2,80,3,20,2,3,5,3,0,2
35,No,Travel_Rarely,287,Research & Development,1,4,Life Sciences,1,2052,3,Female,62,1,1,Research Scientist,4,Married,2977,8952,1,Y,No,12,3,4,80,1,4,5,3,4,3,1,1
29,No,Travel_Rarely,1378,Research & Development,13,2,Other,1,2053,4,Male,46,2,2,Laboratory Technician,2,Married,4025,23679,4,Y,Yes,13,3,1,80,1,10,2,3,4,3,0,3
29,No,Travel_Rarely,468,Research & Development,28,4,Medical,1,2054,4,Female,73,2,1,Research Scientist,1,Single,3785,8489,1,Y,No,14,3,2,80,0,5,3,1,5,4,0,4
50,Yes,Travel_Rarely,410,Sales,28,3,Marketing,1,2055,4,Male,39,2,3,Sales Executive,1,Divorced,10854,16586,4,Y,Yes,13,3,2,80,1,20,3,3,3,2,2,0
39,No,Travel_Rarely,722,Sales,24,1,Marketing,1,2056,2,Female,60,2,4,Sales Executive,4,Married,12031,8828,0,Y,No,11,3,1,80,1,21,2,2,20,9,9,6
31,No,Non-Travel,325,Research & Development,5,3,Medical,1,2057,2,Male,74,3,2,Manufacturing Director,1,Single,9936,3787,0,Y,No,19,3,2,80,0,10,2,3,9,4,1,7
26,No,Travel_Rarely,1167,Sales,5,3,Other,1,2060,4,Female,30,2,1,Sales Representative,3,Single,2966,21378,0,Y,No,18,3,4,80,0,5,2,3,4,2,0,0
36,No,Travel_Frequently,884,Research & Development,23,2,Medical,1,2061,3,Male,41,4,2,Laboratory Technician,4,Married,2571,12290,4,Y,No,17,3,3,80,1,17,3,3,5,2,0,3
39,No,Travel_Rarely,613,Research & Development,6,1,Medical,1,2062,4,Male,42,2,3,Healthcare Representative,1,Married,9991,21457,4,Y,No,15,3,1,80,1,9,5,3,7,7,1,7
27,No,Travel_Rarely,155,Research & Development,4,3,Life Sciences,1,2064,2,Male,87,4,2,Manufacturing Director,2,Married,6142,5174,1,Y,Yes,20,4,2,80,1,6,0,3,6,2,0,3
49,No,Travel_Frequently,1023,Sales,2,3,Medical,1,2065,4,Male,63,2,2,Sales Executive,2,Married,5390,13243,2,Y,No,14,3,4,80,0,17,3,2,9,6,0,8
34,No,Travel_Rarely,628,Research & Development,8,3,Medical,1,2068,2,Male,82,4,2,Laboratory Technician,3,Married,4404,10228,2,Y,No,12,3,1,80,0,6,3,4,4,3,1,2
38,No,Travel_Rarely,222,Research & Development,19,5,Other,-2,1885,6,Female,44,0,2,Manufacturing Director (Modified),4,Married,4791,25391,0,Y,Yes,10,0,4,76,0,6,-1,-1,1,0,-3,-1
24,No,Travel_Rarely (Modified),333,Human Resources,15,-2,Other,0,1417,4,Male,46,-3,7,Human Resources,1,Single,7990,9771,-2,Y,No,13,2,0,82,1,10,1,2,5,11,1,8
20,Yes,Travel_Rarely,1297,Research & Development,12,4,Medical (Modified),5,1785,1,Female,76,1,2,Laboratory Technician,0,Married,2400,16001,3,Y,Yes,17,0,4,80,3,5,8,2,-2,1,-3,1
41,No (Modified),Travel_Rarely,738,Research & Development,5,8,Medical,2,1790,0,Male,46,3,0,Research Director,0,Divorced,19327,14215,9,Y,Yes,15,-2,-1,83,2,28,2,-2,-3,2,-1,2
30,Yes,Travel_Rarely (Modified),908,Research & Development,10,7,Life Sciences,5,994,2,Female,95,2,5,Research Scientist,0,Single,2401,11482,9,Y,Yes,24,4,4,82,-5,2,1,6,0,-3,-5,3
38,No,Travel_Rarely,260,Sales,25,5,Life Sciences,-1,620,0,Male (Modified),71,2,1,Sales Executive,8,Single,5341,19920,5,Y,No,15,-2,2,83,-5,10,-2,3,9,4,6,3
41,No (Modified),Travel_Rarely,953,Sales (Modified),6,-2,Technical Degree (Modified),-2,784,0,Male,45,4,4,Sales Representative,5,Single,6634,12387,-5,Y,No,15,6,-1,78,-5,13,0,2,4,7,1,5
37,No,Travel_Rarely,1138,Research & Development (Modified),5,5,Life Sciences,-2,1863,5,Male,80,6,-2,Laboratory Technician,5,Single,3970,13627,2,Y,No,13,-1,7,80,-1,10,-2,4,-1,0,-5,1
32,No,Travel_Rarely,946,Research & Development,6,-2,Medical (Modified),5,1119,6,Female,90,6,2,Manufacturing Director,-3,Divorced,7653,8035,0,Y,No,16,0,4,84,0,5,6,1,7,8,0,4
36,No,Travel_Rarely (Modified),929,Sales (Modified),11,6,Marketing (Modified),3,722,7,Male,55,3,4,Sales Executive,6,Single (Modified),5398,21699,2,Y,No,7,-2,3,84,-1,8,1,-3,5,8,-4,10
48,No,Travel_Rarely,851,Research & Development,8,7,Life Sciences,-2,1362,4,Male,54,-1,-1,Manufacturing Director,-1,Single,7901,18708,-1,Y,No,7,3,5,80,3,9,0,-1,13,12,4,3
31,No,Travel_Frequently,824,Sales,12,-1,Marketing,4,798,5,Male,81,-1,3,Sales Executive,-1,Married,4341,24010,-1,Y,No,14,-2,2,82,-2,1,-1,5,3,2,5,-4
37,Yes,Travel_Rarely,810,Human Resources,4,6,Human Resources,4,128,5,Male,61,5,0,Human Resources,4,Divorced,2071,23652,0,Y,Yes,22,4,-1,84,-4,9,5,1,-1,1,-5,6
52,No,Travel_Rarely,1259,Research & Development,3,1,Life Sciences,5,1443,-1,Female,94,-1,-4,Research Scientist,0,Married (Modified),2067,10490,4,Y,No,19,6,8,81,-4,4,4,8,4,-1,0,-1
24,No (Modified),Travel_Rarely,1347,Sales,21,0,Technical Degree,-1,670,1,Male,46,7,4,Sales Representative,4,Single,3443,24446,-4,Y,No,13,-2,2,80,-5,0,5,-2,1,5,4,-1
34,No (Modified),Travel_Rarely,706,Research & Development,9,8,Life Sciences,3,1652,0,Female (Modified),45,7,7,Healthcare Representative,-4,Married,8006,22793,1,Y,No,14,3,0,80,4,11,10,3,2,0,-5,-2
35,No,Travel_Rarely,406,Research & Development,-1,7,Technical Degree,0,1378,2,Female (Modified),98,-2,3,Healthcare Representative,-1,Single,6690,6160,4,Y,No,11,0,6,76,0,13,0,5,17,7,5,13
54,No,Travel_Rarely,974,Research & Development,2,2,Life Sciences (Modified),-2,726,-1,Male,59,8,2,Research Director (Modified),1,Married,14814,13511,6,Y,No,17,2,0,76,-2,32,-1,6,7,-3,-4,0
23,Yes,Travel_Frequently,1257,Research & Development,6,-1,Life Sciences,2,1207,6,Male,50,2,-1,Research Scientist,3,Married,2850,4227,2,Y,Yes,13,4,-3,76,-4,5,4,7,-3,2,-3,-1
44,No,Travel_Rarely,605,Research & Development (Modified),5,6,Medical,-4,1295,-2,Female,81,2,-3,Research Scientist,4,Married,2371,5624,1,Y,Yes (Modified),18,-1,4,76,-2,15,4,7,1,-1,1,-4
29,Yes,Travel_Rarely,1146,Sales (Modified),9,-1,Technical Degree,-2,792,-1,Male,35,-3,1,Sales Executive,-2,Single,5324,3059,6,Y,No,13,3,4,76,3,5,3,4,-1,0,-1,2
50,No,Travel_Rarely,1150,Sales,2,0,Marketing,3,303,2,Female,47,7,-2,Sales Executive,1,Married,5936,17007,0,Y,No,9,-1,1,80,-4,14,3,1,7,-3,4,0
32,Yes,Travel_Rarely,1103,Human Resources (Modified),10,4,Technical Degree,5,1465,5,Female,51,-2,3,Human Resources,1,Married,2742,3069,-4,Y,No,10,-1,-1,79,-4,0,-3,6,1,2,0,0
31,No,Non-Travel,1431,Sales,6,6,Life Sciences,0,785,-1,Male,74,-1,5,Sales Executive,2,Single,7584,14230,0,Y,No,15,0,-3,84,-3,10,2,7,13,4,-4,9
42,No,Non-Travel,539,Sales,6,8,Marketing,-3,1729,-1,Male,85,-1,3,Sales Executive,4,Married,4973,3533,6,Y,No (Modified),8,5,6,79,2,1,4,4,-4,3,0,-1
31,No,Travel_Frequently (Modified),856,Research & Development,-4,4,Life Sciences,5,1008,7,Female (Modified),91,-2,3,Manufacturing Director,-2,Married,4143,11273,5,Y,No,13,5,5,79,-3,7,-3,4,4,-1,-3,6
26,No,Travel_Rarely,1372,Research & Development,13,3,Life Sciences,4,1437,-3,Male,91,-2,4,Laboratory Technician,-2,Married,2097,7676,0,Y,No,17,5,3,81,2,5,-1,4,8,3,4,1
27,No,Travel_Rarely,1139,Sales,12,2,Medical,2,1059,8,Male,75,2,-2,Sales Representative,-2,Married (Modified),1056,23382,1,Y (Modified),No,19,-1,0,79,-1,5,7,4,-4,-1,-4,1
45,No,Travel_Frequently (Modified),121,Research & Development,22,-2,Medical,1,1904,0,Female,56,-2,5,Manager,2,Divorced,17172,2440,4,Y,No,9,4,-2,80,3,25,1,1,19,15,7,9
42,No (Modified),Travel_Frequently,1305,Sales,6,-3,Medical,4,470,-1,Male,100,3,6,Sales Representative,2,Single,2972,25753,5,Y (Modified),No,18,2,1,77,-3,7,6,4,1,-2,-2,3
31,No,Travel_Rarely,282,Research & Development,27,4,Medical (Modified),0,1374,-1,Male,84,2,1,Laboratory Technician,0,Married,5426,17491,0,Y (Modified),No,17,-2,-2,77,3,14,-1,6,11,8,10,7
36,No,Travel_Rarely,416,Research & Development,7,-1,Life Sciences,2,31,-1,Female,49,0,5,Research Director,-3,Single,11991,21293,-5,Y,No,13,-2,3,82,-4,8,3,1,11,8,-2,13
25,Yes,Travel_Frequently,634,Sales,6,7,Marketing,5,2027,5,Male,33,0,5,Sales Representative,2,Married,1794,26952,0,Y,No,16,5,4,83,-2,4,4,-2,4,-3,-2,0
31,No,Travel_Rarely (Modified),1083,Research & Development,24,0,Life Sciences,-3,1516,-1,Male,97,0,-3,Manufacturing Director,-2,Married,6549,3171,5,Y,No (Modified),10,3,-1,77,-3,11,-3,6,7,9,3,4
44,No,Travel_Rarely,376,Sales,22,-2,Life Sciences,-4,2047,4,Female (Modified),48,1,6,Sales Executive,3,Single,4854,23335,5,Y,No,17,5,-1,75,2,10,4,1,5,0,3,1
23,No,Travel_Rarely,541,Sales (Modified),3,-4,Technical Degree,4,117,7,Male,59,-2,2,Sales Representative (Modified),5,Divorced,2324,9516,-1,Y,No,17,-2,4,80,4,2,6,1,-3,1,-4,3
31,No,Non-Travel,1376,Sales,1,-1,Marketing (Modified),4,520,-2,Female,70,6,0,Sales Executive (Modified),5,Married,6534,12744,11,Y,No,12,1,-2,81,2,3,3,7,-1,0,3,0
49,No,Non-Travel (Modified),1140,Research & Development,6,6,Medical,-2,484,-2,Female (Modified),31,3,0,Manufacturing Director,-1,Married,5255,16041,5,Y,No,15,4,6,77,-4,2,3,5,0,3,-5,0
25,No,Travel_Rarely,1176,Research & Development (Modified),-1,5,Life Sciences,2,1795,7,Male (Modified),77,-2,3,Research Scientist,2,Married,2044,5527,3,Y,No,6,0,5,77,0,4,2,3,3,5,-2,1
41,Yes,Travel_Frequently,809,Research & Development (Modified),18,2,Technical Degree,-3,1771,7,Male,36,-3,2,Research Scientist,4,Married,2439,15589,9,Y,Yes (Modified),18,-2,0,76,-1,8,6,2,-2,1,-4,-4
23,No,Travel_Rarely,510,Research & Development,24,4,Life Sciences,3,1537,3,Male,96,6,3,Laboratory Technician,2,Single,2269,24812,2,Y (Modified),No,16,3,0,83,-1,6,2,0,-1,7,-2,5
45,Yes,Travel_Rarely,1080,Research & Development,2,6,Life Sciences,0,927,2,Female,57,3,4,Laboratory Technician,1,Divorced,2773,17727,-1,Y (Modified),Yes,9,-2,0,80,0,11,-1,0,11,3,0,-4
34,No,Non-Travel,1003,Research & Development,25,-2,Technical Degree,1,1374,3,Female,93,1,1,Research Scientist (Modified),-1,Divorced,2031,15891,3,Y,No,23,3,0,77,1,3,-2,5,7,6,3,-1
35,No,Travel_Frequently,1315,Sales,10,6,Marketing,1,1849,3,Male,80,2,-3,Sales Executive,-1,Single,4643,26070,9,Y,No,12,0,-2,80,3,2,2,-1,3,-2,0,4
35,No,Travel_Frequently,116,Research & Development,12,4,Other,1,1238,2,Female,72,2,2,Laboratory Technician,-2,Married,2746,7326,2,Y,No (Modified),17,6,-1,76,-2,3,-2,7,4,0,0,-3
35,Yes,Travel_Rarely,1459,Sales,13,9,Marketing (Modified),1,1737,0,Male,98,-3,2,Sales Executive,2,Divorced,6137,8655,6,Y,Yes,15,-2,-2,83,5,15,3,-1,-1,0,4,3
59,No,Travel_Frequently,132,Research & Development,20,5,Medical,-1,1037,-2,Male,63,0,-1,Healthcare Representative,3,Married,6387,12995,2,Y,Yes,17,0,0,76,-3,14,0,4,3,11,5,4
30,No,Travel_Rarely,578,Research & Development,25,5,Medical (Modified),4,1012,2,Female,61,5,5,Healthcare Representative,4,Divorced,10390,6972,-1,Y,Yes,9,3,-1,82,3,12,-1,-2,13,12,9,0
27,Yes,Travel_Rarely,197,Research & Development,3,3,Life Sciences,0,1435,5,Female,38,0,1,Research Scientist,0,Single,1258,22263,-3,Y,No (Modified),15,3,-2,78,-4,2,-2,6,3,3,-1,-3
41,No,Travel_Rarely,785,Human Resources,28,3,Medical,0,1050,6,Male,35,-1,5,Human Resources,6,Single (Modified),2172,8315,-4,Y,No,14,-1,5,82,-5,6,1,5,4,4,-4,-1
23,No,Travel_Rarely,1236,Research & Development,3,2,Life Sciences,3,54,0,Female,37,-2,-3,Laboratory Technician,-2,Divorced,2336,19715,3,Y,No,8,7,5,83,-3,3,8,-1,0,-1,-4,3
35,No,Travel_Frequently,766,Sales,19,7,Life Sciences,-1,1812,6,Male,86,-1,-2,Sales Executive,-1,Divorced,4130,19184,-1,Y (Modified),No,21,5,1,83,-4,9,8,4,2,2,-3,4
28,No,Travel_Frequently,297,Research & Development,7,-1,Life Sciences,0,735,1,Male,33,6,4,Manufacturing Director,1,Divorced,8796,4809,5,Y,No,23,3,4,82,2,5,5,4,6,9,2,6
33,Yes,Travel_Rarely,325,Research & Development,23,7,Medical,-1,1390,3,Male,99,1,5,Manufacturing Director,0,Married,6182,21060,3,Y,Yes,12,2,5,82,-1,12,0,5,7,-2,6,7
30,No,Travel_Rarely,231,Sales,11,-2,Other,-2,981,0,Male,65,-1,6,Sales Executive,5,Divorced,7261,9973,6,Y,No,11,-1,-2,81,-3,8,4,3,10,5,6,3
36,No,Travel_Rarely,657,Sales,13,4,Marketing,2,949,4,Male,69,-2,7,Sales Executive,-2,Divorced,9707,20648,3,Y,No,8,1,3,77,-2,13,4,-3,-4,2,1,-1
47,No,Travel_Rarely,489,Sales,6,-1,Technical Degree,-1,364,3,Female,79,-2,-1,Manager,6,Married,16868,14978,3,Y (Modified),Yes,7,0,5,78,-2,32,3,2,7,6,2,10
33,No,Travel_Rarely,170,Research & Development,4,7,Life Sciences (Modified),5,772,2,Female,33,1,4,Manufacturing Director,-2,Divorced,5118,4185,2,Y,No,10,3,-1,75,-2,11,7,7,3,1,-2,-4
35,No,Travel_Rarely,1232,Research & Development,3,1,Medical,2,464,6,Female,39,0,6,Manufacturing Director,1,Single,7143,25711,1,Y,Yes,12,5,1,79,-5,13,6,2,12,11,5,6
48,Yes,Travel_Frequently,1474,Research & Development,24,6,Life Sciences,0,1422,1,Male,99,-3,-3,Laboratory Technician (Modified),2,Single,4285,22712,5,Y,No,20,-1,5,78,4,23,3,3,7,-2,0,1
30,No (Modified),Travel_Rarely,546,Research & Development,10,1,Life Sciences,5,937,1,Male,84,2,3,Laboratory Technician (Modified),2,Divorced,2009,6895,-1,Y,No (Modified),18,-2,2,82,4,-1,6,-1,-4,0,1,-5
60,No,Travel_Frequently,1241,Research & Development (Modified),11,0,Medical,-4,1073,-4,Female,62,5,2,Research Scientist,-1,Married,2945,12157,6,Y,No,23,3,2,81,4,16,6,6,2,0,-2,-1
45,No,Travel_Rarely,985,Research & Development,13,3,Life Sciences,3,522,5,Male,63,5,2,Research Director,2,Divorced,14335,4347,-3,Y,No,9,4,3,83,2,29,3,1,28,5,7,5
42,No,Non-Travel,547,Human Resources,2,4,Human Resources,3,1721,0,Male,56,3,-1,Human Resources,6,Married,6429,20791,3,Y,No,22,1,6,77,-2,5,-1,3,-2,0,0,4
39,No,Travel_Rarely (Modified),1274,Human Resources,10,3,Life Sciences,4,878,-4,Male,75,-1,0,Human Resources,5,Married,2337,8630,-5,Y,No,16,8,4,79,-4,7,4,5,0,1,-2,1
56,No,Travel_Rarely (Modified),1221,Research & Development,2,1,Medical,-2,1204,-1,Female,53,4,5,Manager,2,Divorced (Modified),18607,18641,7,Y (Modified),No,16,7,5,83,3,21,4,-1,6,11,7,9
40,No,Travel_Rarely,758,Sales,-3,4,Marketing,0,517,6,Female,44,1,4,Sales Executive,-3,Divorced,5716,22548,5,Y,No,13,1,6,78,1,4,4,3,7,5,1,5
32,No,Travel_Rarely,1384,Research & Development (Modified),16,4,Life Sciences (Modified),-2,23,-1,Female,49,2,4,Manufacturing Director,4,Divorced (Modified),9980,10198,-3,Y,No,15,-2,6,84,-1,8,-3,3,9,4,12,10
25,No,Travel_Rarely,742,Research & Development,9,0,Other,-4,456,0,Male (Modified),29,0,2,Laboratory Technician,8,Single,3986,7617,0,Y,No (Modified),18,7,3,75,-3,4,2,5,5,0,3,-2
34,No,Travel_Rarely,1398,Research & Development,-4,0,Life Sciences,-3,682,-3,Male,45,7,-2,Research Scientist,3,Married,2694,7663,5,Y,No,11,0,4,82,2,13,5,2,6,7,5,4
32,No,Travel_Frequently,1071,Research & Development,-1,-2,Life Sciences (Modified),5,253,-1,Male,44,-3,6,Manufacturing Director,1,Married (Modified),9546,14070,-4,Y,No,21,-2,0,78,-2,11,1,0,9,9,4,13
59,No,Travel_Rarely,722,Research & Development,3,8,Technical Degree (Modified),-2,1186,8,Female,88,4,7,Manager,-3,Divorced,19939,18572,4,Y,No,17,7,-1,83,-1,26,-2,4,4,6,4,1
33,Yes,Non-Travel,338,Research & Development,9,-1,Medical,4,987,4,Male,44,-3,0,Research Scientist (Modified),0,Single,2322,10318,-5,Y (Modified),Yes,19,1,5,81,-5,-1,1,3,4,6,1,-2
23,Yes,Travel_Frequently,1337,Human Resources,25,6,Human Resources,4,1946,4,Female,58,-1,4,Human Resources,-1,Married,2866,19556,-2,Y,No (Modified),12,7,3,82,-1,3,5,1,0,-3,-1,-3
44,No (Modified),Travel_Rarely,1396,Research & Development,4,6,Medical,1,1913,2,Male,80,5,5,Research Director,4,Married (Modified),13344,14846,8,Y,No,12,2,2,81,-1,21,7,8,9,8,8,4
39,No,Travel_Rarely,853,Research & Development,25,4,Life Sciences,-1,424,5,Female,77,2,4,Research Director,0,Married,12057,26706,1,Y,No,14,0,3,81,2,16,-2,3,10,12,-4,-3
42,No,Travel_Frequently,786,Research & Development,-1,3,Medical,-4,802,5,Female,34,3,-3,Healthcare Representative,2,Married,4248,9932,0,Y,No,20,3,0,76,-2,11,2,1,8,9,-1,7
40,No,Travel_Rarely,1120,Sales,12,2,Marketing,-2,2044,1,Female,100,2,-3,Sales Executive,2,Married,6652,14364,6,Y,No,8,1,-4,79,4,6,3,4,4,2,-4,2
14,No (Modified),Travel_Rarely,643,Research & Development,9,-2,Life Sciences,-1,1194,5,Male,56,2,-1,Research Scientist,-1,Single,2555,7169,-3,Y (Modified),No,26,0,6,80,2,3,-1,3,1,2,2,-4
31,No,Non-Travel,891,Research & Development,-4,-1,Medical,1,1662,0,Female,34,0,3,Manufacturing Director,3,Married,4374,15413,2,Y,No,17,3,4,76,-3,1,8,6,2,-1,5,3
33,No,Travel_Rarely,202,Sales,3,-1,Technical Degree,-4,510,6,Male,70,0,0,Sales Representative,2,Married,2480,17433,3,Y,No,22,5,-2,78,5,0,4,-1,0,-5,-4,-3
54,No,Travel_Rarely,1250,Research & Development (Modified),1,5,Life Sciences,-3,1443,-1,Female,91,5,-1,Research Scientist,0,Married,2063,10489,5,Y,No,20,1,6,76,1,5,2,8,0,2,1,-3
31,No,Travel_Rarely,329,Research & Development,11,3,Technical Degree,-4,1308,2,Female,67,1,0,Healthcare Representative,3,Married (Modified),7091,5750,3,Y,No,9,4,-1,78,0,14,-3,3,7,7,-4,6
39,Yes,Travel_Rarely,1460,Sales,12,4,Marketing,1,1734,5,Male,96,3,0,Sales Executive,2,Divorced,6136,8660,7,Y,Yes,15,1,0,75,5,14,5,1,-3,-2,2,5
33,No,Travel_Rarely,630,Research & Development,26,3,Medical,3,249,7,Female,91,0,3,Research Scientist,1,Single,2315,5708,2,Y,No (Modified),12,0,0,84,-5,8,3,2,-1,-1,-1,-1
44,No,Travel_Frequently,597,Research & Development (Modified),12,-1,Medical,2,1166,-3,Female (Modified),88,5,2,Research Director,2,Single,13497,13778,4,Y,No,20,1,6,76,2,17,-2,-3,21,10,5,9
39,No,Non-Travel,347,Research & Development,13,1,Life Sciences,0,1815,2,Male (Modified),49,2,-1,Research Scientist,-2,Single,2439,24981,3,Y,No,11,5,-2,78,-5,2,-2,-2,4,3,0,5
33,Yes,Travel_Frequently,128,Research & Development,21,1,Life Sciences,-3,879,3,Female,91,1,5,Research Scientist,3,Divorced,2021,16612,-2,Y,Yes,14,3,-4,82,0,8,1,5,13,3,3,4
48,No,Travel_Frequently,1030,Research & Development,13,4,Medical (Modified),5,624,0,Female,89,-1,-1,Healthcare Representative,5,Married,10530,8984,2,Y,No,8,2,0,77,0,24,6,1,-2,0,-1,4
55,No (Modified),Travel_Rarely,238,Sales,-3,1,Medical (Modified),-4,685,6,Female,35,2,4,Sales Executive,-4,Single,8381,7503,8,Y,No,16,3,1,77,-3,17,4,2,12,9,11,6
26,Yes,Travel_Rarely,531,Research & Development (Modified),3,3,Life Sciences,2,363,-1,Male,78,0,2,Laboratory Technician,6,Single,3487,14933,4,Y,No,14,5,6,81,-3,5,9,1,1,-2,3,1
36,No,Travel_Rarely,792,Research & Development,12,4,Medical,1,1076,2,Female,52,2,-2,Manufacturing Director,4,Single,8861,15668,-4,Y,No,10,2,2,75,-5,15,-3,0,13,6,6,5
46,No,Travel_Rarely,1003,Research & Development,23,4,Technical Degree,-3,1714,0,Female,46,4,5,Research Director,1,Single,16703,17122,-2,Y,No,11,6,-2,82,1,16,4,7,22,10,6,3
39,No,Travel_Rarely,871,Research & Development,5,1,Medical,1,1935,1,Male,91,4,-2,Manufacturing Director,-1,Married,5153,12312,5,Y,No,23,6,7,75,5,8,2,3,10,2,5,10
37,No,Travel_Rarely,185,Research & Development,5,4,Medical,0,1756,5,Male,99,0,1,Research Scientist,6,Married,2927,5585,3,Y,Yes,13,-2,4,83,2,5,2,2,4,-1,5,0
44,No (Modified),Travel_Rarely,1226,Sales,4,2,Life Sciences,3,1680,5,Female,45,7,0,Manager,-3,Divorced,15971,21081,4,Y,No (Modified),14,2,-2,84,4,28,-1,7,1,5,2,1
33,No,Travel_Rarely,976,Research & Development,2,1,Medical,3,1667,5,Male,40,0,3,Research Scientist,3,Divorced,5473,25515,-4,Y,No,11,0,5,83,0,6,3,4,4,8,-2,7
39,No (Modified),Travel_Rarely,1223,Research & Development,5,3,Technical Degree,0,80,0,Female,54,3,6,Healthcare Representative,1,Divorced,10095,8201,2,Y,No,10,3,1,77,2,13,-2,1,12,16,8,4
46,No,Travel_Rarely,714,Research & Development,15,3,Life Sciences (Modified),1,1727,1,Male,31,6,6,Healthcare Representative,-1,Single,5564,9695,3,Y,No,15,-2,-1,78,3,16,7,-2,10,4,2,6
23,No,Travel_Rarely,214,Research & Development,3,2,Life Sciences,0,1018,0,Male,98,5,-3,Laboratory Technician,-4,Married,2453,6880,0,Y,No,14,2,-4,79,2,7,6,-3,1,2,4,-2
39,No (Modified),Travel_Rarely,1372,Research & Development,23,2,Life Sciences,2,1731,8,Male (Modified),53,6,1,Manufacturing Director,4,Married,6884,5149,-3,Y,No,17,4,6,80,2,20,3,6,4,9,-2,5
42,No,Travel_Rarely,197,Research & Development,0,2,Other,-3,816,-1,Female (Modified),28,4,2,Manager,2,Married,16750,12981,-4,Y,Yes,7,2,5,84,-3,25,-1,5,29,16,1,-1
31,No,Travel_Rarely,266,Research & Development,24,8,Life Sciences,-4,2009,2,Female,48,4,4,Laboratory Technician,3,Single (Modified),2839,15915,5,Y,No,8,-1,0,77,4,2,6,-1,3,3,0,0
56,No,Travel_Rarely,112,Sales,1,-1,Life Sciences,-3,106,5,Male,74,0,4,Sales Executive,2,Married,10238,18090,2,Y,No,13,-2,2,77,2,25,-1,0,5,-1,5,-2
35,No,Travel_Rarely,501,Research & Development,4,4,Technical Degree,4,396,0,Male,25,7,4,Research Scientist,5,Single,4486,26286,1,Y (Modified),No,16,2,0,80,3,5,6,6,8,-4,11,3
22,No,Travel_Frequently,832,Sales (Modified),10,5,Marketing,1,795,3,Male,81,6,3,Sales Executive (Modified),6,Married,4343,24008,3,Y,No,15,-2,-1,77,0,0,5,7,5,1,-3,-4
29,Yes,Travel_Frequently,1442,Research & Development,3,0,Life Sciences (Modified),1,1457,1,Female,95,1,2,Manufacturing Director (Modified),4,Single,7441,8932,3,Y,No,12,7,-4,79,-4,13,0,7,9,4,1,3
37,Yes,Travel_Rarely,363,Research & Development (Modified),23,-2,Medical,-2,1313,2,Male,97,3,-2,Research Scientist,-2,Single,3901,22152,2,Y,No,16,1,1,82,-4,1,6,-1,7,1,1,7
32,Yes,Travel_Rarely,1078,Sales,20,4,Marketing,3,1756,-1,Male (Modified),74,7,2,Sales Executive,2,Married (Modified),8159,18999,6,Y,No,17,1,-1,82,5,11,5,1,0,-1,-5,-2
40,No,Non-Travel (Modified),794,Research & Development,-3,0,Life Sciences,-1,1736,0,Male,81,2,5,Laboratory Technician,6,Married,6476,8987,2,Y,Yes,10,7,2,75,1,9,-3,0,11,8,7,5
49,No,Non-Travel,138,Human Resources,24,3,Human Resources,-1,145,7,Female,26,4,6,Manager (Modified),3,Single,17325,13868,-3,Y,Yes,10,-2,-2,83,-2,26,7,3,3,-2,7,8
49,No (Modified),Travel_Frequently,1199,Research & Development,11,5,Life Sciences,5,344,2,Male,81,4,5,Manufacturing Director,5,Married,6430,5120,8,Y,No,13,-2,3,81,0,10,5,-2,1,5,-5,3
33,No,Travel_Rarely,197,Sales,5,-1,Technical Degree,2,512,7,Male,67,4,-4,Sales Representative,-1,Married,2477,17433,-2,Y (Modified),No,17,6,-1,75,5,0,3,-1,4,-3,3,-1
34,No,Travel_Rarely,115,Sales,1,2,Life Sciences,-4,310,2,Male,77,6,3,Sales Executive,-1,Divorced,10612,9648,-2,Y,No,13,4,-1,80,4,17,3,-1,18,14,6,14
31,No,Travel_Rarely,1467,Research & Development,24,6,Medical,-2,367,-1,Male,60,4,3,Healthcare Representative,6,Married,5580,14406,0,Y,No,24,8,-1,83,-2,8,-3,3,8,-4,8,9
25,No,Travel_Rarely,201,Research & Development,1,1,Life Sciences,4,1160,8,Male,57,-3,-4,Research Scientist,2,Married,2535,7954,-3,Y,No,13,5,-1,81,0,4,-5,1,-1,6,5,0
46,No,Travel_Frequently,556,Research & Development (Modified),12,6,Life Sciences,1,448,1,Female,80,-2,-2,Laboratory Technician,0,Divorced (Modified),5252,6225,5,Y (Modified),No,14,7,0,80,-2,10,6,2,7,7,3,-4
33,No,Travel_Frequently,1390,Research & Development,9,5,Medical,-2,1002,-2,Male,61,2,1,Research Scientist (Modified),1,Married,2684,12130,-3,Y,No,12,6,1,80,-2,7,-4,5,-2,4,-3,2
48,No,Non-Travel,486,Research & Development,20,7,Medical,-3,128,2,Male,66,2,0,Laboratory Technician (Modified),-3,Married,2043,25044,2,Y,No,12,0,1,80,-2,21,4,6,-1,2,0,0
31,No (Modified),Travel_Rarely,528,Research & Development,1,-1,Technical Degree,2,2037,-1,Male,78,2,-1,Research Scientist,0,Single (Modified),2441,11283,1,Y (Modified),No,11,6,2,76,2,5,7,4,-1,0,1,2
27,No,Non-Travel,1273,Research & Development,8,3,Life Sciences,2,888,1,Male,49,-3,-2,Laboratory Technician,8,Married,3165,10782,1,Y,No,21,2,7,78,-4,4,6,-3,8,6,5,8
36,No,Travel_Rarely,231,Sales,2,5,Medical,4,2014,6,Male,63,2,3,Sales Representative,4,Married,2266,18022,-4,Y,No,14,3,4,84,3,6,3,6,-1,4,-1,-2
36,No,Non-Travel,548,Human Resources,-1,7,Human Resources,-1,1720,5,Male,56,1,4,Human Resources,-3,Married,6432,20797,1,Y,No,14,-2,-2,79,3,14,-1,0,6,5,-3,2
51,No,Travel_Frequently (Modified),280,Research & Development,4,1,Life Sciences,4,0,4,Male,64,-1,6,Research Scientist,-2,Married,5131,24911,2,Y,No,21,6,5,80,1,11,-2,1,11,8,1,4
40,No (Modified),Non-Travel,424,Research & Development,4,-2,Life Sciences,4,746,-3,Female,61,0,7,Research Director,2,Married,11710,20333,9,Y (Modified),No,16,0,-2,77,5,8,2,5,4,11,-5,7
24,Yes,Travel_Frequently,345,Research & Development,6,0,Life Sciences,0,1049,-3,Male,56,2,-4,Research Scientist (Modified),1,Married (Modified),2040,15346,6,Y,Yes,18,5,-1,84,-4,1,2,2,7,-2,-4,5
38,No,Travel_Rarely,133,Sales,-3,6,Marketing,1,1284,3,Female,82,7,6,Sales Executive,0,Single,4537,6036,-2,Y,Yes,9,-1,-1,76,1,-1,3,0,6,-1,-4,5
32,No (Modified),Travel_Rarely,1392,Sales,13,-1,Life Sciences,-1,746,2,Male (Modified),102,6,-3,Sales Representative,0,Single,2640,2758,1,Y,No,9,1,-2,84,-2,-1,6,5,-1,-4,-3,-5
38,No,Non-Travel,1430,Sales,12,3,Life Sciences (Modified),2,784,1,Male,72,5,1,Sales Executive,-2,Single,7585,14232,-1,Y,No,11,2,1,80,-1,7,1,1,6,11,0,6
33,No,Travel_Rarely,450,Research & Development (Modified),1,7,Life Sciences,-1,632,-3,Female,66,1,-3,Manufacturing Director,4,Married,6443,15700,8,Y,No (Modified),10,6,-3,79,4,8,4,1,5,1,2,3
32,No,Travel_Rarely,1350,Research & Development,29,2,Life Sciences (Modified),0,1678,3,Male,79,6,6,Healthcare Representative,-2,Married,5347,7414,5,Y,No,13,0,-2,83,-3,9,3,2,6,2,3,5
28,Yes,Travel_Frequently,1441,Research & Development,-3,3,Life Sciences,2,1459,-2,Female,95,4,0,Manufacturing Director,3,Single,7448,8928,0,Y,No,12,2,-2,76,0,14,6,0,9,6,3,9
42,No,Non-Travel (Modified),498,Research & Development,0,1,Life Sciences,-4,1332,-2,Male,36,3,0,Manager,4,Married,17861,26578,-2,Y,Yes (Modified),11,0,7,80,2,16,7,3,19,8,1,5
45,No,Travel_Rarely,1183,Research & Development,22,7,Medical,-3,1992,1,Male,88,4,7,Healthcare Representative (Modified),0,Single,8633,13079,-2,Y,No,18,-1,-2,76,1,28,-2,5,20,16,13,8
33,No,Non-Travel,1101,Research & Development,7,0,Medical,-3,74,-2,Male,74,5,7,Healthcare Representative,5,Married,9882,8301,2,Y,Yes,13,2,1,84,5,6,7,7,1,2,-2,-2
37,Yes,Travel_Rarely,808,Human Resources,10,5,Human Resources,-4,134,2,Male,62,5,-2,Human Resources,2,Divorced,2075,23651,8,Y,Yes,19,-1,3,79,-5,3,2,3,5,0,0,0
50,No,Travel_Rarely,1440,Research & Development,21,6,Technical Degree (Modified),0,1011,5,Female,54,-1,4,Manufacturing Director,0,Married (Modified),10739,13941,8,Y,No,8,3,-1,80,-2,23,1,7,7,5,-4,9
33,No,Travel_Rarely,341,Research & Development,10,6,Life Sciences,5,465,5,Male,94,-1,0,Research Director,5,Divorced (Modified),11514,15677,4,Y,Yes,17,7,3,75,0,8,2,4,15,11,1,8
44,No,Travel_Frequently,601,Human Resources,-3,5,Human Resources,-1,1640,3,Male (Modified),41,5,5,Human Resources,4,Married,5739,10506,3,Y (Modified),Yes,15,5,6,83,0,12,3,6,6,3,0,3
30,No,Travel_Rarely,1278,Research & Development,11,6,Life Sciences (Modified),5,581,6,Male,74,5,-2,Healthcare Representative,7,Married,7629,14292,0,Y,Yes (Modified),11,3,3,79,4,14,1,4,7,10,-2,4
37,Yes,Travel_Rarely,656,Research & Development,17,2,Other (Modified),1,1053,-3,Male,85,6,5,Laboratory Technician,4,Divorced,4830,7853,5,Y,No,11,7,1,83,5,6,1,-3,-2,2,3,-2
44,No,Travel_Frequently,1063,Research & Development,0,-3,Life Sciences,-1,1938,5,Male,43,5,5,Research Director (Modified),1,Married,19157,13742,4,Y (Modified),No,18,4,6,79,2,29,3,5,5,2,1,1
44,No (Modified),Travel_Frequently,1030,Research & Development,14,-3,Medical (Modified),2,626,0,Female,87,6,4,Healthcare Representative,3,Married,10531,8987,2,Y,No,13,1,3,78,2,23,6,1,6,-3,3,5
32,No,Travel_Rarely,1013,Research & Development,5,4,Life Sciences,-4,722,0,Female,35,7,5,Research Director,0,Single,11155,19371,-2,Y,No,10,4,5,79,2,9,7,6,3,5,4,2
39,No,Travel_Rarely,259,Research & Development,10,5,Medical,-4,960,8,Male,54,6,4,Laboratory Technician,-1,Single (Modified),4719,3119,3,Y,Yes (Modified),17,0,5,79,-1,22,6,3,19,9,3,19
34,No,Travel_Rarely,739,Research & Development,10,3,Life Sciences,-3,1290,0,Male,65,3,-2,Research Scientist,1,Married,3504,6022,1,Y,Yes,13,4,8,84,-4,3,5,-2,6,6,1,2
28,No,Travel_Rarely,299,Sales,5,6,Life Sciences,0,498,-1,Male,95,5,4,Sales Executive,1,Single,5255,20745,-1,Y,No,14,3,8,78,-5,5,3,4,6,2,-3,3
51,Yes (Modified),Travel_Frequently,711,Sales,7,-3,Medical,5,1690,2,Female,91,-2,-1,Sales Representative (Modified),5,Married,2650,11742,4,Y,Yes,15,7,4,79,1,16,-1,-1,11,9,10,4
25,No,Travel_Rarely,567,Sales,10,0,Medical,5,1836,2,Male,42,-1,6,Sales Executive,1,Single,4684,9123,-1,Y,No,15,1,1,81,1,0,4,0,5,5,0,-2
24,Yes (Modified),Travel_Frequently,873,Research & Development,4,4,Life Sciences,-1,141,0,Female,66,3,4,Laboratory Technician,1,Single,2926,19783,2,Y (Modified),Yes,18,3,-3,80,3,-3,7,1,-2,-5,2,-3
23,No,Travel_Rarely,201,Research & Development,3,5,Life Sciences,-1,1163,8,Male,50,5,5,Research Scientist,7,Married,2543,7952,1,Y,No,16,6,2,83,3,2,-3,-2,0,5,5,6
42,No,Non-Travel,591,Sales,-1,-1,Life Sciences,0,1844,6,Female,62,1,1,Sales Executive,2,Married,5151,19661,0,Y,No,20,7,2,83,1,14,2,-1,9,4,9,11
17,No,Travel_Rarely,998,Research & Development,4,-3,Medical,0,374,-1,Male,95,3,-2,Research Scientist,-2,Single,3233,10533,-4,Y,No,12,0,5,80,-3,-1,5,1,3,2,-3,-3
37,No,Travel_Frequently,482,Research & Development,-1,3,Life Sciences (Modified),1,1347,6,Male,86,-2,1,Research Scientist,7,Single,4248,2693,-3,Y,Yes,11,4,4,78,-1,7,-2,-1,8,3,-1,-2
35,No,Travel_Rarely,1070,Research & Development,-4,7,Life Sciences (Modified),-1,969,1,Female (Modified),39,6,-2,Healthcare Representative,4,Single,6949,12291,2,Y,No (Modified),13,4,5,82,-2,9,3,3,4,-3,2,1
29,No,Travel_Rarely,149,Human Resources,0,-1,Human Resources,3,1205,1,Male,103,0,-3,Human Resources,3,Married,3598,8429,1,Y (Modified),No,17,6,8,78,5,4,1,-1,0,1,5,8
37,No,Non-Travel,1352,Research & Development,4,3,Life Sciences,5,1949,3,Male,63,6,1,Laboratory Technician (Modified),6,Married,2807,9241,-3,Y,No,17,1,3,77,-5,7,0,5,0,7,0,-2
17,Yes,Travel_Frequently,871,Research & Development (Modified),7,3,Life Sciences,3,141,5,Female,64,5,0,Laboratory Technician,0,Single,2921,19786,0,Y (Modified),Yes,16,2,-1,84,1,-2,0,-1,2,-3,-1,-1
39,No,Travel_Frequently,660,Research & Development,4,4,Medical (Modified),-1,85,-2,Male,78,0,-2,Research Scientist,-1,Married,2198,5871,5,Y,No,12,0,3,78,0,3,-1,3,5,-3,-4,0
33,No,Travel_Rarely,494,Sales,4,5,Marketing,2,1394,-2,Male,34,6,6,Sales Executive,1,Married,4074,20493,1,Y,Yes,13,0,3,82,6,6,6,5,2,3,4,3
33,No,Travel_Frequently,885,Human Resources (Modified),14,0,Human Resources,-3,1567,3,Male,68,5,4,Human Resources,5,Married (Modified),6081,14812,4,Y,No,13,4,2,76,4,7,4,1,2,0,3,6
37,No,Travel_Rarely,1026,Research & Development,3,-1,Life Sciences,-3,147,4,Female,49,5,-1,Research Scientist,0,Divorced,4500,14996,4,Y,No,12,1,3,82,2,14,3,4,5,-3,-4,1
41,No,Travel_Rarely,1205,Research & Development,4,-3,Medical,-1,1372,2,Female,87,3,0,Healthcare Representative,0,Divorced,6376,13883,3,Y,No,23,2,3,83,7,14,0,-2,7,7,11,8
27,No,Travel_Rarely,1156,Research & Development,17,0,Technical Degree,-4,236,6,Male,47,-2,2,Research Scientist,3,Married,3058,13364,-3,Y,Yes,13,-2,2,75,0,7,1,1,3,2,-3,3
21,No,Travel_Rarely,681,Research & Development,1,2,Life Sciences,-3,354,-2,Female,60,4,3,Manufacturing Director,0,Married (Modified),4893,7507,-1,Y,No,9,-2,8,76,6,3,3,5,4,-2,3,0
27,No,Travel_Rarely,178,Research & Development,11,1,Life Sciences,0,1428,3,Female,97,7,-1,Research Director,5,Single,16425,8847,6,Y,No,9,-2,1,81,-4,13,4,7,2,6,4,-4
39,No,Travel_Rarely (Modified),1387,Human Resources,2,6,Life Sciences,2,913,-1,Female,44,6,-2,Human Resources,5,Married,5208,7791,12,Y,No,9,1,0,75,0,10,3,3,0,1,2,1
36,No,Non-Travel,777,Research & Development,8,7,Technical Degree,4,1775,3,Male,90,4,0,Research Scientist (Modified),1,Divorced,3053,6193,3,Y (Modified),No,18,3,2,78,1,8,3,-1,8,3,2,7
28,No,Travel_Rarely,634,Research & Development,9,4,Other,-1,1608,0,Female,33,7,4,Research Scientist,-1,Married,3310,18786,6,Y,No,16,7,7,84,4,9,0,5,6,1,3,1
46,No (Modified),Travel_Frequently,1456,Research & Development (Modified),1,8,Medical,4,141,1,Female,33,6,2,Healthcare Representative,-3,Single,7482,25800,4,Y,No,19,4,-2,78,-1,22,1,4,9,13,9,9
25,No,Travel_Frequently,792,Sales,-3,4,Life Sciences,0,1371,-1,Male,44,-2,3,Sales Executive,8,Single,5068,20393,4,Y,No,18,6,-3,82,-5,11,6,2,5,3,3,0
25,No,Non-Travel,1119,Research & Development,0,3,Medical,5,570,7,Female,50,2,5,Laboratory Technician,1,Single,2565,7180,-3,Y,No,15,0,0,78,3,11,6,-2,9,7,1,5
40,No (Modified),Travel_Rarely,1175,Research & Development,9,7,Life Sciences,-3,485,3,Female,44,2,-3,Laboratory Technician,-2,Married,2210,22490,6,Y,Yes,9,7,1,77,-3,8,5,2,5,10,-4,6
29,No,Travel_Rarely,570,Sales,13,5,Medical,4,1833,2,Male (Modified),43,6,0,Sales Executive,1,Single,4679,9120,1,Y (Modified),No,11,5,2,76,-5,2,4,2,4,5,-4,2
35,No,Travel_Rarely,1133,Research & Development,25,-2,Life Sciences,2,946,7,Female,55,0,-1,Healthcare Representative,3,Married,4014,19171,0,Y,Yes,23,0,7,78,1,10,-2,-3,9,5,4,4
35,No,Travel_Rarely,606,Sales,5,5,Medical,4,1304,-2,Male,51,8,6,Sales Executive,5,Married,6205,11696,5,Y,No,15,4,1,81,-3,14,2,3,6,3,-2,11
42,No,Travel_Rarely,313,Human Resources,3,7,Human Resources,-4,729,1,Male,59,6,6,Manager,6,Married,19189,19558,-4,Y (Modified),No (Modified),10,5,4,76,2,19,6,3,17,2,4,12
23,No,Travel_Rarely,948,Research & Development (Modified),3,2,Medical,5,1118,3,Female,97,0,7,Manufacturing Director,1,Divorced,7657,8038,-2,Y,No,20,5,6,82,3,13,2,4,10,4,-1,2
20,No,Non-Travel,1265,Research & Development,3,1,Life Sciences,-3,892,-1,Male,47,0,-1,Laboratory Technician,7,Married,3160,10776,4,Y,No,19,6,7,75,-2,10,-2,6,8,-1,4,5
59,No,Non-Travel,385,Research & Development,4,8,Life Sciences,-2,419,4,Male,29,-2,-1,Healthcare Representative,2,Divorced,5663,17053,-1,Y,Yes,12,-1,0,83,1,14,6,-1,6,-1,-2,6
30,Yes,Travel_Rarely,1476,Sales,9,-1,Marketing,-1,1932,3,Female (Modified),88,3,4,Sales Executive (Modified),4,Single,9856,23350,6,Y,Yes,7,3,4,81,2,3,-5,7,0,-5,-3,3
35,No,Travel_Rarely,347,Research & Development,11,-2,Life Sciences,-3,457,1,Male,88,0,2,Research Director,7,Divorced,11513,15679,2,Y (Modified),Yes,10,-1,-3,79,-2,10,3,-1,8,7,-3,9
35,No,Travel_Rarely,1276,Research & Development,14,2,Life Sciences,3,581,2,Male,76,0,3,Healthcare Representative,7,Married,7631,14294,6,Y,Yes,9,-2,-1,76,0,6,0,5,12,8,1,1
28,No,Non-Travel,1500,Research & Development,4,5,Technical Degree,0,206,1,Male (Modified),36,-1,-1,Manufacturing Director (Modified),2,Married,4319,26285,4,Y,No,14,4,4,79,0,11,-3,6,12,2,2,9
29,No,Travel_Rarely (Modified),1217,Research & Development (Modified),3,2,Medical,4,1835,3,Female,67,5,0,Research Scientist,-4,Married,3592,12720,4,Y,No (Modified),24,1,-1,77,-3,3,2,7,1,6,2,6
38,No,Travel_Rarely,188,Research & Development,26,3,Medical,0,1145,6,Male,58,0,0,Laboratory Technician,7,Single,4275,9559,2,Y,No,17,-2,0,80,-1,19,4,-1,-3,2,0,3
41,No,Travel_Rarely (Modified),851,Research & Development,29,2,Life Sciences,0,423,2,Female,76,-3,7,Research Director,6,Married,12064,26709,-2,Y,No,16,-1,6,77,1,17,-1,7,5,9,-2,-3
33,No,Travel_Frequently,1235,Sales,16,0,Medical (Modified),4,901,2,Female,50,-2,-4,Sales Representative,4,Married,2974,21217,1,Y,No,11,5,3,80,-1,6,0,0,5,-1,-2,1
37,No (Modified),Travel_Rarely,851,Research & Development,24,-2,Life Sciences,3,420,4,Female,79,5,0,Research Director,-3,Married,12063,26704,1,Y,No,18,0,1,75,-4,20,6,4,8,6,-5,5
29,Yes (Modified),Travel_Rarely,684,Research & Development,1,7,Medical,-2,534,0,Male,92,6,2,Laboratory Technician,4,Married (Modified),4030,9394,0,Y,No,16,0,-1,82,1,7,9,3,1,-1,-5,0
45,No,Travel_Rarely,931,Research & Development,-3,4,Life Sciences,-1,827,8,Female,39,3,-1,Manufacturing Director,5,Married,6062,4050,9,Y,Yes,15,1,0,78,-4,5,-1,6,8,6,-5,6
23,No,Travel_Rarely,1371,Sales,7,8,Marketing (Modified),2,504,3,Female,80,3,5,Sales Executive (Modified),1,Divorced,4261,5913,3,Y,Yes,12,6,8,83,-2,8,6,4,0,6,2,-1
45,No,Travel_Rarely (Modified),1413,Research & Development,16,2,Life Sciences,-3,331,6,Male,35,3,5,Research Scientist,3,Divorced,3067,19874,-1,Y,No,12,0,0,81,-2,17,0,5,-3,-4,1,3
40,No (Modified),Travel_Rarely,1317,Research & Development,10,1,Medical,-2,469,7,Male,55,-1,-3,Research Scientist,4,Divorced,5970,17001,0,Y (Modified),Yes,8,0,-4,83,1,8,-2,3,4,7,5,11
30,No,Travel_Rarely,1281,Research & Development,19,7,Life Sciences,-1,494,8,Male,50,-1,-3,Research Scientist,5,Single,2199,18170,6,Y,No,15,5,7,81,-1,6,-1,4,-2,3,3,2
30,No,Travel_Rarely,952,Sales,13,1,Marketing,5,1962,6,Male,47,-2,4,Sales Executive,8,Single,4107,5100,3,Y,No,9,6,3,78,1,8,3,0,8,9,0,4
24,No (Modified),Travel_Rarely,1380,Research & Development,13,5,Life Sciences,2,1435,4,Male (Modified),93,2,4,Laboratory Technician,3,Married,2100,7674,4,Y,No,10,1,5,77,4,7,7,7,7,-4,-1,6
44,No (Modified),Travel_Frequently,562,Research & Development (Modified),5,4,Life Sciences,-2,452,4,Female,86,5,2,Laboratory Technician,3,Divorced,5257,6230,4,Y,No,10,0,2,82,-4,6,1,5,12,6,0,0
49,No,Travel_Rarely,557,Sales,0,-2,Other,-3,602,3,Male,60,-2,4,Sales Executive,1,Married,4804,16177,-2,Y,No,15,7,1,78,-2,9,0,1,4,6,2,4
37,No,Travel_Frequently,1472,Research & Development,1,-2,Other,5,593,1,Male,98,2,2,Laboratory Technician,2,Married,2088,9256,8,Y,No,14,7,2,84,-4,5,-1,1,2,-3,1,-5
27,No (Modified),Travel_Rarely,137,Research & Development,12,0,Medical (Modified),-4,248,6,Female,99,2,0,Research Scientist,4,Married,3927,6980,4,Y,Yes,19,2,0,78,3,9,1,5,3,1,3,4
19,No,Non-Travel,1267,Research & Development,-1,0,Life Sciences,-1,887,-2,Male,45,2,2,Laboratory Technician,4,Married,3161,10781,-5,Y,No,19,-1,7,81,2,7,0,-2,2,-3,5,1
37,No,Travel_Rarely,850,Research & Development,26,-3,Life Sciences (Modified),-3,423,0,Female,85,-2,1,Research Director,-3,Married,12063,26705,1,Y,No,19,6,2,79,0,19,1,1,7,8,0,4
44,No,Travel_Frequently (Modified),1068,Research & Development,2,-1,Life Sciences,-4,1940,4,Male,46,7,4,Research Director,4,Married,19165,13741,-1,Y,No,18,6,3,83,2,32,4,1,1,7,3,2
23,Yes (Modified),Travel_Frequently,1009,Research & Development,-2,-2,Medical,-1,1114,5,Male (Modified),47,-1,4,Laboratory Technician,6,Divorced,2594,7155,-1,Y,No,13,0,2,76,0,2,3,-2,1,2,1,-2
33,No (Modified),Travel_Rarely,948,Research & Development,1,2,Medical,2,836,-2,Female,54,-3,-2,Manufacturing Director,5,Single,6878,20232,0,Y,Yes,21,6,2,81,-5,16,7,0,-5,-1,3,-2
29,No,Travel_Rarely,1337,Sales,7,2,Life Sciences,2,230,-1,Female,40,-2,4,Sales Executive,7,Married,9416,8055,-1,Y (Modified),No,12,1,2,82,-3,9,5,5,9,5,10,2
33,No,Travel_Rarely,190,Sales,-3,-1,Medical,3,619,4,Female,76,3,3,Sales Executive,4,Single,4862,6701,2,Y,No (Modified),18,0,-1,83,3,3,3,7,6,6,-4,5
24,No,Travel_Rarely,1368,Research & Development,2,-1,Medical,1,1581,-2,Male,89,6,3,Laboratory Technician,3,Single (Modified),4725,16209,-4,Y,Yes,20,7,8,75,1,7,0,5,5,12,0,4
22,No (Modified),Non-Travel (Modified),1426,Research & Development,10,4,Medical,-4,1840,1,Female,30,0,0,Research Scientist,1,Single,1517,8013,1,Y,No,17,0,-1,83,1,0,4,-3,4,-3,-4,-3
33,No (Modified),Travel_Frequently,1313,Research & Development,-1,5,Technical Degree,0,1740,8,Female,75,-2,5,Research Scientist (Modified),0,Single,4970,26423,0,Y,No,13,5,4,78,-2,11,1,0,7,7,-5,11
39,No,Travel_Rarely,362,Research & Development,2,8,Technical Degree,-3,196,0,Female,33,5,-3,Research Scientist,6,Single,4321,2297,4,Y,Yes (Modified),20,3,6,77,1,18,5,-1,3,-2,5,-3
30,No,Travel_Rarely,805,Research & Development,10,0,Other,-3,1023,4,Male,46,0,1,Laboratory Technician,1,Divorced,3916,9541,-2,Y,No,22,7,5,83,5,4,-1,0,7,0,1,-2
45,No,Travel_Rarely,336,Sales,2,6,Life Sciences,-2,411,-1,Male,89,4,1,Manager,-2,Single,16013,15893,5,Y,No,22,0,0,76,-2,20,-1,5,25,7,-2,5
30,No,Non-Travel,696,Research & Development,2,2,Life Sciences,5,1113,3,Male,40,1,0,Research Scientist,4,Married (Modified),2978,22480,-1,Y,No,17,0,-1,79,3,4,5,4,1,-2,-3,3
31,No,Travel_Rarely,757,Sales,6,7,Marketing,-2,850,0,Female,81,3,-1,Sales Executive,3,Married,4781,3700,-3,Y,Yes,21,0,1,75,-2,5,3,5,7,11,7,5
13,No,Non-Travel,1127,Research & Development,-2,4,Life Sciences (Modified),1,1364,-1,Female,95,5,0,Laboratory Technician,4,Single,1613,19303,-1,Y,No,16,2,1,79,-5,1,2,5,-4,-4,1,-1
36,No,Travel_Frequently,1233,Sales,25,5,Medical (Modified),1,896,4,Female,52,5,4,Sales Representative,2,Married,2969,21224,9,Y,No,10,1,-3,75,3,6,-1,4,4,3,-2,0
33,Yes,Travel_Frequently,233,Research & Development,3,3,Life Sciences,2,1935,4,Female,43,3,1,Research Scientist,5,Single (Modified),2427,15313,0,Y,Yes,14,0,-2,84,-2,11,5,1,1,-3,-3,7
28,Yes,Travel_Frequently,425,Human Resources,19,-1,Life Sciences,3,612,3,Female (Modified),55,1,0,Human Resources,7,Divorced,2739,22811,0,Y,Yes,9,-2,-1,75,-3,6,1,3,11,4,-2,1
44,No (Modified),Travel_Frequently,1392,Research & Development,27,6,Medical,-1,197,5,Female,49,4,6,Research Scientist,-1,Divorced,5609,8507,-2,Y,No,12,1,1,84,5,23,-2,7,19,6,-2,12
40,No,Travel_Rarely,316,Research & Development,28,1,Medical (Modified),-3,600,5,Male,55,-2,2,Manufacturing Director,5,Married,7410,6946,-2,Y,Yes,24,4,-1,79,1,12,5,-1,10,6,6,4
33,No,Travel_Rarely,803,Research & Development (Modified),5,-2,Technical Degree,-4,625,5,Female (Modified),60,7,6,Manufacturing Director,6,Single,7488,23848,0,Y,No,17,6,7,82,0,11,0,8,3,4,-2,2
30,No,Travel_Rarely,1356,Research & Development,20,4,Life Sciences,-3,15,5,Male (Modified),68,0,-2,Laboratory Technician,0,Divorced,2690,13332,0,Y,No,26,5,-2,79,0,1,2,2,-3,0,-1,-1
33,No,Travel_Rarely,573,Research & Development,21,-1,Life Sciences,-1,1547,7,Male,44,3,-2,Manufacturing Director,-1,Single,4315,24156,2,Y,No,13,-2,-1,76,3,0,4,6,8,1,-2,3
43,No (Modified),Travel_Rarely (Modified),1274,Sales,4,6,Life Sciences (Modified),0,627,3,Female,94,3,6,Manager,-2,Married,16595,5630,9,Y,No,16,0,4,78,-2,23,1,2,21,20,15,4
39,No,Travel_Frequently,1443,Human Resources,-3,6,Other,3,1967,5,Male (Modified),85,-2,2,Human Resources,-2,Married (Modified),2991,5228,-5,Y,Yes,13,7,6,81,4,8,-3,-1,10,-3,0,2
39,No,Travel_Rarely (Modified),924,Research & Development,12,-1,Medical,-4,488,3,Female,96,-2,1,Laboratory Technician (Modified),1,Married,3455,17658,7,Y,No,22,5,2,80,-4,12,-2,7,0,8,4,0
36,No,Travel_Rarely,578,Research & Development,28,1,Life Sciences,-2,1541,0,Male,45,6,4,Manufacturing Director,3,Single,4315,24147,3,Y,No,10,1,0,76,-4,0,3,6,2,0,-2,0
33,No,Travel_Rarely,254,Research & Development (Modified),5,3,Life Sciences,-4,651,0,Male,79,3,-2,Research Scientist (Modified),7,Married,3626,22795,5,Y,Yes,12,5,1,78,-2,4,4,3,1,6,2,7
26,No,Travel_Rarely,731,Sales,27,-2,Medical,1,1863,-1,Female,36,5,6,Sales Representative,4,Married (Modified),3543,7022,3,Y,No,21,3,-1,83,4,6,0,1,12,4,4,9
35,No,Travel_Frequently,511,Research & Development,1,4,Life Sciences,0,71,5,Female (Modified),97,-2,3,Research Director (Modified),8,Single,13453,15143,-2,Y,Yes,12,-1,5,83,4,15,-4,2,19,9,4,12
38,Yes,Travel_Rarely,295,Sales,25,6,Marketing,5,1322,7,Male (Modified),60,6,1,Sales Executive,-3,Single,9091,17232,6,Y,Yes,12,4,-1,79,-1,9,6,1,2,2,1,4
33,No,Travel_Frequently,432,Research & Development,28,1,Life Sciences,4,771,4,Male,80,-1,-1,Laboratory Technician,1,Married,5305,21147,-4,Y,No,19,7,7,78,-2,10,3,5,5,4,6,6
42,No,Non-Travel (Modified),268,Sales,8,3,Life Sciences,-4,598,3,Male (Modified),60,1,-1,Sales Executive,-1,Single,6229,13431,9,Y,No,13,-2,6,77,2,20,6,-2,14,-2,4,13
43,No (Modified),Travel_Rarely,123,Sales (Modified),11,4,Marketing,-2,1977,5,Male,73,7,6,Sales Executive (Modified),3,Single,13339,25098,-2,Y,No,11,1,-1,78,4,17,1,0,24,7,6,5
44,Yes,Travel_Rarely,1374,Sales (Modified),10,1,Marketing,3,1190,3,Female (Modified),83,4,5,Sales Executive,6,Single,5348,9490,10,Y,No,17,1,2,75,-4,4,2,-1,6,-1,2,6
44,No,Travel_Rarely,1314,Research & Development,32,-1,Medical,-1,190,7,Male,82,-1,2,Research Scientist,2,Single,3455,9750,6,Y,No,12,-2,1,80,1,12,5,5,8,4,3,3
38,No (Modified),Travel_Rarely,538,Research & Development,0,7,Life Sciences,3,2007,-3,Male,83,3,4,Laboratory Technician,6,Married,2406,4062,10,Y,No,15,-2,5,79,0,12,1,2,5,3,3,1
37,No,Travel_Rarely,1304,Research & Development,13,0,Medical,5,1130,6,Male,39,3,2,Research Director,3,Single,19623,17541,-2,Y,No,14,4,4,83,-2,18,2,-1,19,10,1,12
32,No (Modified),Travel_Rarely,1262,Sales (Modified),10,6,Technical Degree,3,1879,1,Female (Modified),59,6,2,Sales Executive,1,Married,5677,6059,1,Y,Yes,15,4,-3,82,3,7,7,0,5,4,-4,7
41,No,Travel_Frequently,391,Sales,24,0,Life Sciences,-4,153,5,Male,89,3,0,Manager,2,Married,16959,19492,-2,Y,Yes,16,4,2,75,4,26,-2,1,24,16,0,9
33,No (Modified),Travel_Rarely,1278,Research & Development,8,-3,Life Sciences,1,581,4,Male,29,2,1,Manufacturing Director,6,Divorced,10645,14391,4,Y,No,20,-1,0,76,-3,15,8,8,10,5,3,5
23,No,Travel_Rarely,1068,Research & Development (Modified),6,6,Medical,5,1020,-1,Male,29,0,5,Manufacturing Director,3,Married,5474,3332,-3,Y,No,15,4,1,76,-5,4,2,-2,10,10,-2,-2
36,No,Travel_Rarely,470,Research & Development,-3,1,Life Sciences,2,1028,1,Female,63,-1,5,Manufacturing Director,3,Married,12737,7061,-1,Y,No,15,2,4,75,-2,23,-1,0,17,9,9,9
36,No,Travel_Rarely,1442,Sales (Modified),10,-2,Technical Degree,5,1537,4,Male,56,5,1,Sales Representative,-1,Married,2304,4948,-1,Y,Yes,21,1,5,83,-1,16,1,6,14,9,6,8
31,No,Travel_Frequently,485,Research & Development,5,4,Life Sciences,3,1145,5,Female,56,1,1,Research Scientist,-2,Divorced,3288,17937,-1,Y,No,12,7,-1,77,0,4,6,1,4,2,1,0
52,No,Travel_Rarely,1225,Research & Development,3,5,Life Sciences,-3,1504,5,Male,28,3,0,Healthcare Representative,-1,Married,4036,16139,-1,Y,Yes,15,1,-3,79,-5,0,-2,3,3,2,-1,6
31,No,Travel_Frequently,791,Research & Development,5,1,Medical,-3,1282,5,Male,41,-1,4,Laboratory Technician,2,Single,2158,6843,-2,Y,Yes,10,7,5,75,-4,5,4,6,4,2,1,-1
40,Yes,Travel_Rarely,1373,Human Resources,-1,3,Medical,2,1098,-3,Male,86,5,4,Human Resources,-2,Married,10483,2324,13,Y (Modified),No,17,5,6,79,5,19,-1,-1,23,5,4,5
47,No,Travel_Rarely,471,Research & Development,24,0,Medical,5,174,7,Female,96,2,-3,Manufacturing Director,4,Married,6562,5550,4,Y,No,11,3,4,77,-4,20,-3,1,16,10,3,15
33,No,Travel_Rarely,780,Sales,4,0,Marketing,-2,102,7,Male,29,6,6,Sales Executive,2,Single,4309,23016,2,Y (Modified),No (Modified),17,-1,5,83,1,11,4,6,13,15,2,6
41,No,Travel_Rarely,1471,Research & Development (Modified),12,-2,Medical,-4,1643,-1,Female (Modified),72,0,5,Research Scientist,2,Married,3938,9955,0,Y,No,15,-1,-1,83,-1,11,3,4,10,-1,6,2
29,Yes,Travel_Rarely,893,Research & Development,21,5,Medical,1,317,1,Male,89,5,5,Research Scientist (Modified),7,Single (Modified),2390,14959,-1,Y (Modified),Yes,17,7,3,80,0,8,5,2,-1,7,4,-2
25,No,Travel_Frequently (Modified),792,Research & Development,5,2,Medical,5,1286,0,Male,44,-1,-2,Laboratory Technician,6,Single,2156,6843,0,Y,Yes,9,7,6,81,-5,7,1,1,0,2,-2,1
36,No,Travel_Rarely (Modified),1493,Research & Development,5,-2,Medical,0,632,-2,Female,74,2,6,Healthcare Representative,0,Married,9828,22170,-2,Y,No,17,6,3,81,-2,21,0,7,1,-2,-2,-3
36,No (Modified),Non-Travel,723,Research & Development,1,2,Medical,-4,383,-1,Female,84,4,2,Research Director (Modified),4,Divorced,13603,11677,2,Y,Yes,19,4,2,81,5,14,3,2,5,1,-5,4
24,No,Travel_Frequently,570,Research & Development,17,3,Medical,-2,1853,0,Male,43,-2,3,Laboratory Technician,7,Married (Modified),3810,7007,-1,Y,No (Modified),12,1,2,77,1,11,-2,3,15,7,0,7
23,No,Travel_Rarely,624,Sales,14,5,Medical,-3,649,2,Male,35,7,0,Sales Representative,-1,Married,2091,26371,1,Y,No (Modified),12,0,-2,83,-5,10,-1,1,10,3,-3,10
19,Yes,Travel_Rarely,427,Sales,8,3,Life Sciences,-3,1700,4,Male,94,1,4,Sales Representative (Modified),4,Divorced,2275,25105,5,Y,Yes (Modified),22,8,4,75,-1,3,3,2,7,-2,4,-1
25,Yes,Travel_Rarely (Modified),1338,Research & Development,6,5,Life Sciences,2,1075,0,Female,37,-2,0,Laboratory Technician (Modified),-2,Single,1413,17262,1,Y,No,8,0,4,83,4,0,10,3,-2,-2,-4,2
34,No,Travel_Rarely,1198,Research & Development,5,2,Other,2,937,5,Male,96,-3,-4,Research Scientist,1,Single,2800,3340,1,Y (Modified),Yes,7,-1,-3,75,-2,9,-2,6,7,5,-1,4
31,Yes (Modified),Travel_Rarely,101,Research & Development,22,-2,Life Sciences,-1,22,1,Male,51,-2,4,Laboratory Technician,1,Single,2025,12949,0,Y,Yes,14,5,3,78,-3,3,-1,0,2,1,0,6
29,No,Travel_Rarely,673,Research & Development,17,4,Life Sciences,3,1705,-1,Female,39,3,-4,Research Scientist,5,Married,2926,20340,-1,Y,No,16,0,0,78,3,13,1,-2,13,7,12,5
42,No,Travel_Frequently (Modified),501,Research & Development,4,6,Technical Degree,0,346,0,Female,62,6,5,Healthcare Representative,2,Single,10938,6421,-4,Y,No (Modified),29,5,2,77,4,24,-1,-2,17,4,7,4
33,No,Non-Travel,717,Sales,18,5,Life Sciences,4,989,4,Male,36,1,0,Manager,1,Single,17439,20490,-2,Y,No,6,5,0,79,-5,9,1,5,6,9,5,4
38,No,Travel_Rarely,428,Research & Development,3,0,Other,4,1849,3,Female,76,7,-2,Research Scientist,0,Married,6958,19568,7,Y (Modified),Yes (Modified),26,8,3,77,-2,14,1,7,3,-4,-5,-4
50,No,Travel_Rarely,725,Research & Development,25,8,Life Sciences,-1,1619,1,Female (Modified),79,1,0,Laboratory Technician,-1,Married,3209,22102,-4,Y,No,14,2,7,84,2,11,-2,-2,13,5,0,5
53,No,Travel_Frequently,1246,Human Resources,5,5,Medical,1,640,3,Male,97,3,3,Manager,-3,Married,18202,7996,4,Y,No,6,5,5,78,-2,32,3,6,35,6,11,7
55,No,Travel_Rarely,400,Research & Development,3,0,Life Sciences,-3,1479,6,Male (Modified),89,7,3,Research Scientist,0,Married,4898,2719,-5,Y,No,28,3,2,79,-1,13,4,-2,7,12,2,9
50,Yes,Non-Travel,669,Research & Development (Modified),24,4,Life Sciences,1,377,-1,Male (Modified),91,2,1,Manager (Modified),6,Married,11851,10271,4,Y,Yes (Modified),12,3,-1,79,-2,11,-1,6,10,11,7,11
55,No,Travel_Frequently,906,Sales,4,-2,Life Sciences,1,527,1,Female,88,0,5,Sales Executive,-3,Married,13209,18259,7,Y,No,8,5,2,79,5,32,-3,6,3,11,6,8
26,No,Travel_Rarely,1463,Research & Development,-1,0,Medical,0,1238,-1,Male,58,4,4,Research Scientist,4,Married,3583,9370,-5,Y (Modified),Yes,21,0,-3,75,4,8,-3,2,15,8,2,4
52,Yes,Travel_Frequently,1478,Research & Development,27,0,Life Sciences,5,1416,4,Male,98,0,6,Laboratory Technician,3,Single,4279,22710,3,Y,No,22,4,-3,75,-1,22,-1,-1,4,-1,-1,2
28,Yes,Travel_Rarely,328,Research & Development,26,6,Medical,-4,1607,4,Male (Modified),46,4,4,Laboratory Technician,2,Married,2404,7325,4,Y,Yes,18,-2,-2,78,-2,-1,4,2,0,4,-1,2
32,No,Travel_Rarely,1065,Research & Development,-2,6,Medical,-1,469,4,Female,76,1,0,Laboratory Technician,4,Married,2365,3960,4,Y,No,14,2,3,81,-2,10,2,-1,11,1,3,6
49,No,Travel_Rarely,1005,Research & Development,5,1,Life Sciences,4,1081,0,Female,77,3,2,Research Scientist,0,Divorced,4619,21026,6,Y,Yes,25,5,-1,83,-1,20,-3,5,12,13,-4,4
40,No,Travel_Frequently,1392,Research & Development,7,4,Medical,-2,1938,8,Female,53,3,0,Research Scientist,4,Divorced,2137,18116,-2,Y (Modified),Yes,14,0,-2,76,5,24,2,3,23,9,-3,2
25,No (Modified),Travel_Rarely,350,Human Resources,7,1,Medical,1,1869,3,Male,82,1,-4,Human Resources,6,Married (Modified),2807,15434,-4,Y,No,15,-1,8,75,-4,-2,0,5,-2,3,3,-4
16,No,Travel_Rarely,807,Research & Development,2,-1,Life Sciences,0,1200,4,Male,90,-3,1,Laboratory Technician (Modified),0,Single,3036,12831,-4,Y,No,11,0,-2,84,-4,-1,0,3,-3,5,3,-3
26,Yes,Travel_Frequently,338,Research & Development,13,-4,Other (Modified),4,1417,7,Female,87,-2,-2,Healthcare Representative,0,Single,7551,22928,-5,Y,Yes (Modified),16,3,-1,77,-3,10,0,6,12,11,5,11
58,No,Travel_Rarely,374,Research & Development,3,1,Medical (Modified),0,1698,5,Male,92,-3,2,Healthcare Representative,4,Divorced,10883,20469,3,Y,No,19,8,-1,80,-4,15,-1,-1,4,1,3,1
29,No,Travel_Rarely,634,Research & Development,6,5,Medical,5,860,-1,Female,95,2,0,Research Scientist,-1,Married,5175,22160,2,Y,No,8,1,6,76,0,13,3,0,0,3,-2,7
40,Yes,Non-Travel,591,Research & Development,4,0,Life Sciences,-2,1457,4,Female,56,3,5,Laboratory Technician (Modified),-3,Single,3645,17182,0,Y,Yes,25,8,-2,75,-2,8,-3,-1,2,-5,-1,-3
31,No,Travel_Rarely,1239,Sales,13,0,Medical,-3,1947,-1,Male,39,2,2,Sales Executive,6,Divorced,8631,22909,0,Y,No (Modified),14,3,3,81,-4,8,-3,-3,12,8,-2,1
46,No,Travel_Rarely,1486,Research & Development,14,5,Medical (Modified),4,548,6,Female,87,7,2,Manufacturing Director,5,Divorced,4811,26317,-2,Y,No,12,3,-1,83,-2,21,1,1,13,5,-3,12
51,No (Modified),Travel_Rarely,201,Research & Development,3,2,Other (Modified),-3,816,6,Female,34,-1,-1,Manager,6,Married,16750,12977,-2,Y,Yes,15,-1,3,75,-4,27,3,4,28,15,5,0
47,No,Travel_Rarely (Modified),528,Research & Development (Modified),10,-3,Other,0,945,-2,Female,48,5,1,Laboratory Technician,0,Married (Modified),7407,22474,1,Y,No (Modified),7,1,5,81,4,32,0,-2,23,9,-1,7
25,Yes,Travel_Rarely,1444,Research & Development,14,8,Medical,1,391,5,Male,46,3,3,Laboratory Technician,-2,Divorced,2374,14183,-3,Y,Yes,17,-1,2,76,1,9,-3,5,7,0,0,6
47,Yes,Travel_Rarely,723,Research & Development,4,-1,Medical,5,434,1,Male,82,-2,5,Research Scientist,0,Married,4943,17748,2,Y (Modified),No,19,7,5,76,-1,13,7,3,4,0,2,11
26,Yes,Travel_Rarely,102,Research & Development,26,-1,Life Sciences,0,14,5,Male,46,1,-2,Laboratory Technician (Modified),5,Single,2024,12946,4,Y,Yes,12,3,-2,76,0,6,2,1,8,-1,-5,1
41,Yes,Travel_Rarely,1357,Research & Development,16,2,Technical Degree,5,61,-2,Female,44,2,3,Research Director,4,Married,19544,16281,0,Y,No,10,-1,2,80,1,25,-1,5,25,17,10,8
61,Yes,Travel_Frequently,783,Research & Development,5,2,Life Sciences (Modified),-2,919,1,Male,57,-2,-2,Laboratory Technician,-1,Divorced (Modified),2380,13383,11,Y,Yes,17,2,-1,84,2,3,6,-2,0,3,0,-4
28,No (Modified),Travel_Rarely,1333,Sales,-1,5,Medical (Modified),5,124,3,Female,65,1,-1,Sales Executive,3,Divorced,5211,19762,1,Y,Yes,13,6,4,84,6,6,3,0,9,7,2,10
43,No,Travel_Rarely,632,Sales,7,5,Marketing,-4,218,-2,Male,62,3,7,Sales Executive,1,Married,10854,8554,3,Y,No,10,2,4,83,5,15,-1,3,7,13,3,11
31,No,Travel_Rarely,968,Research & Development,9,3,Medical,4,761,2,Female,91,-1,0,Healthcare Representative,5,Single,6137,7355,4,Y,No,10,5,8,78,-5,7,0,0,1,5,2,-1
34,No,Travel_Rarely,1088,Research & Development,32,0,Technical Degree,1,272,3,Male (Modified),51,7,2,Manufacturing Director,2,Married,6263,4181,2,Y,No,16,6,4,78,5,6,2,2,2,9,-2,9
54,No,Travel_Rarely,769,Human Resources,5,6,Life Sciences,-1,1352,7,Male,86,5,-1,Manager,-3,Divorced (Modified),14024,17592,5,Y,Yes,6,-1,2,81,4,32,6,2,28,12,1,14
34,Yes,Travel_Rarely,202,Research & Development,12,-1,Life Sciences,3,1434,4,Female,29,-3,2,Research Scientist (Modified),-3,Single,1264,22265,3,Y,No (Modified),12,7,4,79,-2,1,-1,5,-3,1,-1,-2
53,Yes,Travel_Frequently,955,Sales (Modified),1,2,Other,3,1111,-1,Male (Modified),79,1,1,Sales Executive,6,Single,4728,17247,3,Y,Yes,14,-1,3,84,-4,0,7,6,2,-1,-3,1
34,No,Travel_Frequently,887,Human Resources,11,7,Human Resources,2,1565,-2,Male,66,7,4,Human Resources,5,Married,6076,14817,1,Y,No,7,3,7,78,-1,10,6,4,4,6,3,2
29,Yes,Travel_Rarely,585,Research & Development,8,1,Medical (Modified),-2,587,5,Male,37,3,5,Laboratory Technician,6,Divorced,3412,6703,9,Y,No,9,0,-1,78,3,4,1,1,6,1,5,2
59,No,Travel_Rarely,1369,Research & Development,23,2,Life Sciences,-2,1376,4,Male,67,7,6,Manufacturing Director,2,Married,13400,18230,5,Y (Modified),Yes,14,7,0,84,3,31,4,2,19,15,15,6
49,No (Modified),Travel_Rarely,702,Research & Development (Modified),2,3,Life Sciences,-3,255,7,Male,65,3,2,Manager,6,Married (Modified),19998,5681,4,Y,No,16,0,0,84,1,29,4,6,33,19,10,13
41,No,Travel_Rarely,584,Sales (Modified),4,-1,Marketing (Modified),-1,1782,0,Male,41,2,-1,Sales Executive,0,Married (Modified),4191,8797,0,Y (Modified),No,15,5,0,78,2,1,3,-2,1,5,-1,1
40,No,Non-Travel,1339,Human Resources,-1,7,Human Resources,-4,1803,4,Male,99,4,2,Human Resources,4,Divorced,2591,7127,8,Y,No,13,3,2,76,6,13,0,-2,14,7,-1,7
43,No,Travel_Frequently,462,Research & Development,29,7,Medical,3,1240,4,Female,55,5,7,Research Director,1,Married,13189,23280,1,Y (Modified),Yes,14,6,7,75,2,22,8,-2,1,-3,-2,2
25,Yes,Travel_Frequently,750,Sales,19,-2,Technical Degree,-3,1927,-1,Male,45,-1,1,Sales Representative,4,Single,1091,10641,-2,Y,No,16,1,-1,82,3,-3,1,3,3,-5,-5,-1
17,No,Non-Travel,896,Sales,9,-3,Medical,-4,483,5,Male,34,7,3,Sales Representative,0,Single,2610,2853,0,Y,No,25,8,4,79,4,2,2,1,-1,-2,5,-3
46,Yes,Travel_Rarely,623,Research & Development,-4,3,Life Sciences,1,67,3,Male,99,-3,4,Laboratory Technician,1,Single (Modified),5383,19289,13,Y,Yes,14,-1,7,77,-4,21,6,-1,5,-3,-2,-3
33,No,Travel_Rarely,520,Sales,10,4,Medical,4,651,-3,Male,63,6,-1,Sales Executive,8,Divorced,5456,6215,8,Y,No,24,0,2,75,6,10,0,2,9,8,1,11
35,Yes,Travel_Frequently,134,Research & Development,27,-1,Life Sciences,-1,885,7,Female,97,0,5,Research Scientist,4,Divorced,2025,16608,4,Y,Yes (Modified),21,0,-2,75,-3,8,5,-2,6,3,7,12
23,No,Travel_Rarely,1165,Human Resources,10,6,Medical,4,870,-3,Male,64,2,-1,Human Resources (Modified),6,Divorced,4940,23968,0,Y (Modified),No,8,3,3,81,4,7,2,5,7,3,-5,7
53,Yes,Travel_Frequently,780,Research & Development,-1,-4,Life Sciences,-4,917,8,Male,59,-3,4,Laboratory Technician,1,Divorced,2382,13381,6,Y,Yes,12,-2,2,84,1,5,2,-2,-4,-1,3,2
35,No,Travel_Frequently,512,Research & Development,-4,1,Life Sciences,5,72,-3,Female,98,3,5,Research Director,7,Single,13455,15142,4,Y,Yes,10,4,2,78,0,13,-1,0,14,11,7,11
31,No,Non-Travel,119,Sales,0,6,Medical,-3,125,0,Male,44,6,2,Sales Executive,3,Married,4222,8866,1,Y,No,17,5,-2,75,1,3,6,5,3,7,-4,7
30,Yes,Travel_Rarely,1012,Research & Development,29,6,Medical,1,1106,5,Male,55,-1,2,Research Scientist,5,Single,2314,2993,5,Y,Yes,22,0,6,80,2,2,0,1,0,-3,4,2
26,No,Non-Travel,790,Research & Development,2,3,Medical,1,1693,2,Male,74,0,0,Laboratory Technician,5,Single,2570,11923,5,Y,No,23,5,7,77,3,3,4,2,5,4,1,4
33,No,Travel_Rarely (Modified),845,Research & Development,25,-1,Life Sciences,0,419,4,Female,78,-2,4,Research Director,3,Married,12060,26706,-2,Y,No,19,0,-1,77,3,21,2,7,13,8,0,-4
25,No,Travel_Rarely,1290,Sales,33,3,Technical Degree,1,1570,1,Male,33,1,3,Sales Executive,1,Married,9248,17795,3,Y,No,16,4,-2,80,1,10,7,6,4,4,-2,-2
33,No,Travel_Rarely,923,Research & Development,5,-2,Life Sciences,0,156,-3,Female,39,6,-2,Laboratory Technician,0,Divorced (Modified),2839,2558,7,Y,No,26,7,-3,76,3,5,-1,5,3,0,-4,-1
42,No,Travel_Rarely,568,Sales,12,3,Medical,-1,1501,0,Female,77,6,1,Sales Executive,4,Married,4587,24199,-2,Y,Yes,16,4,5,79,1,11,4,-3,5,4,4,-3
33,No,Travel_Frequently,410,Research & Development,2,2,Life Sciences,3,1513,5,Female (Modified),97,-2,-4,Laboratory Technician,-3,Married,3178,4667,4,Y,No,14,1,5,83,5,7,4,0,1,-3,-2,-3
21,Yes,Travel_Rarely,1429,Research & Development,22,4,Other,-4,920,8,Female,64,6,1,Research Scientist,3,Single,2696,8868,2,Y,No,20,2,1,84,-3,4,4,1,1,-3,-2,-4
33,Yes,Travel_Rarely,658,Research & Development (Modified),16,2,Other,-3,1049,5,Male,76,-2,2,Laboratory Technician,0,Divorced,4837,7853,5,Y,No,16,3,-1,76,1,4,4,-1,-2,-5,3,-3
45,No,Travel_Rarely (Modified),266,Research & Development,0,-2,Medical,2,1505,3,Female (Modified),42,6,5,Laboratory Technician,4,Married,4791,23071,7,Y,No,23,2,4,75,-1,12,4,4,0,-2,0,4
27,Yes,Travel_Rarely (Modified),1450,Sales,5,0,Technical Degree,-2,553,-4,Female,65,6,-1,Sales Representative (Modified),-3,Single,3206,21971,-2,Y,Yes,20,4,3,75,-3,3,1,1,7,3,-4,7
37,No,Travel_Rarely (Modified),989,Research & Development,-2,-2,Medical,4,1560,2,Male (Modified),67,2,0,Laboratory Technician,-1,Single,2452,21727,-3,Y,No,17,3,-1,80,0,7,-2,6,7,3,2,-2
24,No,Travel_Rarely,1174,Sales,7,6,Medical,-1,685,5,Female,58,7,-3,Sales Executive,3,Married,5558,3491,0,Y (Modified),No,9,5,-4,79,0,7,2,-3,8,-2,2,5
31,No,Non-Travel (Modified),631,Sales (Modified),13,3,Medical,3,596,4,Male,35,-2,5,Sales Executive,6,Single (Modified),9977,15318,4,Y,No,13,6,5,81,-4,6,-1,-3,5,3,8,3
47,No,Travel_Rarely,1308,Sales,10,8,Marketing,-4,1757,2,Female,83,1,1,Sales Executive,6,Single,4509,8195,-2,Y,No,10,0,-1,78,0,8,1,8,8,-2,4,0
33,No (Modified),Travel_Frequently,632,Research & Development,21,5,Medical,-4,286,-3,Female,75,2,4,Laboratory Technician,5,Single,2155,7703,3,Y,No,9,3,3,79,-1,12,-1,4,10,2,-4,2
30,No,Travel_Rarely,819,Research & Development,18,8,Life Sciences,4,1618,-3,Male (Modified),44,4,0,Research Scientist,-2,Married,5212,26314,-1,Y,No,11,-1,2,76,-2,11,0,-1,19,15,-4,12
25,No,Non-Travel,671,Research & Development,10,5,Other,-4,21,-4,Female,96,5,5,Manufacturing Director (Modified),1,Divorced,4014,8230,-2,Y,No,18,-1,1,78,3,0,6,-3,4,6,-3,1
30,Yes,Travel_Rarely,1431,Research & Development,4,5,Technical Degree,2,67,1,Male,45,-2,0,Laboratory Technician,5,Single (Modified),3445,11177,-3,Y,Yes,16,0,2,76,3,4,4,-1,-1,-3,0,4
32,No,Travel_Rarely,856,Research & Development,7,1,Other (Modified),-3,1099,4,Female (Modified),61,7,1,Research Scientist,2,Single,3661,7911,-1,Y,No,13,1,0,84,4,5,0,3,4,8,-3,4
36,No,Travel_Rarely,669,Research & Development,15,3,Life Sciences,5,1633,1,Male,84,6,1,Manufacturing Director,0,Married,5770,26489,7,Y,No,20,-1,4,80,0,4,2,-2,1,4,-5,1
45,No,Travel_Frequently,1271,Research & Development,0,1,Medical,3,872,1,Male,34,6,2,Research Scientist (Modified),1,Single,2511,9067,2,Y,Yes,16,0,4,79,1,6,5,2,-1,-4,-2,-3
41,No,Travel_Rarely,1280,Research & Development,8,1,Medical,3,1448,-3,Male,87,4,2,Research Scientist,-2,Married,2123,5564,-1,Y,Yes,8,7,-1,79,4,11,9,0,-1,4,-2,-1
30,No,Travel_Rarely,861,Research & Development,1,4,Life Sciences,2,826,0,Female,93,-2,0,Manufacturing Director,7,Married (Modified),6163,19124,3,Y,No,9,1,4,84,-3,18,1,7,15,10,9,7
38,No,Non-Travel,1338,Human Resources,3,6,Human Resources,4,1806,4,Male,104,5,3,Human Resources,0,Divorced,2589,7133,9,Y,No,14,1,-1,77,6,16,5,0,15,9,4,3
29,No,Travel_Rarely,735,Sales,0,2,Medical,-3,1914,6,Female,76,-1,2,Sales Executive,7,Married,8107,16490,5,Y,Yes,8,3,6,81,-4,5,-2,-3,0,-1,3,5
28,No,Travel_Rarely,122,Research & Development,3,7,Life Sciences,1,229,7,Male,41,-2,3,Research Scientist,4,Single,3033,12427,-1,Y,No,19,4,4,81,3,7,5,7,1,7,-1,2
39,No,Travel_Rarely (Modified),485,Research & Development,2,-1,Medical,3,461,4,Male (Modified),97,3,0,Manufacturing Director,-3,Single,6035,10110,8,Y,Yes,16,5,1,76,-2,10,3,0,4,4,1,4
49,No,Travel_Rarely,1481,Research & Development,2,4,Life Sciences,1,448,8,Male,44,3,5,Research Director,1,Married (Modified),18297,16379,5,Y,No,8,6,-2,81,3,24,2,7,-1,4,-3,3
44,No,Non-Travel,251,Research & Development,5,4,Life Sciences,3,1038,-2,Female,57,0,8,Research Director,6,Divorced,19976,20285,-3,Y,No,26,0,6,84,-2,21,6,5,20,14,0,10
29,No,Travel_Rarely,992,Research & Development,13,7,Medical (Modified),-1,926,1,Female,72,2,1,Research Scientist,-1,Divorced,2376,9831,9,Y (Modified),No,16,3,3,84,-3,7,0,5,-1,2,-2,2
29,No,Non-Travel,439,Research & Development (Modified),-1,3,Medical,0,845,8,Male,54,6,0,Research Scientist,2,Married,1706,16569,2,Y,No,8,-2,1,78,6,-1,1,6,0,4,-3,-5
34,No,Travel_Rarely,686,Sales (Modified),10,0,Marketing,-2,434,6,Male,71,0,2,Sales Executive (Modified),4,Divorced,7543,7145,7,Y (Modified),No,16,7,2,84,6,13,2,-1,8,9,-4,5
31,No,Travel_Frequently,1320,Research & Development,-2,3,Life Sciences,1,1231,5,Female,34,7,-1,Research Scientist,-1,Single,4999,2342,6,Y,Yes,14,2,5,76,4,14,2,4,3,6,1,6
33,No,Travel_Rarely (Modified),796,Sales,-1,5,Marketing,2,2018,2,Female (Modified),45,5,0,Sales Executive,3,Married,10420,24027,-3,Y,No,21,7,6,78,4,13,3,5,16,12,0,6
24,No,Travel_Frequently,292,Research & Development,5,-1,Life Sciences,0,730,3,Male,34,7,3,Manufacturing Director,3,Divorced,8790,4812,-1,Y,No,23,4,2,78,0,6,5,5,13,11,-1,4
20,Yes,Travel_Rarely,238,Sales,2,-1,Marketing,-3,144,1,Male,48,2,6,Sales Executive,1,Single,5743,26959,-3,Y (Modified),Yes,8,-1,8,81,2,1,0,7,4,0,0,-1
40,No,Travel_Rarely,644,Sales,5,7,Marketing,2,1174,-2,Male (Modified),45,-1,-1,Sales Executive,-4,Single,5152,2255,7,Y,No,9,5,3,78,-2,7,1,1,5,2,0,5
46,No,Travel_Rarely,534,Research & Development,1,-1,Technical Degree,-2,1557,-1,Male (Modified),63,1,2,Healthcare Representative (Modified),-1,Divorced,7439,20936,2,Y,No,16,0,1,79,3,12,3,1,5,10,4,11
24,No,Travel_Rarely,1384,Research & Development,20,0,Life Sciences,-2,23,0,Female,48,6,3,Manufacturing Director,-2,Divorced,9983,10195,-2,Y,No,9,7,6,77,-4,6,-2,3,13,8,10,12
24,No,Travel_Rarely,954,Research & Development,-1,7,Medical,0,1121,1,Female,95,-1,7,Manufacturing Director,6,Divorced,7658,8035,-3,Y,No,17,2,1,79,2,11,6,5,7,10,-2,7
47,No,Travel_Rarely,786,Research & Development,8,2,Other,3,659,2,Male,53,-3,3,Research Director (Modified),5,Divorced,16631,2668,8,Y,Yes,17,-1,5,77,-2,24,6,5,2,4,4,2
43,No,Travel_Rarely,617,Research & Development,-1,1,Life Sciences,2,660,-1,Female,76,5,-3,Healthcare Representative,4,Married,4087,5718,-1,Y,No,15,6,-3,83,1,7,0,3,13,2,5,2
32,No,Travel_Rarely,1190,Sales,0,7,Life Sciences,4,152,2,Male,87,3,-1,Sales Executive,1,Single,7431,14508,-2,Y,No,7,6,5,84,-2,14,5,1,3,4,1,-2
45,Yes (Modified),Travel_Rarely,380,Sales,10,-2,Marketing,-4,1454,3,Male,54,5,-1,Sales Executive,1,Divorced,10097,15982,4,Y,No,14,-2,-4,81,-1,27,0,8,9,3,0,4
51,No,Travel_Rarely,1101,Research & Development,29,-1,Life Sciences,0,565,2,Male,84,2,7,Manager,5,Married,17046,9318,2,Y,No (Modified),13,1,-3,76,3,27,4,0,25,10,14,6
29,No,Travel_Rarely,670,Research & Development,28,0,Life Sciences (Modified),5,19,-3,Male,29,6,3,Research Scientist,2,Divorced,2914,15167,-3,Y (Modified),No,20,1,1,78,-2,4,1,2,7,-2,8,4
43,No,Travel_Rarely,190,Research & Development,4,-2,Life Sciences,5,207,1,Male,58,7,6,Laboratory Technician,2,Divorced,2351,10900,7,Y (Modified),No,15,-2,6,84,2,24,6,5,16,4,-1,12
39,No,Travel_Rarely,917,Research & Development,2,7,Life Sciences,-1,1257,7,Male,96,-4,5,Research Director,6,Married,19735,18627,1,Y,No,11,1,-3,79,4,27,6,0,4,6,1,5
21,Yes,Travel_Rarely,471,Research & Development,22,1,Technical Degree,-4,618,6,Male,63,3,4,Laboratory Technician,0,Single,2340,23208,-2,Y,Yes,16,5,-1,84,4,-1,7,-3,0,-3,-4,-4
41,No,Travel_Rarely,1456,Research & Development (Modified),10,0,Other,3,42,4,Male (Modified),36,7,2,Healthcare Representative,7,Married,6469,19118,0,Y,Yes,10,3,7,82,-3,9,5,8,4,0,-4,4
32,No,Travel_Rarely,849,Research & Development,4,4,Life Sciences,1,1228,-1,Male,51,4,-1,Laboratory Technician,1,Divorced,3490,11312,-2,Y,No,8,0,4,79,-2,10,0,4,10,3,6,4
51,No,Travel_Frequently,360,Research & Development,2,4,Medical,2,1643,2,Male,86,5,7,Manager,5,Married (Modified),15200,5602,5,Y,No,24,2,3,80,2,25,2,-2,5,6,2,-1
32,No,Travel_Rarely,1441,Research & Development,7,6,Medical,2,716,1,Female,46,-1,7,Healthcare Representative (Modified),-3,Single,8624,17651,-2,Y,No,14,-1,-1,80,-3,11,-2,0,10,11,4,8
44,No,Travel_Frequently,1211,Sales,0,7,Marketing,-4,58,0,Male,94,7,0,Sales Executive,3,Single,5772,20445,0,Y,Yes,24,2,4,77,1,9,-1,-1,9,4,4,5
34,No,Travel_Rarely,258,Research & Development,-2,-3,Life Sciences,-4,647,4,Male,79,4,1,Research Scientist (Modified),-1,Married,3626,22790,4,Y,Yes,17,-1,-1,75,-2,3,4,4,9,8,4,6
31,No,Travel_Rarely,586,Sales,10,3,Technical Degree,2,435,-2,Female,61,0,4,Sales Executive,-3,Married,5224,24628,-3,Y,Yes,10,3,0,84,-3,16,-2,-1,8,16,13,6
44,No (Modified),Travel_Rarely,542,Human Resources,3,4,Technical Degree,-1,465,-2,Male,47,1,1,Human Resources,4,Divorced,2699,24019,-1,Y,Yes,14,-2,-1,81,-2,8,9,1,0,-2,5,-2
32,Yes,Travel_Rarely,786,Sales,28,6,Medical,0,1488,3,Female,44,3,3,Sales Executive (Modified),2,Single,4597,7811,1,Y,Yes,20,7,4,75,4,15,4,8,10,9,13,5
28,No,Travel_Rarely,196,Research & Development,-1,2,Medical,-2,1084,3,Male,58,1,5,Laboratory Technician,1,Married,3951,11144,2,Y,No,13,7,1,76,4,9,2,6,5,4,2,6
37,Yes (Modified),Travel_Frequently,147,Sales,4,0,Marketing,5,484,4,Male,59,4,-2,Sales Executive,2,Single,9358,9558,4,Y,No,17,-1,-1,79,3,3,9,6,3,2,4,11
36,No,Non-Travel,774,Research & Development,0,5,Technical Degree,4,1775,8,Male,91,0,2,Research Scientist,2,Divorced,3059,6189,4,Y (Modified),No,15,1,7,80,0,14,4,2,13,5,5,4
32,No (Modified),Travel_Rarely,1175,Research & Development,21,7,Other (Modified),-4,1081,7,Male,80,4,0,Manufacturing Director,5,Married,9952,9096,-2,Y,No,13,2,6,76,1,8,-2,-1,6,2,-3,5
41,No,Travel_Rarely,467,Research & Development,13,1,Life Sciences (Modified),3,223,1,Male,58,7,1,Research Scientist,6,Divorced,2450,4610,2,Y,No,12,-2,-4,76,-4,10,3,3,7,5,3,9
34,No,Travel_Rarely,146,Human Resources,-1,0,Human Resources,0,1207,-3,Male,96,7,0,Human Resources (Modified),2,Married,3596,8424,5,Y,No,10,2,0,76,5,1,1,4,0,3,4,7
36,No,Travel_Rarely,470,Research & Development,4,4,Life Sciences,3,334,3,Male,88,6,1,Manufacturing Director,-2,Married (Modified),5956,23687,3,Y,No,10,4,6,79,3,8,7,0,8,11,5,11
37,No,Travel_Frequently,648,Research & Development,27,7,Life Sciences (Modified),1,74,7,Female,46,7,5,Laboratory Technician,5,Single,2410,5456,-1,Y,No,13,-2,1,77,-5,11,4,2,8,1,13,5
19,Yes,Travel_Rarely (Modified),420,Sales,21,7,Other,-2,962,6,Male,34,-2,0,Sales Representative,4,Single,2121,9951,0,Y,Yes,9,7,1,81,0,-3,-1,2,-3,-2,3,4
29,No,Travel_Rarely,979,Research & Development,5,2,Medical,5,1668,8,Male (Modified),46,-1,-3,Research Scientist,3,Divorced (Modified),5473,25514,-2,Y,No,11,5,7,75,3,13,2,4,5,2,5,4
36,Yes,Travel_Rarely,1333,Research & Development,7,4,Life Sciences,-4,1645,1,Male,75,0,3,Laboratory Technician,1,Single,2161,3336,4,Y,Yes,16,5,2,82,-4,7,6,0,4,3,-5,7
30,No,Travel_Rarely,1155,Research & Development,7,1,Medical,-4,380,2,Male (Modified),90,0,2,Research Scientist (Modified),2,Married,2067,2611,5,Y (Modified),No (Modified),19,8,-1,79,-2,3,5,-2,1,2,-3,7
13,No,Non-Travel (Modified),1125,Research & Development,4,3,Life Sciences,-4,1369,3,Female,98,1,4,Laboratory Technician,4,Single,1606,19304,-1,Y,No,19,-1,7,76,1,-1,4,8,2,-1,0,-5
19,No,Travel_Rarely,1139,Sales,2,-1,Medical,-3,1659,-1,Female,35,7,-1,Sales Representative,0,Single,2782,13247,2,Y,No,15,4,2,84,-4,6,2,2,-1,4,4,1
40,No (Modified),Travel_Rarely,550,Research & Development,7,-2,Medical,1,1028,4,Female,38,2,4,Manufacturing Director,1,Single,5001,23366,3,Y,No,9,3,3,80,4,10,7,-1,-1,5,4,1
37,No,Travel_Rarely,674,Research & Development,0,1,Other,1,819,6,Female,39,3,4,Manufacturing Director,5,Married,5228,23363,3,Y,No,13,5,3,76,-1,6,0,5,8,3,-1,2
36,No,Travel_Rarely,492,Research & Development,8,3,Medical,4,1652,3,Male,65,2,5,Manufacturing Director,6,Married,5293,7692,-1,Y,No,20,8,0,79,0,7,-2,1,8,4,-2,-2
33,No,Travel_Rarely,980,Research & Development,2,6,Life Sciences,-3,1199,0,Female,53,-3,3,Manufacturing Director (Modified),5,Married,6472,9956,3,Y,No,11,5,5,76,-4,14,-3,1,18,10,1,14
31,Yes,Travel_Rarely (Modified),1086,Research & Development,2,2,Life Sciences,-4,1306,6,Male,74,7,1,Laboratory Technician (Modified),-2,Married,4887,22840,1,Y,No,15,-1,5,75,-4,14,0,1,14,7,-1,2
27,No,Travel_Rarely,1325,Research & Development,1,-1,Life Sciences,4,96,3,Male,74,3,0,Research Scientist,1,Married,2707,4957,-5,Y,No,25,3,3,77,1,8,7,0,6,4,3,7
35,Yes,Travel_Rarely,295,Sales,29,1,Marketing,-3,1314,5,Male,61,1,-1,Sales Executive,-1,Single,9093,17237,1,Y,Yes,15,6,5,76,-3,5,4,5,8,4,-4,-5
36,No,Non-Travel,1281,Sales,4,3,Marketing,-4,1751,6,Female,63,-2,4,Sales Executive,2,Single,5148,10697,7,Y,No,17,1,4,81,-1,17,2,3,11,2,5,5
47,No (Modified),Travel_Frequently,324,Research & Development,29,1,Medical,-2,1404,3,Female,58,-1,5,Manufacturing Director,2,Married (Modified),13246,9730,-2,Y,Yes,7,4,0,78,0,25,0,-1,7,0,-4,-1
23,No,Travel_Rarely,681,Research & Development,4,4,Medical,-2,1402,2,Male,39,-2,5,Research Scientist (Modified),4,Single,3902,4045,1,Y,No,10,3,2,81,-5,9,4,-1,8,2,-2,-3
33,No,Travel_Frequently,150,Research & Development,-1,3,Medical,4,1704,2,Male,81,2,-1,Research Scientist,6,Single (Modified),4931,13965,3,Y,Yes,13,-2,3,83,3,6,5,0,8,-1,4,2
49,No,Travel_Rarely,1105,Research & Development (Modified),13,0,Other,5,1571,3,Female,60,2,3,Research Scientist (Modified),5,Married,2365,16534,6,Y,No,14,3,3,81,-4,14,6,5,10,1,9,3
18,Yes,Travel_Rarely (Modified),1095,Research & Development,11,2,Medical,3,1017,2,Female (Modified),94,0,2,Research Scientist,3,Single,2597,18279,5,Y,Yes,14,2,3,75,3,1,6,0,2,4,4,-3
44,No,Travel_Rarely,954,Sales,5,2,Life Sciences,4,1003,5,Female,80,1,0,Sales Executive,0,Single,4164,8572,-3,Y (Modified),Yes,12,-2,1,84,-4,7,0,6,9,2,-5,11
58,No (Modified),Travel_Frequently,906,Sales,4,5,Life Sciences,-1,530,6,Female,90,-1,-1,Sales Executive,-1,Married,13213,18253,6,Y,No (Modified),14,0,2,83,7,31,4,1,4,4,5,2
43,No,Travel_Frequently,708,Research & Development (Modified),2,-1,Medical (Modified),-3,1629,2,Female,78,3,0,Manufacturing Director (Modified),2,Single,5040,3137,4,Y (Modified),No,14,4,8,76,4,11,2,2,11,-2,5,12
32,No,Travel_Rarely (Modified),774,Sales,3,3,Marketing,-1,95,-2,Male,27,1,4,Sales Executive,4,Single,4312,23014,4,Y,No,13,4,0,75,0,15,0,2,10,10,0,9
39,No (Modified),Travel_Rarely,805,Research & Development,26,6,Life Sciences,4,468,3,Female,44,4,8,Research Director,7,Single,15991,15902,0,Y,No (Modified),15,2,-1,75,-2,12,-1,3,3,3,3,1
36,No,Travel_Rarely,656,Sales,7,3,Marketing,-2,957,2,Male,68,-2,1,Sales Executive,2,Divorced,9702,20656,-3,Y,No,10,5,2,83,1,13,3,6,5,4,-4,-3
44,No,Travel_Rarely,632,Sales,1,2,Marketing,1,213,2,Male,70,-1,1,Sales Executive,7,Married,10851,8550,10,Y,No,6,0,-2,79,4,14,2,-3,9,9,0,11
51,No,Travel_Rarely,1135,Research & Development,-2,4,Medical,-2,1426,1,Male,77,8,0,Research Director,7,Divorced (Modified),14727,12414,4,Y,No,14,0,2,77,1,26,7,4,7,4,-3,-4
37,No (Modified),Travel_Rarely,132,Research & Development,-1,5,Life Sciences,-4,244,0,Male,93,-1,1,Research Scientist,2,Single (Modified),2501,10519,-2,Y,No,14,7,-1,79,-4,0,5,8,4,-4,-2,0
42,No,Travel_Rarely,547,Research & Development,7,3,Other,5,452,8,Male (Modified),73,0,1,Research Scientist,5,Married (Modified),3699,9282,11,Y,No,10,6,-3,75,1,15,4,2,10,7,5,9
44,No,Travel_Rarely,896,Human Resources,6,0,Medical,-4,1550,4,Male,42,4,3,Manager,3,Single,16438,17382,3,Y,Yes,25,-1,8,83,3,18,-2,1,20,9,7,8
49,No,Travel_Rarely,633,Sales,23,7,Marketing,-3,116,6,Male,72,1,1,Sales Executive,0,Single,5440,8419,1,Y,Yes,19,3,8,80,-3,7,5,-3,9,10,2,-4
43,No,Travel_Rarely (Modified),1279,Research & Development,9,4,Medical,-2,1452,4,Male,90,5,-1,Research Scientist,2,Married,2123,5557,5,Y,Yes,7,3,0,78,1,4,7,5,6,6,-2,7
32,No,Travel_Rarely,173,Research & Development,0,4,Life Sciences,-1,1435,-2,Male,34,-2,1,Laboratory Technician,0,Single,5805,22605,3,Y,No (Modified),18,-2,2,76,-3,13,-2,-1,12,1,-4,9
18,Yes,Travel_Rarely (Modified),421,Sales,22,3,Other,4,960,8,Male,32,3,3,Sales Representative,6,Single,2121,9949,-2,Y,Yes,12,7,6,79,1,-1,-1,1,2,-3,1,-2
26,No,Travel_Rarely,858,Research & Development (Modified),9,3,Other,5,1096,1,Female,55,5,5,Research Scientist,3,Single,3663,7910,0,Y,No,10,4,5,80,-5,8,-1,8,3,2,-3,2
34,No,Travel_Rarely,331,Sales,15,-1,Marketing,5,1431,3,Female,95,4,2,Sales Executive,3,Married,5649,13491,2,Y,No,17,-2,0,81,-3,6,-1,4,7,-1,-2,6
29,Yes,Travel_Rarely,924,Human Resources,19,-3,Medical,4,1814,6,Female,71,0,0,Human Resources,3,Married,2146,6888,-3,Y,Yes,12,1,4,82,-3,10,1,2,7,2,2,2
27,Yes,Travel_Rarely,684,Research & Development (Modified),5,-2,Medical,3,542,0,Male,93,2,0,Laboratory Technician (Modified),4,Married,4032,9391,0,Y,No,16,1,1,76,-2,4,0,3,-3,-2,4,-2
48,Yes,Travel_Rarely,724,Research & Development,3,2,Medical,-1,432,7,Male,81,6,-3,Research Scientist,5,Married,4945,17750,-2,Y,No,13,6,1,78,-2,10,3,2,10,2,6,9
49,No,Travel_Rarely,568,Research & Development,6,-1,Medical (Modified),-2,1003,2,Male,73,7,0,Manufacturing Director,-2,Divorced,10847,24206,5,Y,No,9,0,3,83,-3,8,-1,6,4,2,-4,3
47,No,Travel_Rarely,528,Sales,1,1,Marketing,4,1288,-1,Female,58,6,-1,Sales Executive (Modified),2,Single,10229,20361,3,Y,No,16,0,0,79,-4,19,-1,2,19,11,18,15
36,Yes,Travel_Rarely,314,Research & Development,13,7,Medical,0,92,5,Male,74,3,-4,Research Scientist,-2,Married,3388,21773,-4,Y,Yes (Modified),12,0,5,83,3,0,-2,1,-3,-3,1,-5
42,Yes,Travel_Rarely,1367,Sales,10,3,Marketing,2,1192,0,Female,88,4,0,Sales Executive,5,Single,5350,9493,7,Y,No,13,3,-3,78,4,3,0,1,0,4,-3,6
41,No,Travel_Rarely,945,Research & Development,28,-2,Technical Degree,1,1548,6,Male (Modified),92,1,5,Research Scientist,8,Married (Modified),2133,4588,3,Y,No,20,1,0,84,-2,11,6,5,5,3,-5,5
62,Yes,Travel_Rarely,286,Research & Development,-3,1,Technical Degree,5,980,2,Male,55,5,-3,Research Scientist,-1,Single (Modified),2483,26229,5,Y,No,27,6,2,80,-1,10,1,5,1,4,1,0
34,No,Travel_Rarely,305,Sales,13,-1,Life Sciences,-3,1109,1,Female,89,3,4,Sales Executive,4,Divorced,6694,24220,3,Y,Yes,13,5,6,82,5,11,7,1,1,-5,0,-1
46,No,Travel_Frequently,1247,Human Resources,-2,2,Medical,2,645,1,Male,96,5,1,Manager,2,Married,18196,7996,-3,Y,No (Modified),11,7,-2,78,3,31,-1,-1,35,3,10,3
49,Yes,Travel_Rarely,864,Sales,0,5,Marketing,-3,45,3,Male,86,6,4,Sales Representative,7,Married,2678,3809,-2,Y,Yes,9,6,7,84,-4,1,3,6,4,2,3,1
24,Yes,Travel_Rarely,339,Sales,-4,3,Medical,-2,893,2,Female,45,6,-2,Sales Representative,-2,Divorced,2796,23517,9,Y,Yes,14,4,5,83,3,3,3,2,6,-2,-1,0
37,No,Travel_Rarely,1371,Research & Development (Modified),0,-1,Life Sciences,-3,389,0,Female (Modified),41,4,-3,Research Scientist,4,Single,2117,15883,-2,Y,No,7,1,-3,75,1,17,7,2,20,10,1,6
30,Yes (Modified),Travel_Frequently,558,Research & Development,3,6,Life Sciences,-1,1535,2,Female,36,7,-3,Research Scientist,-2,Single,4084,4152,0,Y,No,16,0,-1,78,-2,6,2,1,7,5,5,9
26,Yes,Travel_Rarely,403,Research & Development,21,4,Technical Degree (Modified),0,564,-1,Female (Modified),72,-1,0,Research Scientist,0,Married,2543,18298,4,Y,No,13,7,4,82,4,9,-3,2,-1,3,4,3
46,No,Travel_Frequently,1292,Research & Development,4,8,Medical,-3,1924,3,Male,40,6,3,Healthcare Representative (Modified),5,Single,5401,14509,2,Y,No,12,-2,-2,82,4,7,0,3,-1,-3,-5,0
54,Yes,Travel_Frequently,963,Sales,1,7,Other,-2,1114,6,Male,84,5,-1,Sales Executive,0,Single,4727,17248,-1,Y (Modified),Yes,18,4,-1,83,-2,3,4,0,-3,-3,4,-1
35,Yes,Travel_Rarely,1031,Research & Development (Modified),10,4,Medical,-2,185,5,Female,45,-1,1,Laboratory Technician,-2,Single,4199,10221,3,Y,No,21,8,-4,81,-1,8,0,6,5,2,1,3
22,Yes,Travel_Frequently,253,Research & Development,6,6,Life Sciences (Modified),5,1274,4,Female,43,2,-4,Laboratory Technician (Modified),-2,Single,2624,25305,-3,Y,No,15,2,1,83,-1,5,0,2,3,-1,0,4
51,No,Travel_Rarely,1240,Research & Development,-3,3,Life Sciences,0,660,-1,Female (Modified),39,2,5,Manager,-1,Married,15399,17993,3,Y,No,11,6,0,84,4,22,5,4,0,3,-4,2
38,No,Non-Travel,244,Research & Development,11,2,Life Sciences,4,1036,-1,Female,54,-2,3,Research Director,4,Divorced,19971,20280,-1,Y,No,24,-1,5,76,6,21,-1,7,16,14,7,8
46,No,Travel_Rarely,1490,Sales,-1,9,Marketing,3,70,-1,Female,78,7,3,Sales Executive,-4,Divorced,5449,4010,2,Y,Yes,19,8,4,76,4,11,6,4,2,2,0,5
34,No,Travel_Rarely,159,Research & Development,14,5,Life Sciences,1,2019,7,Female,38,1,4,Research Director,-1,Married,13742,15469,1,Y,Yes,24,2,1,79,3,20,2,5,20,15,8,12
18,No,Travel_Rarely,547,Research & Development,6,3,Medical,-1,1618,6,Male (Modified),97,6,3,Research Scientist,8,Single,3117,26006,0,Y,No,14,1,4,78,1,-1,-2,0,6,6,0,-3
27,No (Modified),Travel_Frequently,715,Sales,1,-1,Other,1,1611,-1,Male,57,0,3,Sales Executive,5,Single,5333,21600,3,Y,No,15,7,-1,83,4,10,7,-1,4,5,0,7
37,No,Travel_Rarely,1044,Research & Development,0,4,Life Sciences,-1,1662,5,Male,76,7,4,Healthcare Representative,-4,Divorced,6844,26312,4,Y,No,16,2,3,76,0,13,-2,3,5,6,2,1
36,No,Travel_Rarely,1404,Sales,7,-4,Life Sciences,-1,1166,-1,Female,69,0,0,Sales Executive,3,Married (Modified),5710,5828,2,Y,No,15,0,5,77,4,6,2,3,1,0,3,1
35,No,Travel_Rarely,1038,Research & Development,-2,-1,Life Sciences,3,1664,-1,Male,79,8,4,Healthcare Representative,2,Divorced,6839,26306,6,Y,No,23,1,2,75,-2,15,7,5,1,5,1,7
38,No,Travel_Rarely (Modified),1396,Research & Development,8,6,Medical,-2,2008,-2,Male (Modified),50,6,6,Research Scientist,1,Single,5100,18699,1,Y,No,20,2,-3,76,1,8,6,3,10,4,4,8
39,No,Travel_Frequently,1367,Research & Development,25,3,Technical Degree,3,555,5,Female,86,-2,3,Healthcare Representative,7,Married,4519,4381,-1,Y,No,7,1,0,78,1,6,7,4,4,0,-1,-1
25,Yes,Travel_Rarely,1401,Research & Development,12,2,Technical Degree,3,1963,4,Male,27,3,4,Laboratory Technician,4,Divorced,2362,18783,3,Y,No,14,2,-4,75,-1,8,-1,5,2,2,-4,6
29,No,Travel_Frequently,425,Research & Development,13,0,Life Sciences,2,1612,7,Male (Modified),39,7,0,Manufacturing Director,8,Divorced,4720,16997,1,Y,No,16,4,-4,78,1,9,1,6,8,6,3,0
60,Yes (Modified),Travel_Rarely,443,Research & Development (Modified),15,6,Life Sciences,3,157,1,Female,75,5,2,Research Scientist (Modified),-1,Married,4960,4505,10,Y (Modified),Yes,17,0,1,83,2,11,-2,1,0,8,0,3
36,No (Modified),Travel_Rarely,739,Research & Development (Modified),1,-2,Life Sciences (Modified),1,1290,7,Male,66,-2,-1,Research Scientist,0,Married,3503,6016,2,Y,Yes,15,7,-1,80,0,5,7,-1,4,-2,-3,-2
45,No,Travel_Frequently,748,Research & Development,4,3,Medical,4,1479,-1,Female,77,6,2,Laboratory Technician,1,Single,3671,16462,4,Y,No (Modified),17,3,0,78,-5,13,1,5,10,12,7,6
36,No,Travel_Frequently,1112,Sales,6,-1,Life Sciences,2,1394,6,Male,59,3,4,Sales Executive (Modified),2,Married,9999,19297,5,Y,No,11,1,-2,84,1,12,2,7,5,8,5,3
51,No,Travel_Rarely,1094,Research & Development,-1,-1,Medical,4,1257,-4,Male,89,2,0,Manager,0,Married,18706,12119,-1,Y,No,17,-2,4,82,-2,27,-2,7,3,-2,0,1
34,No,Travel_Frequently,887,Human Resources,6,7,Human Resources,-4,1561,-2,Male,66,-1,2,Human Resources,-1,Married,6078,14809,2,Y,No,6,3,5,82,-5,8,-2,3,6,-1,-2,3
26,Yes,Travel_Frequently,345,Research & Development,-3,5,Life Sciences,5,1056,0,Male,55,-1,0,Research Scientist,3,Married,2042,15349,4,Y,Yes,15,-2,0,76,5,7,2,2,-1,5,3,4
32,No,Travel_Rarely,1368,Research & Development,25,5,Life Sciences (Modified),1,1727,7,Male,51,2,-3,Manufacturing Director (Modified),7,Married,6878,5147,6,Y,No,11,6,6,82,-3,16,-1,5,10,9,2,9
21,No,Travel_Rarely,956,Research & Development,3,-2,Life Sciences,2,658,-1,Female,82,6,-4,Research Scientist,3,Single,2836,11758,1,Y,No,16,6,7,79,1,-3,-1,8,1,2,-4,3
36,Yes,Travel_Frequently,229,Research & Development,6,5,Life Sciences,-2,1810,-1,Male,90,-2,2,Laboratory Technician,4,Married,5345,6207,3,Y,No,20,-2,4,75,2,12,3,1,3,-1,1,7
30,Yes,Travel_Frequently,882,Research & Development,5,-2,Medical,-2,848,0,Female,86,3,-1,Research Scientist,2,Married,2364,20900,3,Y,Yes (Modified),14,4,4,76,-3,5,2,3,7,2,-2,8
48,No,Travel_Rarely,813,Research & Development,15,0,Life Sciences,5,1659,5,Female,45,0,1,Research Director,-4,Divorced,13267,21985,8,Y,No,19,-1,0,82,0,16,0,-1,18,10,-2,14
39,No (Modified),Non-Travel (Modified),381,Research & Development,26,0,Medical,4,739,4,Male (Modified),48,0,-3,Laboratory Technician,-2,Single,3711,2099,6,Y,No,15,0,-2,80,4,4,0,0,6,6,5,4
58,No,Travel_Frequently,910,Sales,2,4,Life Sciences,4,531,7,Female,85,1,6,Sales Executive,3,Married (Modified),13209,18253,11,Y,No,9,4,4,76,2,31,-1,-2,5,8,5,7
53,No,Travel_Rarely,827,Research & Development,13,5,Medical,0,763,6,Male,82,0,8,Healthcare Representative,7,Married,11099,20421,11,Y,No,14,-2,3,80,-3,31,2,5,11,11,2,3
38,Yes,Travel_Rarely,1361,Research & Development (Modified),7,1,Technical Degree,5,53,3,Female (Modified),45,1,7,Research Director,5,Married,19549,16284,4,Y,No,14,2,1,80,1,23,-5,2,23,11,18,12
36,No,Travel_Rarely,635,Research & Development (Modified),9,1,Medical (Modified),2,861,7,Female,87,1,0,Research Scientist (Modified),6,Married,5178,22162,5,Y,No,12,1,5,82,1,4,3,-1,6,6,-4,4
24,No,Travel_Rarely,569,Sales (Modified),5,2,Medical,3,1832,-2,Male,49,5,4,Sales Executive (Modified),5,Single,4685,9126,-3,Y,No,10,4,3,77,4,7,3,7,9,1,-1,1
23,No,Travel_Rarely,955,Sales,27,-2,Life Sciences,2,185,2,Male,44,6,0,Sales Executive,4,Married,8641,24834,1,Y,No,13,7,-1,78,-3,2,4,2,2,1,-2,6
27,Yes,Travel_Frequently,455,Research & Development,27,-2,Life Sciences,-3,1867,-1,Male,69,-2,3,Research Scientist,-1,Single,2442,14754,-1,Y,Yes,20,-1,-1,84,-2,-1,5,2,-2,-1,-1,-5
58,No,Travel_Rarely,1231,Research & Development,4,3,Life Sciences,4,1499,4,Male,29,5,5,Healthcare Representative,0,Married,4035,16144,4,Y,Yes,18,6,-2,82,-4,2,2,1,3,0,0,-3
33,No,Non-Travel,774,Research & Development,3,-2,Technical Degree,-1,1775,3,Male,87,1,6,Research Scientist,4,Divorced,3058,6194,1,Y,No,12,1,0,75,6,6,-2,5,13,12,4,2
32,No (Modified),Travel_Rarely,561,Research & Development,16,2,Life Sciences,-2,1618,6,Female,71,1,2,Manufacturing Director (Modified),3,Married,4666,12424,5,Y,Yes,9,6,1,84,0,11,3,5,7,4,1,1
42,No,Travel_Rarely,230,Sales,3,3,Life Sciences,-1,1529,4,Female,52,4,3,Manager,0,Married,16606,11382,5,Y (Modified),No,10,7,7,81,0,20,6,-1,9,16,5,-2
37,No,Travel_Frequently,1217,Research & Development,-2,-4,Life Sciences,-4,530,0,Male,52,1,7,Manager,1,Divorced (Modified),19197,8216,2,Y,Yes,15,1,6,77,5,25,-2,5,16,6,4,3
38,No,Travel_Frequently,320,Sales,5,3,Marketing (Modified),0,315,3,Male,42,0,2,Sales Representative,0,Divorced,2793,2535,6,Y (Modified),No,18,0,4,75,-2,15,1,6,6,9,6,8
55,No,Travel_Rarely,103,Research & Development,27,0,Life Sciences,2,900,2,Female (Modified),67,-2,-1,Research Director,6,Single (Modified),14271,20208,4,Y,No,17,7,5,78,2,35,0,4,8,7,1,5
26,No,Travel_Rarely,1424,Research & Development,4,2,Life Sciences,-1,1503,2,Male,76,0,-2,Research Scientist,2,Divorced,1566,12528,-1,Y,No,9,5,2,79,-2,-1,-2,5,0,3,-5,4
31,No,Travel_Rarely,140,Research & Development,4,2,Life Sciences,4,1951,4,Male (Modified),86,7,-3,Healthcare Representative,1,Married,5374,6223,0,Y,No (Modified),15,6,-3,82,2,1,7,1,4,-2,1,-3
37,No,Non-Travel,569,Research & Development,5,4,Medical,1,110,4,Female,79,0,-1,Research Scientist,-1,Divorced,5333,15715,5,Y,Yes,15,-1,8,77,5,13,3,5,9,6,5,6
34,Yes,Travel_Frequently,991,Human Resources,23,-1,Human Resources,0,587,5,Female,46,4,6,Human Resources,0,Divorced,9945,11537,9,Y,Yes,17,6,5,76,-1,8,5,7,0,4,-3,0
43,No,Travel_Rarely,546,Human Resources,6,4,Technical Degree,4,469,-1,Male,50,2,3,Human Resources,-2,Divorced,2691,24014,-3,Y (Modified),Yes,7,5,-2,76,-1,5,7,1,2,2,4,1
20,No,Travel_Rarely,766,Research & Development,-4,5,Life Sciences,2,1977,-1,Male,45,-1,-3,Healthcare Representative,1,Single,4618,14124,2,Y,No,12,1,3,83,0,0,1,-1,2,1,3,3
25,No,Travel_Rarely,155,Research & Development,11,-2,Life Sciences,0,19,2,Female,50,-1,5,Laboratory Technician,3,Single,4188,12683,-1,Y,Yes,9,4,5,80,3,13,7,1,11,1,-3,5
40,No,Travel_Rarely (Modified),1406,Research & Development,3,-2,Life Sciences,3,377,6,Male,46,2,-4,Laboratory Technician,3,Married,3206,20246,-3,Y,No,9,2,-2,82,-2,18,3,0,10,16,5,11
32,Yes,Travel_Frequently (Modified),113,Research & Development,4,4,Medical,1,1019,-1,Female,61,7,2,Laboratory Technician,-2,Single,2425,25720,-1,Y,No,19,7,1,84,-1,2,-1,7,4,5,-1,-1
41,Yes,Travel_Rarely,898,Sales,8,1,Technical Degree,4,42,3,Male,58,7,1,Sales Representative,5,Married,2084,3335,-1,Y,No,12,-1,0,83,-3,15,6,3,4,-4,-3,1
20,No,Travel_Rarely,601,Research & Development,1,1,Medical,2,675,5,Male,71,4,-3,Research Scientist,-2,Married,2774,12145,3,Y,No,24,3,5,79,-5,-1,-1,2,1,-2,2,3
30,No,Travel_Frequently,1183,Sales,10,-2,Marketing,5,1134,2,Male (Modified),54,2,0,Sales Executive,2,Divorced,4972,18502,-3,Y,No,7,1,5,83,4,2,-1,3,5,-2,-3,-3
33,No,Travel_Rarely,1085,Research & Development,5,2,Medical,5,1706,4,Female,44,2,0,Laboratory Technician,4,Married,2977,25415,12,Y,No,16,4,-2,84,3,12,6,1,9,2,3,4
35,No,Travel_Rarely,1090,Research & Development,7,-2,Life Sciences,2,1527,0,Female,36,6,5,Manufacturing Director,1,Single,8373,9145,4,Y,No,13,0,5,75,0,4,3,7,-2,4,1,3
53,No,Travel_Rarely,433,Research & Development,8,4,Medical,2,1827,0,Female,67,4,1,Research Scientist,1,Married,6852,15699,2,Y,No,11,0,4,76,-4,16,3,2,6,1,-1,10
52,Yes,Travel_Rarely,1172,Sales,21,8,Life Sciences,-4,1971,-1,Male,70,3,7,Sales Executive,3,Single,10443,5847,1,Y (Modified),Yes,9,5,1,76,4,14,4,4,-2,6,5,0
44,Yes,Travel_Frequently,936,Research & Development,19,6,Medical,-3,747,5,Male,56,7,-4,Research Scientist,3,Divorced,2761,20361,6,Y (Modified),Yes,14,3,6,79,-2,9,4,-1,6,3,3,3
33,No (Modified),Travel_Rarely (Modified),330,Sales,20,-1,Marketing,4,1432,5,Female,101,-2,2,Sales Executive,0,Married,5645,13495,7,Y,No,13,1,4,80,5,10,4,1,5,0,2,2
33,No,Travel_Rarely (Modified),1443,Research & Development,6,-1,Life Sciences,5,1392,2,Male,56,6,2,Research Scientist,1,Married,2995,5184,2,Y (Modified),Yes (Modified),19,-1,3,75,-3,11,6,3,1,8,-1,3
48,Yes,Travel_Rarely,1451,Sales,0,6,Marketing,-2,1274,5,Female,89,-4,7,Manager,4,Single,18823,2490,1,Y,Yes,18,-1,2,78,1,28,-2,5,21,10,-3,9
33,No,Travel_Rarely,514,Research & Development,10,5,Life Sciences (Modified),0,1511,8,Male,66,0,4,Healthcare Representative,3,Single,6391,22044,2,Y,Yes,13,5,0,79,1,16,8,4,4,1,-3,4
36,No,Travel_Rarely,473,Research & Development,6,3,Life Sciences,-2,342,3,Male,87,3,1,Manufacturing Director (Modified),0,Married,5960,23686,6,Y,No (Modified),9,1,-2,77,2,14,4,6,14,8,8,9
39,No,Travel_Rarely,531,Sales,4,6,Life Sciences,0,1706,1,Female,54,6,5,Sales Representative,3,Single,4505,7442,3,Y,No,17,4,2,80,0,21,3,4,8,7,9,10
37,No,Travel_Rarely,982,Research & Development,3,3,Medical,0,1169,5,Male,61,1,4,Laboratory Technician,2,Married,2253,16335,6,Y,No (Modified),11,-2,-3,76,1,6,5,-2,9,4,2,4
29,Yes,Travel_Rarely,1481,Research & Development,9,-3,Life Sciences,3,1178,-1,Female,82,7,2,Laboratory Technician,5,Married,2519,22956,-3,Y,Yes,9,-1,3,78,-2,2,6,3,-2,1,-2,-1
23,Yes,Travel_Rarely,1244,Research & Development,7,6,Life Sciences,-1,811,7,Male,66,2,3,Laboratory Technician (Modified),1,Married (Modified),1597,3443,-4,Y,Yes,25,8,4,84,6,0,2,5,3,-5,-2,-2
55,No,Travel_Rarely,1372,Research & Development,26,-2,Life Sciences,4,1374,3,Male,65,5,3,Manufacturing Director,-1,Married,13399,18231,1,Y,Yes,15,3,4,81,3,34,-4,-2,19,20,16,10
27,No,Travel_Rarely,151,Sales,7,7,Life Sciences,3,940,3,Male,40,-3,1,Sales Representative,-2,Married (Modified),2332,11734,2,Y,No,13,2,-1,81,-1,10,3,4,5,3,1,-2
35,Yes,Travel_Frequently,657,Sales,15,1,Marketing,1,1375,2,Female,66,6,-1,Sales Executive,5,Married,4613,23291,-4,Y,Yes,15,4,6,80,3,2,0,5,1,-2,-1,-3
46,Yes,Travel_Rarely,1318,Research & Development,8,2,Life Sciences,0,1076,-4,Male,35,6,5,Research Scientist,1,Married (Modified),2459,10329,8,Y,Yes,13,6,4,82,7,14,3,2,10,-1,6,9
50,No,Travel_Frequently,961,Research & Development,-3,3,Life Sciences,4,1247,6,Female,50,-2,1,Manufacturing Director (Modified),3,Divorced,10499,9661,10,Y,No,14,-1,-3,77,5,35,-2,-3,5,4,3,8
24,No,Travel_Frequently,899,Human Resources,14,0,Medical,-1,1745,2,Male,63,-2,-2,Human Resources,-1,Married,2143,2101,4,Y,No,14,0,4,82,-3,1,1,1,1,0,4,-4
35,No,Travel_Rarely,617,Research & Development (Modified),6,6,Life Sciences,-3,1806,-1,Female,96,6,3,Laboratory Technician,-3,Married,3379,25605,6,Y,No,18,-2,6,77,3,3,7,-1,3,-2,-4,-1
28,No,Travel_Rarely,584,Sales,0,4,Marketing,-3,888,6,Male,87,-3,1,Sales Executive,1,Married,4260,18153,-1,Y,No,9,6,5,80,-1,6,-4,2,5,-1,-5,7
32,No,Travel_Rarely (Modified),647,Research & Development,13,8,Life Sciences,-3,677,4,Female (Modified),91,2,6,Research Scientist,5,Married,6323,18091,0,Y,Yes,11,-1,0,78,-3,7,5,3,9,0,1,4
53,No,Travel_Rarely,312,Research & Development,1,2,Medical,-4,262,6,Female,93,-1,3,Healthcare Representative,-2,Single,13734,7188,1,Y,No,18,1,-1,75,-3,23,8,7,3,9,1,2
40,No,Travel_Rarely,396,Sales,6,6,Marketing (Modified),5,891,-2,Male,99,-3,-4,Sales Representative,2,Married,2901,12097,1,Y,No,17,0,0,81,-3,2,4,6,4,-2,-3,6
33,No,Travel_Rarely,694,Sales (Modified),2,4,Marketing,-1,436,1,Male,72,4,4,Sales Executive,0,Divorced (Modified),7549,7141,8,Y,No,7,-1,5,75,0,10,3,0,2,10,1,10
19,Yes,Travel_Frequently,246,Research & Development,9,3,Life Sciences (Modified),-2,1279,3,Female,44,6,1,Laboratory Technician,5,Single,2625,25306,2,Y,No (Modified),20,3,7,77,0,-1,0,-3,2,5,1,1
41,No,Travel_Rarely (Modified),976,Research & Development,5,6,Medical,0,995,2,Female,91,-1,4,Laboratory Technician,1,Divorced,2272,11006,-2,Y (Modified),No,10,-1,-1,80,6,7,-1,2,6,4,-1,0
35,No,Travel_Rarely,936,Research & Development,-1,-1,Medical (Modified),5,960,-1,Male,79,0,3,Laboratory Technician,5,Single,2516,12287,1,Y,No,24,4,-2,84,3,12,9,3,10,4,6,4
33,No,Non-Travel,1248,Sales,17,1,Medical,-2,908,-2,Male,29,5,4,Sales Executive (Modified),0,Single,7645,4813,2,Y,Yes,10,5,8,80,-5,8,-3,6,6,-2,-4,13
28,Yes,Travel_Rarely,1443,Sales,3,-4,Technical Degree,5,549,-2,Female,62,4,-4,Sales Representative (Modified),0,Single,3198,21968,-2,Y,Yes,13,-1,1,77,2,1,8,3,8,7,-3,2
23,No,Travel_Rarely,723,Sales,26,1,Medical,-3,1866,-2,Female,34,6,2,Sales Representative,6,Married,3544,7014,-3,Y,No,22,-1,6,76,2,4,9,7,6,8,9,7
26,Yes,Travel_Rarely,947,Sales,4,8,Marketing,3,397,6,Male,51,1,-2,Sales Executive,2,Single,5829,8448,2,Y (Modified),Yes,12,3,4,75,0,3,-3,5,8,4,4,8
54,No,Travel_Rarely,1079,Research & Development,8,4,Medical,1,245,1,Female,61,4,-2,Manufacturing Director,5,Divorced,4445,26247,-1,Y,No,7,1,6,75,0,3,4,5,4,0,0,4
44,No,Travel_Rarely,1012,Research & Development,2,-2,Life Sciences,2,578,-2,Male,53,-1,8,Research Director,5,Married,17860,2286,1,Y,No,8,4,2,83,-2,30,2,-2,4,3,1,-1
36,No (Modified),Travel_Rarely,200,Sales,11,7,Technical Degree,4,664,1,Female,33,-2,1,Sales Representative,7,Divorced,2579,2907,-4,Y (Modified),Yes,16,5,6,82,4,3,7,3,7,-3,-3,9
49,No,Travel_Rarely,429,Research & Development (Modified),4,6,Life Sciences (Modified),0,115,2,Male (Modified),97,-2,2,Laboratory Technician,-1,Married,2075,18722,1,Y,No,21,2,-1,76,4,11,2,-1,2,4,-5,3
29,No (Modified),Travel_Frequently,1143,Sales (Modified),2,3,Life Sciences,-3,55,6,Female,43,3,-1,Sales Executive,-2,Married (Modified),5374,3190,6,Y,No,22,1,1,76,5,8,3,3,2,1,3,7
39,Yes,Travel_Rarely,765,Sales,14,1,Medical,4,1648,4,Male,63,4,-2,Sales Executive,5,Divorced,5444,22097,1,Y,Yes,18,-2,6,81,2,7,0,-3,4,-1,2,3
34,No,Travel_Rarely,500,Research & Development,-1,4,Medical,3,969,-2,Female,88,-1,3,Manufacturing Director,-3,Married (Modified),6722,13550,5,Y,No,14,0,-1,77,-2,5,5,1,7,3,4,4
30,No,Travel_Rarely,993,Sales,9,7,Medical,2,1665,4,Male,38,4,0,Sales Executive,5,Divorced,4191,3358,-3,Y,Yes,14,-2,1,79,0,9,3,-1,9,4,-2,13
44,No,Travel_Rarely (Modified),1319,Research & Development,25,1,Medical,-3,193,4,Male,78,6,-4,Research Scientist,8,Single,3453,9752,4,Y,No,14,0,0,82,1,12,2,3,1,6,2,4
33,Yes,Travel_Frequently (Modified),238,Research & Development,8,-2,Life Sciences,0,1940,1,Female (Modified),47,1,4,Research Scientist,6,Single,2428,15321,-1,Y,Yes,11,5,-1,80,-1,7,4,6,2,-2,-4,7
49,No,Travel_Rarely,1460,Research & Development,4,1,Medical,1,1192,1,Female,80,2,5,Research Scientist,1,Married,4479,20098,-1,Y,Yes,22,3,3,80,-2,2,6,0,1,2,4,2
39,No,Travel_Rarely,985,Research & Development,7,-1,Life Sciences,-3,515,-4,Male,63,5,2,Research Director,-2,Divorced,14339,4347,0,Y,No,6,-1,6,82,3,29,6,3,20,10,0,8
48,No,Travel_Rarely,659,Research & Development,6,-1,Life Sciences,-4,912,4,Male,56,4,4,Research Scientist,-4,Married,2554,7504,4,Y,Yes,14,-2,2,83,4,4,-2,-1,8,9,2,0
31,Yes,Travel_Rarely,948,Sales,5,7,Medical,5,1872,4,Male,85,0,5,Sales Representative,2,Single (Modified),1084,16014,-2,Y,No,17,0,6,81,-5,-2,1,-1,-2,4,1,-3
31,Yes,Travel_Rarely,406,Sales,24,-2,Life Sciences,-1,1162,7,Female,45,5,2,Sales Executive,2,Married (Modified),7339,11161,5,Y (Modified),No,10,2,3,80,-3,10,0,-2,10,4,3,7
38,Yes,Travel_Rarely,1164,Sales,5,2,Medical,4,440,-1,Female,37,3,-3,Sales Executive,5,Married,5234,17774,7,Y,Yes,22,1,-3,77,2,9,-1,-2,4,1,-2,3
34,No,Travel_Rarely,179,Research & Development (Modified),0,0,Medical,3,1751,5,Male,99,5,2,Research Scientist,4,Married,2930,5585,-1,Y,Yes,15,3,1,78,5,3,6,4,4,2,0,0
54,No,Travel_Rarely,280,Research & Development,-2,4,Medical,5,1336,4,Female,58,-1,9,Manager,5,Married,19189,6989,3,Y,No,10,3,1,78,1,27,5,5,18,7,13,9
57,Yes,Travel_Rarely,1163,Research & Development,24,-1,Life Sciences,4,1903,-3,Male,96,0,1,Laboratory Technician,3,Single,2585,10262,4,Y,No (Modified),13,0,7,77,-5,4,2,5,4,2,2,0
36,No,Travel_Rarely,1092,Research & Development,8,7,Life Sciences,0,1526,2,Female,33,-2,0,Manufacturing Director,1,Single,8376,9150,0,Y (Modified),No,18,0,-1,81,2,7,3,1,1,-1,4,6
36,No,Travel_Rarely,1284,Research & Development,5,9,Medical,5,1447,-3,Male,87,6,0,Research Scientist,1,Married,2126,5560,-2,Y,Yes,7,-1,4,77,-2,7,7,2,4,3,4,3
42,Yes (Modified),Travel_Rarely,1373,Sales (Modified),13,-2,Marketing,0,1190,1,Female,89,-3,0,Sales Executive,1,Single,5346,9484,4,Y,No,17,6,-2,76,-1,6,-3,-3,-1,5,1,-2
28,Yes (Modified),Travel_Frequently,383,Research & Development,6,0,Medical,3,1491,0,Male,90,1,5,Laboratory Technician,-4,Single,3171,16994,-1,Y,Yes,8,7,6,82,-2,2,6,-3,-1,-4,0,2
30,No,Travel_Rarely,914,Research & Development,-1,2,Medical,1,1987,0,Male,77,-1,-4,Laboratory Technician (Modified),-2,Married,3746,4072,-4,Y,No (Modified),12,1,3,79,-1,7,2,1,8,8,4,11
55,No,Travel_Rarely,1053,Research & Development,-4,6,Medical,-2,1421,0,Female (Modified),79,5,7,Research Director,-1,Married,19698,22459,3,Y,Yes,25,6,-2,77,0,36,7,-1,5,3,1,4
42,No (Modified),Travel_Rarely,827,Research & Development,4,8,Life Sciences,3,720,4,Female,37,2,-2,Healthcare Representative,6,Single,7629,19386,-3,Y (Modified),No (Modified),13,-2,-2,78,1,12,0,0,4,9,0,6
52,No,Travel_Rarely,1222,Research & Development (Modified),12,5,Life Sciences,3,1867,7,Male,89,3,6,Research Director,3,Married,19662,13582,8,Y,No,8,7,5,84,-3,29,-2,2,24,7,14,4
23,Yes,Travel_Rarely,614,Research & Development,2,5,Life Sciences,1,930,3,Female,32,6,0,Manufacturing Director (Modified),2,Married,4167,10019,-4,Y,Yes,23,4,-3,75,3,-1,6,6,-2,6,3,2
44,No,Travel_Rarely,197,Research & Development,-1,8,Life Sciences,1,520,-2,Female,94,-1,4,Laboratory Technician,-4,Divorced,2580,20493,2,Y,No,15,3,-3,80,-2,4,3,7,5,2,-4,-2
31,No,Non-Travel,687,Research & Development (Modified),4,1,Medical,3,219,7,Male,58,2,5,Research Scientist,1,Divorced,2028,5973,7,Y,No,18,6,-1,76,1,4,2,2,4,-3,-1,6
41,No,Travel_Rarely,1006,Research & Development,10,3,Life Sciences,4,1084,8,Female,75,0,2,Research Scientist,1,Divorced,4618,21031,8,Y,Yes,27,5,4,76,4,21,5,7,11,8,-2,8
23,No,Travel_Rarely,585,Sales,8,-4,Marketing,3,883,-2,Male,91,3,2,Sales Executive,2,Married,4260,18155,-1,Y,No,11,-1,1,76,-1,4,3,7,2,3,-2,-2
42,No,Travel_Rarely,1378,Research & Development,5,6,Life Sciences,3,248,6,Female (Modified),72,-1,3,Laboratory Technician,1,Single (Modified),2290,6321,0,Y,No,7,6,4,82,3,-2,4,2,3,-2,-3,-4
40,No,Travel_Rarely (Modified),411,Research & Development,15,0,Life Sciences,-1,57,3,Male,72,1,5,Research Scientist,4,Married,3026,10230,4,Y,No (Modified),17,3,-2,79,2,11,0,7,-4,3,-2,-2
48,No,Travel_Frequently,597,Human Resources,1,2,Human Resources (Modified),-1,1643,-4,Male,34,2,1,Human Resources,1,Married,5738,10502,4,Y,Yes,7,0,6,76,0,17,6,2,13,10,3,3
29,No,Travel_Rarely,494,Research & Development,5,4,Medical,0,962,-1,Female,93,4,-3,Manufacturing Director,-4,Married,6720,13557,5,Y,No,12,7,0,77,4,3,-2,5,12,2,6,2
54,No,Travel_Rarely,1485,Research & Development,6,-2,Life Sciences,4,541,6,Female,28,7,-1,Manager,1,Married,16556,10311,3,Y,No,11,-1,1,76,-1,31,4,1,2,-2,1,2
45,No,Travel_Rarely,1497,Research & Development,5,4,Technical Degree,-3,1474,-2,Male,95,2,3,Healthcare Representative,-2,Married,6652,21532,0,Y (Modified),No,13,7,-2,77,3,21,-1,-3,1,3,-4,1
38,No,Travel_Rarely,1197,Research & Development,6,2,Medical,0,1378,5,Female,89,0,1,Healthcare Representative,5,Divorced,6379,13886,4,Y,No,19,3,2,82,7,18,-1,6,11,10,7,5
54,Yes,Travel_Rarely,145,Research & Development,23,0,Medical,-2,162,1,Female,95,3,3,Healthcare Representative,1,Married,10313,3462,1,Y,No,7,4,6,81,2,39,7,3,38,10,17,7
27,Yes,Travel_Rarely,1156,Research & Development,-1,5,Medical,-4,436,-4,Male,83,-4,4,Research Scientist,4,Married,3467,24732,2,Y (Modified),Yes,13,1,1,75,-2,1,0,-1,4,-3,6,-3
35,No (Modified),Travel_Rarely,637,Research & Development,12,-2,Medical,1,869,3,Female,94,7,-2,Research Scientist,-1,Married,5178,22166,3,Y,No,9,1,4,80,3,12,6,-3,7,0,-3,0
37,No,Travel_Rarely,466,Research & Development,0,-3,Other,4,53,3,Male,71,3,5,Laboratory Technician,3,Divorced,1949,10905,2,Y (Modified),No,15,-1,2,81,4,-3,3,0,-1,2,-2,-5
37,No,Travel_Frequently,565,Research & Development,17,3,Life Sciences,4,409,3,Male (Modified),79,3,-1,Laboratory Technician (Modified),6,Married,3692,7122,8,Y,No,16,1,7,77,0,2,1,5,0,-2,-5,2
35,No,Travel_Rarely,946,Research & Development,9,7,Other,3,843,-1,Male,61,1,6,Manufacturing Director,0,Single,10217,18871,1,Y,No,20,-1,5,78,1,13,0,3,6,0,-4,7
27,No,Travel_Rarely (Modified),269,Research & Development,-1,7,Medical,4,1303,2,Female,40,1,2,Research Scientist,2,Single,2097,18825,-1,Y,No,19,4,2,81,-2,-2,0,3,1,-2,-3,2
36,No,Travel_Rarely,557,Research & Development,13,8,Life Sciences,-2,1618,1,Female,74,-1,1,Manufacturing Director,6,Married,4663,12421,13,Y,Yes,10,-2,-2,83,-2,9,-1,4,5,5,1,-3
39,No,Travel_Rarely,993,Research & Development,29,4,Technical Degree (Modified),-4,1601,-1,Male,82,-1,-3,Laboratory Technician,5,Divorced,4872,5854,3,Y,No,12,4,2,81,-4,11,-2,3,5,4,-5,6
35,No,Travel_Rarely,921,Research & Development,1,8,Medical,3,614,4,Female,99,5,3,Research Director,6,Divorced,16185,22575,1,Y,No,22,-1,2,75,4,5,0,2,4,-4,-4,3
22,No,Travel_Rarely,1224,Research & Development,9,6,Life Sciences,-1,429,0,Female,82,1,0,Research Scientist,4,Single,2473,20939,4,Y,Yes,13,2,5,81,4,-1,4,-2,1,1,-3,4
40,No,Non-Travel (Modified),103,Research & Development,4,6,Life Sciences,-3,2023,8,Male,90,2,9,Manager,1,Single,19435,15304,6,Y,No,15,1,1,78,2,20,6,-3,6,3,-3,0
23,No,Travel_Rarely,1472,Sales,8,5,Medical,-3,1444,5,Female,43,2,-3,Sales Executive,-2,Married,4160,15206,3,Y,Yes (Modified),8,6,5,77,-1,4,6,1,3,6,2,0
42,No,Travel_Rarely,1495,Sales,17,5,Life Sciences,2,1387,4,Male,40,4,-2,Sales Executive,6,Married,6119,3563,7,Y,Yes,10,-2,-1,76,-3,5,-3,8,4,1,5,6
24,Yes,Travel_Frequently (Modified),1285,Research & Development,5,6,Life Sciences,5,646,3,Female,53,2,-4,Laboratory Technician,7,Married,2885,14163,4,Y,Yes,13,7,7,82,3,9,3,6,10,6,-1,-3
33,No,Travel_Frequently,136,Research & Development,5,2,Medical,5,267,4,Female,35,6,-1,Laboratory Technician,6,Single,4420,15986,9,Y,No,13,7,0,84,2,7,6,4,3,-1,2,-3
40,No,Travel_Frequently,1184,Research & Development,-2,-2,Life Sciences,-2,1670,0,Male,92,0,0,Research Scientist,4,Married (Modified),4738,9867,10,Y,No,17,-1,6,80,4,17,2,6,15,11,-3,12
22,Yes,Travel_Rarely,339,Sales,10,-4,Marketing (Modified),2,1782,6,Male,31,2,-4,Sales Representative,5,Single,2675,4570,2,Y,No,9,6,0,79,-1,1,2,5,-1,2,3,3
25,No,Travel_Rarely,236,Research & Development,20,4,Technical Degree,-4,615,0,Male,30,0,1,Manufacturing Director,1,Divorced,4263,22645,3,Y,No,14,1,-1,75,0,4,-3,8,2,0,4,0
35,No,Travel_Frequently,557,Research & Development,0,6,Other,2,1430,0,Male,89,7,2,Research Scientist,4,Divorced,2991,20287,4,Y,No,16,3,3,75,6,9,0,1,2,4,3,2
33,No,Travel_Frequently,1412,Sales,-2,5,Medical (Modified),5,315,-2,Female,42,-1,3,Sales Executive,1,Married,7913,6599,3,Y,No,11,1,2,77,1,11,1,-1,9,12,6,-3
42,Yes,Travel_Rarely,1180,Research & Development,27,5,Medical,-2,281,-2,Male,67,3,5,Healthcare Representative,5,Married,6668,11350,6,Y,Yes,20,6,5,77,-3,13,-2,1,5,-4,-4,2
38,Yes (Modified),Travel_Rarely (Modified),1332,Research & Development,6,0,Life Sciences,5,1644,-2,Male,72,1,5,Laboratory Technician,5,Single,2164,3339,-2,Y,Yes,16,1,4,80,0,9,6,1,5,3,1,6
37,No,Travel_Frequently,891,Research & Development,6,5,Medical,-2,398,2,Male,55,0,-4,Research Scientist,2,Married,2322,11415,-2,Y,Yes,12,6,0,83,-2,7,2,-1,2,-3,-3,1
33,No,Travel_Rarely,1371,Research & Development,-1,0,Life Sciences,1,387,2,Female,43,6,5,Research Scientist,5,Single,2117,15879,-4,Y,No,8,3,1,83,4,17,5,7,21,9,5,3
26,No,Travel_Rarely,862,Sales,2,2,Medical,3,1472,6,Male,82,-2,-3,Sales Executive,-3,Single (Modified),8461,23493,3,Y,No (Modified),15,3,0,80,1,6,7,-2,5,2,2,3
46,No,Travel_Rarely,1010,Research & Development,5,-2,Life Sciences,-4,579,2,Male,51,4,2,Research Director,1,Married,17861,2285,10,Y,No,11,4,1,79,-3,23,2,-4,0,3,2,4
40,No,Non-Travel,724,Research & Development,3,-1,Medical (Modified),0,378,-4,Female,78,-2,7,Research Director,6,Divorced,13603,11675,5,Y,Yes,19,2,1,80,-2,17,-3,3,6,-3,-3,2
58,No,Travel_Rarely,716,Research & Development,-2,5,Life Sciences,-4,1032,7,Female,65,5,6,Manufacturing Director,5,Single (Modified),13721,21833,6,Y,Yes,12,6,0,75,-3,27,2,6,4,6,8,1
30,No,Travel_Rarely,591,Research & Development,32,6,Life Sciences,1,1552,-2,Male,76,0,-3,Laboratory Technician,7,Married,5204,22945,3,Y,Yes,13,-1,6,76,-2,14,3,-1,12,13,5,10
24,Yes,Travel_Frequently,340,Research & Development,16,-3,Other,5,1421,2,Female,81,2,0,Healthcare Representative,2,Single,7549,22925,2,Y,Yes,14,0,-4,81,-3,4,-3,0,9,5,6,7
45,No,Travel_Frequently,1236,Research & Development,21,8,Medical,1,1601,-1,Male (Modified),39,2,0,Healthcare Representative,4,Married,11243,20685,-1,Y,Yes,10,7,1,76,-1,31,0,5,34,8,8,15
43,No,Travel_Rarely,1151,Human Resources (Modified),10,6,Human Resources,2,1409,4,Female,30,5,2,Manager,-1,Married,16798,16612,-5,Y,No,11,6,6,80,4,17,3,6,17,10,-1,6
24,No,Travel_Frequently,463,Sales,4,6,Life Sciences,-3,1510,2,Male,57,4,-1,Sales Executive,4,Single,4901,11826,0,Y,No,9,3,8,75,-2,3,4,1,4,1,5,4
36,Yes,Travel_Rarely,1276,Research & Development,19,-1,Medical,1,577,-2,Male (Modified),51,-1,3,Manager,2,Married,13607,24622,11,Y,Yes,11,2,1,76,3,16,1,8,2,10,9,3
59,No,Travel_Frequently,1498,Sales,26,4,Marketing,-2,573,5,Female,79,3,-1,Sales Executive,-4,Married,10262,2840,3,Y,No,17,5,8,78,-1,19,7,8,22,11,9,6
50,No,Travel_Rarely,1322,Research & Development,3,6,Life Sciences,4,312,2,Female,87,-1,5,Laboratory Technician,4,Single,3216,3300,3,Y,No,10,4,5,82,-1,2,0,-1,5,3,-2,4
37,No,Travel_Rarely,730,Research & Development,7,2,Life Sciences (Modified),-2,1295,7,Male,66,-1,-2,Research Scientist,0,Married,3503,6021,-4,Y,Yes,15,0,4,80,3,0,3,2,3,6,6,3
46,No,Travel_Rarely,1343,Research & Development,9,1,Life Sciences,3,88,-3,Male,61,6,5,Research Scientist,1,Divorced,9723,18789,-1,Y,No,14,2,2,81,-2,28,1,1,-3,3,-2,-4
26,No (Modified),Travel_Rarely,321,Sales,4,0,Life Sciences,-1,1453,1,Male,35,4,2,Sales Executive,8,Divorced,10792,8386,0,Y,No,16,1,0,79,0,12,7,5,10,2,13,4
32,No,Travel_Rarely,789,Research & Development,15,-2,Life Sciences (Modified),3,1728,5,Male,31,5,-4,Research Scientist,4,Married,2863,3807,5,Y,No (Modified),11,-2,5,75,-1,13,5,3,9,0,3,12
36,No,Travel_Rarely,502,Research & Development,14,0,Medical,0,2011,5,Female,92,1,-1,Healthcare Representative,1,Married,4873,21657,-4,Y,Yes (Modified),12,0,-3,76,2,12,2,7,8,4,6,-1
32,No,Travel_Rarely,635,Research & Development,3,4,Medical,-4,864,-2,Female (Modified),87,7,5,Research Scientist,5,Married,5175,22161,0,Y,No,15,3,0,79,2,10,4,3,8,3,0,3
38,No,Non-Travel,343,Research & Development,5,2,Life Sciences,-1,1816,0,Male,54,5,-1,Research Scientist,0,Single,2441,24975,8,Y,No,12,7,7,81,1,3,-2,-2,5,3,3,0
55,No,Travel_Frequently,128,Sales (Modified),5,1,Marketing,-4,1052,-2,Female,33,6,0,Sales Executive,4,Married,7523,23535,-2,Y,No (Modified),10,3,3,79,2,28,3,5,10,7,4,10
36,No (Modified),Travel_Frequently,1003,Research & Development,0,-2,Life Sciences,0,12,0,Male,78,2,-2,Laboratory Technician (Modified),-1,Single,3063,11867,-2,Y,No,14,-2,-1,83,2,3,-2,1,4,7,2,6
28,No,Travel_Rarely,1277,Research & Development,5,3,Medical,3,1970,0,Female,59,-1,2,Laboratory Technician,5,Divorced,1133,17539,2,Y,Yes,14,0,3,80,0,3,3,1,-2,-4,1,-5
36,No,Travel_Rarely (Modified),361,Research & Development,5,0,Technical Degree,-4,1240,5,Female,81,-2,-1,Manufacturing Director,5,Divorced,10251,4236,4,Y,Yes,25,2,-1,77,2,14,-1,5,11,8,9,4
44,No,Travel_Rarely,1340,Research & Development,8,-1,Life Sciences,-3,87,1,Male,59,6,6,Research Scientist,5,Divorced,9727,18790,-3,Y,No,13,5,-2,75,5,26,0,3,-2,0,-4,1
45,No,Non-Travel,256,Sales,5,4,Medical,4,1324,4,Male,41,-1,-1,Sales Executive,-3,Single,6154,22072,-4,Y (Modified),No,14,2,-2,80,-3,22,4,-1,23,-3,12,6
22,No,Travel_Rarely,347,Research & Development,24,-3,Technical Degree,2,1552,5,Male,52,5,1,Laboratory Technician (Modified),5,Divorced (Modified),2293,10036,2,Y (Modified),No,15,7,1,83,5,5,0,2,-3,5,-5,4
46,No,Travel_Rarely,566,Sales,13,-2,Medical,4,1506,6,Female,75,-1,-1,Sales Executive,-1,Married,4595,24197,5,Y,Yes,20,0,2,83,3,9,0,5,9,5,1,-1
28,No,Travel_Rarely,121,Research & Development,7,0,Life Sciences,-3,226,3,Male,43,2,3,Research Scientist,2,Single,3033,12426,2,Y (Modified),No,15,1,-4,78,2,9,0,5,2,1,2,3
26,No,Travel_Frequently,572,Research & Development,22,-2,Medical,-3,1855,8,Male,43,5,5,Laboratory Technician,4,Married,3810,7001,3,Y,No (Modified),11,3,3,81,3,9,-2,4,14,5,-2,14
30,No,Travel_Frequently,1012,Research & Development,7,3,Life Sciences,3,859,0,Male,78,-1,-4,Research Scientist (Modified),6,Divorced,3763,2374,9,Y,No,9,6,2,77,-2,7,7,-2,6,2,4,6
23,No (Modified),Travel_Frequently,786,Sales,-1,6,Life Sciences,5,1924,6,Male,37,-1,1,Sales Executive,6,Married,6836,19257,-4,Y,Yes,15,1,1,76,2,4,0,6,4,4,3,11
28,Yes,Travel_Rarely,891,Research & Development,6,6,Medical,-3,831,0,Male,44,4,4,Research Scientist,4,Single,4379,16372,9,Y,No (Modified),20,5,2,82,1,8,-1,3,5,5,3,2
44,No (Modified),Travel_Rarely,1206,Research & Development,3,6,Medical,-1,1537,5,Male,69,-3,2,Laboratory Technician,-1,Married,4843,24052,2,Y,No,15,2,3,83,3,6,-2,6,1,0,-4,3
25,No,Travel_Rarely,335,Human Resources,20,7,Other,-1,1414,5,Male,51,1,-2,Human Resources,2,Single,7989,9765,-2,Y,No,11,7,5,78,-2,8,-1,0,13,8,-4,6
28,No,Non-Travel,832,Research & Development,-2,-4,Life Sciences,2,289,0,Male,89,4,0,Manufacturing Director,-2,Single,8470,20928,3,Y,No,21,-1,3,77,-1,11,6,2,9,6,1,7
55,No,Travel_Rarely,156,Research & Development,5,0,Medical,2,1983,1,Female,73,-1,-2,Manufacturing Director,3,Single,4442,25196,9,Y,Yes,15,-2,7,82,1,10,0,7,3,-3,2,-1
31,No,Travel_Rarely,1214,Sales,19,0,Medical,-3,973,5,Female,86,-1,3,Sales Executive,6,Married,4603,6181,0,Y,No,14,4,2,77,0,5,4,4,5,3,3,3
42,No,Travel_Rarely,1295,Research & Development,18,1,Life Sciences,-2,1667,4,Male,69,5,4,Research Director,4,Married,17598,3528,-1,Y,No,27,8,-3,82,-4,17,2,4,13,5,10,8
25,No,Travel_Frequently,1409,Sales,4,5,Medical,-1,315,5,Female,37,3,5,Sales Executive,0,Married,7915,6595,3,Y,No,13,1,2,81,1,9,4,4,9,6,-1,-2
49,No,Travel_Frequently,961,Research & Development,4,2,Life Sciences,5,1243,6,Female,49,3,4,Manufacturing Director,5,Divorced (Modified),10499,9658,10,Y (Modified),No,21,5,1,76,-3,36,4,-3,3,8,4,5
47,No,Travel_Rarely,925,Sales,12,-2,Marketing,0,867,5,Male,72,0,5,Sales Executive,-1,Divorced,10764,19241,-1,Y,Yes,16,7,1,76,3,19,-1,-2,6,8,2,1
54,No,Travel_Rarely,1452,Research & Development,13,0,Life Sciences,-1,223,7,Female (Modified),51,1,2,Manager,-2,Single,19925,17057,0,Y,No,17,2,2,84,-5,24,9,2,6,6,7,6
38,No,Travel_Rarely,990,Research & Development,3,-3,Medical,-2,248,8,Female,48,4,9,Manager,-2,Married,19033,6497,-3,Y,No,13,7,2,79,-3,25,-2,5,23,12,7,7
55,No,Non-Travel,769,Sales,-2,0,Life Sciences,-3,333,3,Male,74,-1,5,Manager,2,Single,19071,21030,-2,Y,Yes,16,3,8,78,0,35,4,6,29,10,12,9
21,Yes,Travel_Rarely,919,Human Resources,22,1,Medical,5,1814,4,Female,71,2,0,Human Resources,1,Married,2150,6886,-1,Y,Yes,10,3,0,78,4,8,7,2,4,1,1,1
47,No,Non-Travel,850,Sales,29,-2,Life Sciences,-1,1801,3,Male,98,-2,3,Sales Executive,4,Single,7990,25164,6,Y,No,19,1,5,84,-2,5,5,5,5,4,6,3
49,No,Non-Travel,1048,Sales,12,7,Life Sciences,3,1121,1,Female,68,6,6,Sales Executive,-1,Married,5590,17970,0,Y,No,15,-1,0,81,5,17,-2,1,19,9,2,7
21,No,Travel_Frequently,492,Research & Development,6,-2,Medical,-2,390,-4,Male,58,6,-1,Healthcare Representative,5,Married,4736,22718,-1,Y,Yes,8,6,7,81,-3,2,6,-2,7,4,-2,4
50,No,Travel_Frequently,931,Research & Development,16,7,Life Sciences,2,452,4,Female,28,4,6,Research Scientist,4,Single,4870,16884,3,Y,No,9,3,0,79,1,22,7,2,5,1,4,7
48,No,Non-Travel,115,Research & Development,18,-1,Life Sciences,-1,1207,-1,Male,70,2,0,Research Scientist,3,Single,2285,4279,2,Y,No,17,6,1,75,-1,9,7,5,2,2,4,0
35,No,Travel_Rarely,363,Research & Development,1,-2,Technical Degree (Modified),4,1240,6,Female,76,-4,6,Manufacturing Director,-2,Divorced,10249,4231,4,Y,Yes,20,7,3,78,-4,13,2,-2,8,5,3,3
29,No,Travel_Frequently,422,Research & Development,13,0,Life Sciences,0,1612,2,Male,46,1,4,Manufacturing Director,8,Divorced,4722,16998,2,Y,No,12,-2,2,78,1,7,7,6,12,9,10,1
34,No,Travel_Rarely,1140,Research & Development,22,3,Life Sciences,-1,941,0,Female,47,0,5,Healthcare Representative,1,Married,4010,19171,-3,Y,Yes,29,6,3,77,-1,9,2,4,8,10,-5,8
32,No,Travel_Frequently,635,Research & Development,0,5,Other,-2,1185,-1,Male,49,2,-3,Laboratory Technician (Modified),2,Married,2372,26537,4,Y,No,17,-1,5,78,5,-2,-1,-1,-3,4,-2,1
29,No,Non-Travel,1396,Research & Development,4,7,Life Sciences,5,557,7,Male (Modified),48,6,-2,Laboratory Technician,3,Married,2096,16737,3,Y,No,19,3,1,82,-1,13,5,-2,5,4,-3,1
41,No,Travel_Rarely (Modified),446,Research & Development,0,6,Life Sciences,5,638,-1,Female,66,2,4,Manufacturing Director,0,Married (Modified),6450,15701,6,Y,No,16,-2,0,84,1,11,-3,2,6,1,7,0
48,Yes,Travel_Frequently,717,Sales,31,1,Life Sciences,-4,786,-3,Female,80,8,-1,Sales Executive,5,Single,6396,10337,0,Y,Yes,12,3,7,79,0,6,0,2,9,6,5,-1
42,No,Travel_Rarely,1317,Research & Development,8,1,Medical,2,1610,-3,Female,32,3,7,Research Director,-1,Divorced,19045,3550,-3,Y,Yes (Modified),12,7,0,77,5,27,2,-2,22,10,4,10
23,No,Travel_Rarely,1175,Research & Development,22,5,Medical,4,1220,0,Male,82,2,1,Laboratory Technician,0,Married,3194,12444,-3,Y,No,15,-1,4,82,-2,6,0,1,1,8,5,7
60,No,Travel_Rarely,593,Research & Development,1,7,Medical,-3,483,8,Male,87,1,-2,Healthcare Representative,5,Married,6753,2967,6,Y,No,6,6,7,78,-4,12,6,0,2,1,0,-1
25,No,Travel_Rarely,953,Sales,9,4,Marketing,-2,1960,-1,Male (Modified),39,2,1,Sales Executive,2,Single,4102,5101,4,Y,No,16,5,5,83,-4,4,8,6,9,3,0,5
35,No,Non-Travel,729,Research & Development,-1,5,Life Sciences (Modified),1,701,-2,Male,42,6,3,Laboratory Technician,7,Married,1280,16899,3,Y,No,21,4,0,75,5,0,3,5,1,0,-5,-4
44,No,Non-Travel,244,Research & Development,20,0,Life Sciences,2,999,5,Male,44,4,6,Laboratory Technician (Modified),-4,Married,3631,14039,1,Y,Yes,19,2,-1,75,-1,12,5,2,4,6,4,6
30,Yes,Travel_Rarely,604,Sales,6,1,Marketing,-4,1155,1,Female,77,5,3,Sales Executive,3,Single,8220,18382,2,Y,Yes (Modified),16,3,-1,79,2,9,3,1,9,-2,-4,4
41,No (Modified),Travel_Rarely,195,Research & Development,28,7,Other (Modified),-2,1223,0,Male,30,-1,-1,Research Scientist,1,Single,4540,7741,-3,Y,No,26,3,1,81,-3,23,2,6,19,8,12,15
35,No,Non-Travel,1226,Sales,5,1,Technical Degree,-1,989,0,Male,83,4,1,Sales Executive,2,Divorced,5081,25955,8,Y,No,8,-1,1,77,-1,15,5,-1,7,10,-2,6
38,No,Travel_Rarely,1228,Research & Development,12,-3,Life Sciences,1,58,0,Male,34,4,-3,Laboratory Technician,8,Married,2272,4892,-1,Y,No,21,3,1,84,-3,0,2,0,-1,0,4,2
35,No,Travel_Rarely,1412,Research & Development,2,0,Medical (Modified),-1,349,-4,Male,45,6,4,Research Director,2,Divorced,19431,5944,-2,Y,No,15,2,7,76,5,22,9,7,18,11,-2,12
26,No,Non-Travel,782,Research & Development,6,-2,Medical,-2,1697,1,Male,75,5,-2,Laboratory Technician,8,Single,2567,11926,0,Y,No,22,4,5,75,-3,3,3,3,7,2,0,6
48,No,Travel_Rarely,1279,Sales,-1,-1,Life Sciences,4,1730,0,Male,77,-2,1,Sales Executive,8,Divorced,10370,5595,2,Y,Yes,10,1,5,84,5,14,4,2,6,3,-4,-2
51,No (Modified),Non-Travel,139,Human Resources,28,3,Human Resources,5,152,2,Female,32,8,-1,Manager,3,Single,17329,13867,-3,Y,Yes,10,7,2,84,0,23,3,3,9,3,1,6
49,No,Travel_Rarely,461,Research & Development,5,6,Technical Degree,-1,1440,-4,Male,77,4,4,Research Scientist,0,Married (Modified),3420,10204,7,Y,No (Modified),13,1,5,79,3,14,-3,-1,5,3,-4,1
29,No (Modified),Travel_Rarely,922,Research & Development,3,-2,Medical,-2,43,-1,Male,78,-2,3,Laboratory Technician,1,Single,2495,6674,5,Y,No,11,7,6,77,-5,9,6,-2,-1,-1,0,0
44,No,Travel_Rarely,314,Human Resources,-1,-2,Human Resources,-3,734,-1,Male,58,-2,9,Manager (Modified),-2,Married,19188,19558,-1,Y,No,7,2,-1,80,-2,25,-1,-1,25,7,0,6
30,No,Travel_Rarely,1357,Research & Development,2,2,Technical Degree,-2,1929,2,Male,39,-2,1,Research Scientist,5,Married,2221,6071,2,Y,No,6,-2,0,77,3,2,3,4,9,0,-4,0
39,No,Travel_Frequently,1217,Human Resources,0,-3,Human Resources,5,1890,-2,Male,97,-3,1,Human Resources,3,Single,3882,4227,1,Y,No,18,0,5,82,-1,9,4,3,14,-4,0,7
35,No,Non-Travel,1228,Sales,10,6,Technical Degree,-4,986,4,Male,87,-1,6,Sales Executive,4,Divorced,5075,25948,2,Y,No,8,5,7,78,0,15,6,-2,6,11,-1,10
30,No (Modified),Travel_Rarely,209,Sales,11,-2,Marketing,-3,1401,1,Female,94,4,-3,Sales Executive,4,Married,5766,7096,2,Y,Yes,14,5,0,79,-2,2,5,3,4,3,2,0
31,Yes,Travel_Frequently,1497,Sales,3,2,Technical Degree,2,1483,-3,Male,89,2,-1,Sales Representative,1,Married,2912,15744,-1,Y,No (Modified),16,-2,4,79,5,4,2,8,7,1,3,-1
18,No (Modified),Travel_Rarely,256,Research & Development,10,-1,Medical,3,509,1,Female,47,6,0,Research Scientist,0,Married,2242,24440,5,Y,No,14,2,1,81,-3,-3,-2,5,4,-3,-1,4
32,Yes,Travel_Rarely,1485,Research & Development,10,2,Life Sciences,-2,1171,-1,Female,74,6,-3,Laboratory Technician,-1,Married,2511,22955,-3,Y,Yes,9,6,8,80,-2,2,4,1,-4,-1,4,-4
55,No,Travel_Rarely,373,Research & Development,21,7,Medical,4,798,0,Female,96,3,3,Manufacturing Director (Modified),5,Divorced,5480,22670,13,Y,Yes,6,1,5,79,3,13,5,6,8,5,5,5
38,No,Travel_Rarely,1346,Sales (Modified),11,-1,Medical (Modified),5,1544,5,Male,51,3,1,Sales Executive,4,Married,5471,19343,2,Y,No (Modified),16,4,2,77,-4,11,4,6,3,6,8,4
41,No,Travel_Frequently,789,Research & Development,-1,-1,Medical,-1,809,-2,Female,33,4,1,Healthcare Representative (Modified),1,Married,4246,9935,2,Y,No,21,8,3,75,-4,7,2,7,8,9,2,3
33,Yes,Travel_Rarely,899,Research & Development,-1,0,Medical,5,1568,3,Male (Modified),78,0,4,Manufacturing Director,-1,Married,4855,7653,4,Y,No,9,3,4,82,1,2,-1,1,6,6,0,4
27,No,Travel_Rarely,202,Research & Development,6,2,Life Sciences,2,1157,6,Male,56,-1,3,Research Scientist,0,Married,2541,7946,0,Y (Modified),No,9,6,1,83,-1,0,-2,-2,6,1,-2,5
30,No,Travel_Rarely (Modified),1063,Research & Development,-1,4,Medical,-1,1016,5,Male,30,8,-3,Manufacturing Director,3,Married,5469,3334,-1,Y,No,12,1,5,79,3,6,1,4,6,8,-2,-1
43,No,Travel_Rarely,461,Research & Development (Modified),16,2,Life Sciences,1,229,2,Male,54,3,-4,Research Scientist,0,Divorced,2452,4612,7,Y,No,10,7,1,75,-2,12,6,1,12,9,-3,12
30,No,Travel_Rarely,148,Research & Development,13,-1,Life Sciences (Modified),5,16,3,Female,50,2,2,Laboratory Technician,0,Single,4197,12678,-4,Y,Yes,12,0,2,80,-5,10,1,1,11,3,-3,3
51,Yes,Travel_Rarely,1159,Research & Development,19,-3,Life Sciences,0,1907,5,Male,94,1,5,Laboratory Technician,0,Single,2591,10259,-2,Y,No (Modified),19,6,-1,84,2,9,3,0,4,4,0,-2
37,No,Travel_Rarely (Modified),949,Research & Development,4,4,Other,-1,842,6,Male,59,5,0,Manufacturing Director,6,Single,10224,18868,4,Y,No,23,5,5,75,-2,12,6,7,6,3,2,6
35,No,Travel_Rarely,411,Research & Development,16,5,Medical,5,1305,-1,Female,90,0,6,Manager,-2,Divorced,17119,17334,6,Y (Modified),Yes,9,4,1,79,2,22,4,2,23,13,16,-3
34,No (Modified),Travel_Rarely,461,Research & Development,16,-2,Life Sciences,3,991,1,Female,52,2,2,Research Scientist,5,Single,3451,17236,-2,Y (Modified),No,16,7,1,78,-5,6,7,2,1,-2,2,3
21,Yes,Travel_Rarely,1335,Research & Development,6,0,Life Sciences,-4,1077,4,Female,34,-2,1,Laboratory Technician,-1,Single,1417,17260,-4,Y,No,16,5,-2,79,0,-4,8,-3,-1,3,-1,-2
29,No,Travel_Rarely,153,Research & Development,13,4,Life Sciences (Modified),-1,15,6,Female (Modified),48,6,5,Laboratory Technician (Modified),4,Single,4189,12683,3,Y,Yes,11,5,7,82,-1,10,5,1,8,6,1,4
36,No,Travel_Rarely,405,Research & Development,-3,0,Life Sciences,0,1450,-1,Female,89,1,1,Laboratory Technician,5,Married,3294,3712,6,Y,No,18,0,3,83,4,5,0,-3,3,1,0,-1
32,No,Travel_Rarely,1174,Sales,0,-1,Medical,-4,691,0,Female,65,-2,0,Sales Executive (Modified),7,Married,5556,3489,0,Y (Modified),No (Modified),16,6,2,78,0,2,8,5,1,-2,-4,-1
42,No,Travel_Rarely,1016,Research & Development,2,1,Medical,2,1611,5,Female,54,4,-2,Laboratory Technician,0,Single (Modified),5766,23444,3,Y,Yes,9,5,-2,83,2,6,-1,-2,6,4,-3,-1
35,No,Travel_Frequently,706,Research & Development,6,2,Medical,3,1628,2,Female,79,-1,3,Manufacturing Director,2,Single,5041,3141,-3,Y (Modified),No,17,6,0,75,0,12,1,0,12,3,3,8
28,No,Travel_Rarely (Modified),314,Research & Development,15,0,Life Sciences,-1,1881,3,Male,91,2,3,Laboratory Technician (Modified),7,Divorced,4194,18620,2,Y,No,10,5,1,84,-2,5,3,4,12,4,3,4
40,No,Non-Travel,980,Research & Development,8,2,Life Sciences,4,1468,4,Male,90,-2,5,Laboratory Technician,-1,Single,3166,7975,-1,Y,No,14,0,5,76,-1,10,8,7,7,-3,-5,-2
38,No,Travel_Frequently,596,Research & Development,6,3,Medical (Modified),-3,1166,3,Female (Modified),89,2,7,Research Director,0,Single,13499,13784,8,Y,No,15,6,7,76,-2,16,0,-3,20,4,-3,16
41,No,Non-Travel,1198,Research & Development,5,0,Medical (Modified),-4,264,-3,Male,61,-3,0,Manager,3,Married,16789,20465,5,Y,No,18,3,7,76,-4,21,1,7,19,10,14,12
28,Yes,Travel_Rarely,247,Sales,7,4,Life Sciences (Modified),4,164,1,Male,74,2,0,Sales Executive,-2,Married,6172,20741,-1,Y,Yes,16,-1,4,81,3,10,4,1,2,11,11,5
29,Yes,Travel_Rarely,336,Sales,3,-1,Medical,3,897,3,Female,47,-1,0,Sales Representative (Modified),2,Divorced,2800,23521,4,Y,Yes,18,2,4,83,5,9,7,2,1,-1,-3,0
27,Yes,Travel_Rarely,894,Research & Development,21,-4,Medical,1,319,-2,Male,85,1,5,Research Scientist,6,Single,2390,14961,4,Y,Yes,13,4,7,81,1,5,2,1,4,-2,1,0
50,No,Travel_Rarely,694,Research & Development,3,7,Medical,-1,817,-1,Male,68,1,-1,Research Director,2,Married,17643,6877,9,Y (Modified),No,13,3,1,81,4,29,-1,-2,0,5,0,1
30,No,Travel_Rarely,821,Research & Development,7,-2,Life Sciences,-1,1554,7,Female,68,-2,2,Research Scientist,3,Married,5876,15627,4,Y,No,12,4,5,78,2,13,0,0,9,1,3,3
36,No,Non-Travel,1203,Research & Development,1,7,Technical Degree,3,1569,0,Male,59,-2,4,Research Scientist,-3,Married,4082,25176,2,Y,No,11,6,2,76,4,9,3,1,2,0,4,2
36,Yes,Travel_Rarely,1220,Sales,7,4,Life Sciences (Modified),-2,31,-2,Male,77,-2,5,Sales Representative,4,Single,3408,6988,9,Y,No,27,0,3,78,-2,9,4,0,0,7,3,7
33,No,Travel_Frequently,413,Research & Development,4,5,Life Sciences,4,1510,4,Female (Modified),94,5,0,Laboratory Technician,3,Married,3182,4667,-2,Y,No,11,0,0,81,0,-1,7,3,2,2,2,5
35,No,Travel_Rarely,527,Sales,6,4,Medical,-4,651,1,Male,66,-1,5,Sales Executive,0,Divorced,5462,6217,5,Y,No,21,0,2,84,3,17,5,8,9,3,6,2
36,Yes,Travel_Rarely,369,Research & Development,6,4,Medical,0,1805,-1,Male,55,1,5,Manufacturing Director,5,Single,4214,4993,-3,Y,No,16,6,2,83,-4,6,0,-4,8,5,-4,6
51,No,Travel_Rarely,721,Research & Development,2,1,Technical Degree,2,1187,3,Female,88,-2,5,Manager,-4,Divorced,19938,18570,7,Y,No,8,2,0,75,-4,30,5,3,0,4,1,0
44,No,Travel_Rarely,689,Sales (Modified),11,2,Marketing,-1,36,2,Male,47,3,-3,Sales Executive,3,Married,6825,21174,2,Y,No,6,-2,2,77,-3,13,1,5,13,3,3,6
36,No,Travel_Rarely,1140,Research & Development,22,-2,Life Sciences,1,944,3,Female,54,2,0,Healthcare Representative,1,Married,4018,19172,0,Y,Yes,25,0,3,83,-2,7,4,-4,12,10,-4,9
52,No,Travel_Rarely,267,Research & Development,-2,5,Medical,3,1505,2,Female,38,1,4,Laboratory Technician,2,Married,4791,23068,5,Y,No,25,3,0,79,-2,10,-2,4,3,3,2,4
43,No,Travel_Rarely,493,Research & Development,12,2,Medical,5,1656,3,Male,70,-2,1,Manufacturing Director,-3,Married,5291,7691,3,Y,No,24,4,1,75,1,7,3,7,3,5,2,-2
26,No,Travel_Rarely,597,Research & Development,13,6,Life Sciences,1,1560,3,Male (Modified),93,7,5,Research Scientist,5,Married,2455,22379,2,Y (Modified),No,13,6,-4,83,2,3,-1,4,1,0,4,4
37,No,Travel_Rarely,813,Research & Development,18,2,Medical,4,12,0,Male,80,6,4,Laboratory Technician,5,Married,2421,16477,3,Y,No,14,6,3,81,-2,6,8,5,8,1,-4,5
45,No,Travel_Rarely,1456,Sales,6,8,Life Sciences,1,926,1,Female,65,-3,0,Sales Representative,-1,Single,3297,13135,-2,Y,Yes (Modified),15,5,1,83,1,5,-2,5,0,5,5,-1
36,No,Travel_Rarely,1177,Sales,-2,-1,Marketing,3,1421,1,Female,103,-2,4,Sales Executive,1,Single,9282,20765,-1,Y,Yes,19,6,0,77,-1,18,2,1,9,5,-1,-2
39,No,Travel_Rarely,610,Research & Development,5,1,Life Sciences,2,879,8,Female,63,-1,5,Manufacturing Director,-2,Married,10683,23457,-2,Y,Yes,16,-1,1,80,0,14,4,0,18,17,7,15
57,No,Travel_Rarely,189,Human Resources,25,1,Human Resources,5,1977,2,Male,73,7,6,Manager (Modified),5,Married,19631,25809,1,Y,Yes,21,3,-1,84,-2,32,-2,4,14,13,2,1
44,No,Travel_Rarely,196,Research & Development,8,5,Other,-2,104,5,Male,51,5,1,Research Director,-4,Married,13245,15070,4,Y,Yes,13,5,-2,81,-1,15,6,4,-5,2,0,1
36,No,Travel_Rarely,196,Sales,4,2,Medical (Modified),5,620,-3,Female,75,2,-2,Sales Executive,5,Single (Modified),4861,6695,-2,Y,No,15,7,2,77,2,6,4,5,3,-1,1,5
27,No,Non-Travel,1202,Research & Development,4,2,Technical Degree,3,1578,2,Male,59,5,2,Research Scientist,-2,Married,4089,25172,0,Y,No,11,0,4,78,-2,5,-2,0,4,6,-3,-1
31,No (Modified),Travel_Rarely,131,Research & Development,1,7,Life Sciences,4,96,3,Female,58,2,-4,Laboratory Technician (Modified),1,Married,3034,21998,0,Y,No,12,3,0,75,0,3,5,2,2,-3,0,-1
23,No,Travel_Rarely,583,Research & Development,-1,1,Life Sciences,5,1270,7,Male (Modified),48,0,2,Research Scientist,1,Single,2871,9976,-3,Y,Yes,17,1,-2,82,0,7,5,3,4,9,-1,1
39,Yes,Travel_Rarely,1330,Research & Development (Modified),7,0,Life Sciences,0,1652,1,Male (Modified),68,1,-4,Laboratory Technician,-1,Single,2164,3337,-1,Y,Yes (Modified),11,0,-3,84,-1,11,3,-4,2,1,1,6
38,No,Travel_Rarely,1004,Research & Development,7,1,Life Sciences,-1,447,6,Female,45,-2,3,Healthcare Representative,-1,Married,9988,9265,9,Y,No,15,5,1,75,3,5,3,2,1,-1,-2,3
27,No,Travel_Frequently (Modified),803,Research & Development (Modified),-2,3,Life Sciences,4,708,5,Male,77,1,5,Research Scientist,1,Divorced,2716,18959,-4,Y,No,22,-2,2,79,1,9,2,5,7,9,3,3
33,No,Travel_Rarely,220,Sales (Modified),-4,2,Marketing,-3,1051,0,Male,71,6,4,Sales Executive,3,Divorced,9728,12279,-5,Y,No,11,6,4,75,-1,12,-1,-2,18,1,-1,5
35,No,Travel_Rarely,1155,Research & Development,2,5,Other,-4,1781,6,Female,38,0,-3,Laboratory Technician,-2,Married,3706,16375,-2,Y,No,6,0,0,82,-1,7,1,-1,9,4,-4,8
34,No,Travel_Rarely,917,Research & Development,-3,5,Medical,-3,613,-4,Female,94,5,3,Research Director,0,Divorced,16181,22573,4,Y,No,17,6,1,78,1,13,-3,-1,1,-2,-5,9
38,No,Travel_Rarely,653,Sales,9,3,Marketing (Modified),-3,954,1,Male,63,4,-1,Sales Executive (Modified),3,Divorced,9703,20655,6,Y,No (Modified),9,1,3,81,1,12,0,-3,-2,-5,-1,0
28,No,Travel_Rarely,150,Research & Development,4,5,Life Sciences (Modified),0,1010,-2,Female,72,1,7,Research Director,3,Married,11420,17799,-4,Y,Yes,14,7,1,79,4,9,3,6,11,3,-2,5
47,No,Non-Travel,1049,Sales,5,7,Medical,0,304,0,Female,52,-1,1,Sales Executive,6,Single,8863,16835,2,Y,No,16,5,4,81,3,22,4,6,18,3,16,7
34,Yes,Travel_Rarely,880,Research & Development,17,4,Life Sciences,0,1044,5,Female,42,3,0,Laboratory Technician,-3,Single,2740,8265,-4,Y,No,12,-2,2,79,2,16,0,2,15,15,19,11
42,No,Travel_Rarely,987,Research & Development,0,-1,Medical,3,577,4,Female,67,3,0,Manufacturing Director,0,Divorced,5070,7388,9,Y,No,12,7,1,77,-2,15,6,1,1,1,4,3
30,No,Travel_Rarely (Modified),723,Sales,27,-1,Medical,5,1863,1,Female,36,1,-2,Sales Representative,6,Married,3540,7016,-1,Y,No,21,1,8,76,3,10,2,5,9,4,4,11
36,No,Travel_Rarely,115,Research & Development,10,1,Life Sciences,3,230,-2,Male,41,2,-3,Research Scientist,0,Single,3040,12428,0,Y,No,17,5,3,81,2,8,6,3,8,3,-3,2
42,No,Travel_Rarely,892,Sales,5,-1,Life Sciences,0,301,8,Female,79,7,-2,Manager,4,Single,13593,14675,-1,Y,Yes,20,6,6,79,1,12,5,-2,-4,-1,-1,-5
33,No,Travel_Rarely (Modified),834,Research & Development,21,7,Medical,2,1766,-2,Male,56,-3,-1,Healthcare Representative,4,Married,5808,24539,6,Y,Yes,18,2,3,81,4,13,-1,2,4,-3,2,1
31,No,Travel_Rarely,435,Research & Development,17,6,Life Sciences,4,196,2,Female,73,6,-1,Research Scientist (Modified),4,Single,2632,23908,-3,Y,No,10,-1,4,81,2,3,3,3,3,5,-3,7
38,No,Non-Travel,455,Research & Development,20,3,Life Sciences,1,1344,1,Male (Modified),78,4,1,Research Scientist,6,Divorced,3548,8533,4,Y,No,16,3,3,80,1,5,4,-1,1,5,-4,-5
48,Yes (Modified),Travel_Rarely,718,Research & Development,3,2,Medical,4,433,3,Male,83,5,4,Research Scientist,3,Married,4939,17748,0,Y (Modified),No,15,4,0,80,-1,10,2,-3,4,0,8,6
25,No,Travel_Rarely (Modified),1180,Research & Development,18,8,Medical,2,1214,2,Male,77,-2,-4,Laboratory Technician,-3,Married,3195,12445,1,Y,No,14,3,5,76,2,7,-2,7,1,5,7,5
27,No,Non-Travel,296,Research & Development,3,-1,Life Sciences,-1,885,5,Male,57,0,0,Laboratory Technician,1,Divorced,2315,9148,-5,Y (Modified),No,8,6,-2,81,-3,7,5,-1,6,-4,3,6
32,No,Travel_Rarely,1030,Research & Development,17,3,Life Sciences,3,1525,3,Female,87,3,1,Healthcare Representative,-3,Single,8602,21198,-2,Y,No,15,4,1,80,-5,6,0,2,7,8,5,3
32,No,Non-Travel,1103,Research & Development,14,3,Medical,3,1950,6,Male,50,3,3,Research Scientist,5,Single,2145,2123,2,Y,No,10,-2,7,79,1,8,2,-3,1,-2,3,4
33,No,Travel_Rarely,721,Research & Development,3,-1,Medical,-4,1147,5,Male,77,0,3,Manufacturing Director,2,Married,5060,17685,1,Y,Yes,13,1,0,77,-2,6,-1,5,14,8,-2,-2
29,No,Travel_Rarely,1329,Research & Development (Modified),11,5,Medical (Modified),4,1249,0,Male,75,-2,6,Healthcare Representative,-1,Married,6830,17085,1,Y,Yes,8,6,8,79,3,3,-1,0,5,2,2,0
30,No,Travel_Rarely,855,Research & Development,4,6,Life Sciences (Modified),2,1228,2,Male,51,2,2,Laboratory Technician,1,Divorced,3489,11309,2,Y,No,17,6,0,83,-2,8,1,6,9,7,7,9
38,No,Travel_Frequently (Modified),240,Research & Development,4,0,Life Sciences,2,799,4,Female,75,3,4,Manufacturing Director,1,Single (Modified),5982,26080,9,Y,Yes,11,5,2,83,3,13,1,5,16,5,0,16
29,No,Travel_Rarely,193,Sales,33,7,Marketing,2,1786,1,Female,90,4,-1,Sales Executive (Modified),-1,Married,5471,13404,0,Y,No (Modified),12,5,-4,76,-2,14,5,1,10,11,0,8
32,No,Travel_Rarely,1227,Sales,20,6,Marketing (Modified),-2,406,0,Male,92,4,7,Sales Executive,2,Married,8018,5103,-5,Y,No,16,2,5,77,3,16,3,0,6,6,5,9
22,No (Modified),Travel_Rarely (Modified),484,Research & Development,12,1,Medical,5,1647,3,Female,84,4,-2,Research Scientist,-2,Married,3513,22494,9,Y,No,13,5,1,77,-5,3,-1,-1,6,-2,0,-1
33,No,Non-Travel (Modified),1038,Research & Development,-2,1,Life Sciences,-1,139,1,Male,100,1,4,Healthcare Representative,7,Divorced,5159,15849,4,Y,No,12,5,6,76,2,17,-1,8,-3,1,3,-2
34,Yes,Travel_Frequently (Modified),657,Research & Development,11,3,Life Sciences (Modified),2,151,-4,Male,69,-4,-2,Laboratory Technician,7,Single,6077,22884,-3,Y,Yes,27,4,0,79,1,11,-1,6,9,6,-5,8
36,No,Travel_Frequently,1203,Research & Development,17,6,Life Sciences (Modified),-4,2044,0,Male,82,1,-3,Healthcare Representative,7,Married,5686,24598,-2,Y,Yes,11,3,3,75,3,7,2,0,9,2,-2,5
20,Yes,Travel_Rarely,243,Sales,0,1,Marketing (Modified),-2,141,2,Male,47,2,5,Sales Executive,6,Single,5745,26961,1,Y,Yes,6,6,1,75,-4,4,1,-1,7,2,-2,7
44,No,Travel_Rarely,1038,Research & Development,4,4,Medical,-3,2022,5,Male,45,6,1,Research Scientist,7,Single,2440,13426,10,Y (Modified),Yes,15,-2,2,76,-4,3,6,-1,1,4,-4,4
30,Yes,Travel_Rarely,105,Research & Development,24,1,Life Sciences,-4,18,1,Male (Modified),50,-2,-4,Laboratory Technician,1,Single,2028,12946,6,Y,Yes,17,0,0,84,1,3,1,0,0,-1,-2,6
29,No,Travel_Rarely,374,Sales,22,-2,Life Sciences,4,1734,3,Male,76,-4,0,Sales Executive,7,Married,9606,3841,7,Y (Modified),No,14,3,5,81,5,12,-3,0,0,4,4,-1
37,No,Travel_Rarely,220,Sales,-3,6,Marketing,3,1051,5,Male,71,7,-1,Sales Executive,7,Divorced,9729,12276,-4,Y (Modified),No,9,4,2,84,1,13,-1,-2,18,1,4,9
38,No,Travel_Rarely,220,Research & Development,12,6,Other,0,1884,1,Female,45,6,3,Manufacturing Director,1,Married,4784,25386,4,Y (Modified),Yes,11,5,-1,75,0,6,2,5,1,0,4,-1
39,No,Travel_Rarely,309,Sales,6,7,Life Sciences,3,1108,7,Female,91,5,-2,Sales Executive (Modified),8,Divorced,6696,24221,-3,Y,Yes (Modified),13,3,6,77,3,6,6,1,2,-3,-2,-5
30,Yes,Travel_Rarely,738,Sales (Modified),0,6,Life Sciences,-3,1557,3,Male,63,1,1,Sales Executive,4,Married,9716,5324,0,Y,No,14,6,6,82,0,8,6,-2,14,11,8,6
44,No,Travel_Rarely,121,Sales,12,-2,Life Sciences,2,1594,0,Female,86,-1,4,Sales Executive,-4,Married,4639,11261,2,Y (Modified),No,12,7,-2,78,3,1,2,-1,8,2,-4,0
55,No (Modified),Travel_Rarely,184,Human Resources (Modified),29,4,Human Resources,-2,1973,5,Male,70,8,4,Manager,6,Married,19638,25806,2,Y,Yes,18,4,-2,78,1,35,4,7,6,7,0,1
62,No (Modified),Travel_Rarely,712,Research & Development,1,-1,Life Sciences,4,1034,7,Female,72,1,1,Manufacturing Director,0,Single,13723,21826,6,Y,Yes,8,-1,-3,78,4,29,0,5,8,4,5,-2
35,Yes,Travel_Rarely,1141,Research & Development,10,-1,Medical,5,1031,5,Female (Modified),58,4,0,Healthcare Representative,-1,Married,4781,14381,9,Y,No,18,1,-4,76,-5,18,1,-4,0,-5,3,-5
56,No,Travel_Rarely,159,Research & Development,11,5,Life Sciences (Modified),0,1968,3,Female,68,1,-1,Research Scientist,5,Married,2892,22477,6,Y,No,11,7,0,81,1,10,5,4,5,-1,6,4
37,No,Travel_Frequently (Modified),427,Research & Development,5,1,Life Sciences,-2,1619,1,Male,46,3,0,Manufacturing Director,4,Divorced,4721,17003,-1,Y,No (Modified),15,2,4,76,4,6,1,7,12,7,6,-2
32,No,Travel_Rarely,825,Sales,4,3,Life Sciences,1,601,4,Male,80,1,6,Sales Executive,0,Single,6583,8349,3,Y,Yes,14,6,-2,81,3,6,3,6,7,5,0,8
41,No,Travel_Rarely,1384,Human Resources,4,-1,Life Sciences,-4,904,1,Female,46,0,-1,Human Resources,5,Married,5204,7791,12,Y (Modified),No,10,1,0,81,5,14,-2,2,5,-1,3,6
31,No,Non-Travel,1226,Research & Development,0,0,Life Sciences,2,766,5,Female,57,1,1,Healthcare Representative,-3,Divorced,5096,4758,0,Y,No,14,-1,-3,80,1,11,0,0,4,-3,-4,2
53,No,Travel_Rarely,1119,Sales,15,7,Life Sciences,1,598,4,Female,81,7,-1,Manager,1,Single,16839,9876,-1,Y,No,21,2,4,77,1,40,-3,5,7,4,3,5
37,No,Travel_Frequently,1184,Research & Development,-4,-1,Life Sciences,-4,1670,-1,Male,90,1,5,Research Scientist,7,Married,4736,9871,4,Y,No,18,4,7,83,0,23,2,-1,14,9,6,8
58,Yes,Travel_Rarely,142,Research & Development,21,3,Medical,0,161,3,Female,98,2,0,Healthcare Representative,1,Married,10313,3461,4,Y,No,16,-1,2,83,3,42,3,5,36,10,11,8
37,No,Travel_Rarely,144,Research & Development,20,6,Life Sciences,4,575,5,Male (Modified),42,0,1,Laboratory Technician,5,Single,4229,19228,-1,Y,No,10,2,5,81,2,4,0,5,4,6,6,3
44,No,Non-Travel (Modified),343,Research & Development,11,7,Life Sciences,0,1814,1,Male,55,5,3,Research Scientist,1,Single,2441,24980,1,Y (Modified),No,13,3,-1,79,3,9,2,1,3,4,-2,1
39,No (Modified),Travel_Rarely,986,Research & Development,8,-2,Life Sciences,4,521,-1,Male (Modified),55,-2,0,Research Director,4,Divorced,14333,4341,-4,Y,No,9,1,-2,82,-1,28,5,-1,24,14,-2,9
37,No,Travel_Frequently,472,Research & Development,13,7,Life Sciences,2,837,-4,Male,45,-2,5,Healthcare Representative,2,Divorced,6284,4284,0,Y,No,19,7,4,75,5,11,7,4,2,3,5,4
46,No,Travel_Frequently,329,Research & Development,18,4,Medical,3,1541,-1,Male,92,-2,3,Research Director,2,Single,14411,24447,-3,Y,Yes,9,-1,5,79,3,31,5,6,27,2,16,11
62,No,Travel_Rarely,1056,Research & Development,5,7,Medical,4,1425,5,Female,73,7,6,Research Director,4,Married,19697,22459,-2,Y,Yes,18,2,3,83,3,35,7,3,12,11,2,0
23,No,Travel_Rarely (Modified),1471,Research & Development,-1,3,Medical,2,492,-1,Male,77,2,5,Laboratory Technician,6,Divorced,3815,17882,4,Y,No,12,6,2,81,-3,0,1,5,7,0,1,5
26,No,Travel_Rarely,1140,Sales (Modified),8,-3,Medical,1,1054,4,Male,69,6,-3,Sales Representative,-3,Married,1050,23383,-2,Y,No,17,0,-3,78,-1,-2,2,4,1,0,-2,1
33,Yes,Travel_Rarely,134,Research & Development,26,1,Life Sciences,-4,1005,4,Female,46,0,0,Research Scientist,2,Married,2133,11535,8,Y (Modified),Yes,14,7,-1,76,4,9,4,3,2,-2,-4,-3
19,No,Travel_Rarely,503,Research & Development,31,-3,Medical,0,1725,1,Male,94,3,5,Laboratory Technician,3,Divorced,3908,3624,4,Y,No,13,4,-3,78,6,3,4,8,1,-1,-3,-2
37,No,Travel_Rarely,1125,Research & Development (Modified),7,4,Life Sciences,-1,1662,2,Female (Modified),64,3,-3,Research Scientist,-2,Divorced,5430,19336,-3,Y,No,13,7,6,82,-3,10,-2,3,13,5,8,9
24,No (Modified),Travel_Rarely,1474,Research & Development,11,3,Medical,-4,415,1,Male,70,8,2,Healthcare Representative,2,Single,5656,4819,-2,Y,No,21,-2,0,80,-2,4,3,1,5,-1,2,7
31,Yes,Travel_Rarely,583,Research & Development,14,5,Medical,-4,582,2,Male,37,3,-4,Laboratory Technician,7,Divorced (Modified),3405,6707,10,Y,No,12,3,2,76,2,7,1,-2,7,3,4,5
32,No (Modified),Travel_Rarely,590,Research & Development,31,2,Life Sciences,-1,1549,2,Male,77,2,0,Laboratory Technician,-1,Married,5207,22944,0,Y,Yes,7,-1,6,80,3,15,1,-2,15,18,2,8
36,No,Travel_Rarely,1206,Research & Development,6,6,Life Sciences,-1,1935,3,Male,71,5,0,Research Scientist,-1,Divorced,4766,14297,-2,Y,No,17,2,5,82,-1,8,-1,8,4,6,2,2
34,No,Travel_Rarely,1345,Research & Development,15,-1,Medical,0,19,2,Male,96,5,0,Laboratory Technician,6,Divorced,2656,8758,2,Y,No,15,-1,2,75,1,2,-2,-1,2,1,-2,5
22,Yes,Travel_Frequently,341,Research & Development (Modified),6,0,Life Sciences,3,1053,2,Male,53,6,3,Research Scientist,-1,Married,2041,15344,3,Y,Yes,9,3,5,83,-3,1,6,2,3,4,5,2
47,Yes,Travel_Frequently,1470,Research & Development,26,3,Life Sciences,2,1423,-3,Male (Modified),95,4,3,Laboratory Technician (Modified),-4,Single (Modified),4286,22710,6,Y,No,21,6,2,78,4,16,3,6,0,2,0,0
28,No,Travel_Rarely,972,Research & Development,3,5,Medical,5,1669,4,Male,45,2,4,Research Scientist (Modified),6,Divorced,5467,25515,-2,Y,No,14,4,5,75,-1,12,8,-2,10,5,0,7
23,No,Travel_Rarely,1358,Human Resources,22,2,Life Sciences,2,177,2,Female,63,-1,-1,Human Resources,-2,Married,2946,8918,1,Y (Modified),No,20,8,6,82,1,11,4,4,3,10,1,6
33,No,Travel_Rarely,885,Sales,-1,6,Marketing,-1,46,1,Female,99,6,-4,Sales Representative,7,Married,2013,9690,0,Y,No,16,2,3,76,-4,1,3,4,2,-3,1,0
43,No,Travel_Rarely,1316,Research & Development,5,3,Medical (Modified),-3,1605,5,Female,34,7,5,Research Director,0,Divorced,19048,3546,2,Y,Yes,16,4,1,77,2,22,4,6,20,3,-4,8
29,Yes,Travel_Rarely,739,Sales,5,1,Life Sciences (Modified),2,1561,-3,Male,66,6,4,Sales Executive,-2,Married (Modified),9709,5321,-2,Y,No (Modified),13,0,3,83,-1,7,2,5,12,8,4,5
27,No,Travel_Rarely,1480,Research & Development,15,-2,Medical,5,410,-2,Male,63,1,1,Healthcare Representative,-2,Single,5659,4819,-4,Y,No,20,3,5,81,-5,8,-1,-1,12,-1,2,9
46,No,Travel_Rarely,1294,Research & Development,12,0,Life Sciences,4,1662,5,Male,60,5,7,Research Director,4,Married (Modified),17603,3524,0,Y,No,19,5,3,75,2,12,2,4,9,13,5,15
53,No,Travel_Rarely,864,Sales,4,0,Marketing,2,895,3,Male,71,-2,5,Sales Executive,3,Married,11831,22793,1,Y,No,16,5,0,76,1,31,4,3,-3,-2,0,-2
29,No,Travel_Rarely,1329,Sales,12,2,Life Sciences,4,1052,-2,Female,82,7,-2,Sales Representative,5,Married,2221,18413,4,Y,Yes,17,3,8,80,0,4,2,0,3,2,-1,2
54,No (Modified),Travel_Rarely,99,Research & Development,26,-1,Life Sciences,3,898,0,Female,67,7,-1,Research Director,4,Single,14278,20204,1,Y,No,18,4,1,81,-5,33,2,2,15,5,5,5
26,No,Travel_Rarely (Modified),515,Sales,-1,-1,Medical,-4,1900,-2,Female (Modified),85,-1,5,Sales Executive,-1,Single,6500,26994,4,Y,No,16,5,0,75,0,6,6,5,9,11,2,6
45,No,Travel_Rarely,1327,Research & Development,6,-3,Other (Modified),-1,1638,8,Female,54,-2,5,Manufacturing Director,0,Divorced (Modified),5770,5386,-4,Y,No,23,-2,3,82,5,12,-1,1,5,6,1,11
44,No,Travel_Rarely,445,Research & Development,6,2,Life Sciences,-4,1818,-2,Male,86,3,3,Healthcare Representative,-2,Single,6868,15531,-1,Y,No,9,-1,4,77,-5,6,4,1,5,5,4,1
49,No,Travel_Rarely,1471,Research & Development,12,2,Life Sciences,-3,297,-2,Male,83,1,7,Research Director,3,Married,12494,15733,2,Y,No,13,5,5,79,-2,20,7,-1,5,13,0,4
16,Yes,Travel_Rarely,233,Research & Development,0,3,Life Sciences,2,404,4,Male,57,2,5,Laboratory Technician,-1,Single,1418,25237,1,Y,No,9,0,1,83,0,3,4,4,-2,-1,-5,3
53,No,Travel_Rarely,377,Research & Development,19,5,Medical,4,799,7,Female,98,3,-1,Manufacturing Director (Modified),-4,Divorced (Modified),5482,22669,6,Y,Yes,7,6,5,82,1,10,3,3,8,5,2,2
50,No,Travel_Rarely,691,Research & Development,-1,3,Medical,0,818,4,Male,66,7,1,Research Director,7,Married,17634,6885,6,Y,No (Modified),13,3,7,81,-1,28,-1,2,6,0,1,3
43,No (Modified),Travel_Frequently,715,Research & Development,19,8,Medical,1,828,1,Male,53,-3,1,Laboratory Technician (Modified),-1,Single,5093,11979,4,Y,No (Modified),12,3,8,76,1,10,2,7,2,-1,-3,4
36,No,Travel_Rarely,950,Research & Development,8,5,Other,1,849,3,Male,63,6,2,Manufacturing Director,4,Single,10216,18871,3,Y,No,23,6,2,83,4,16,-1,2,7,8,5,10
45,No,Travel_Rarely,248,Research & Development,3,-2,Other,2,332,6,Male,73,5,8,Manager,3,Married,19206,15969,-1,Y,No,15,-1,0,75,0,24,0,5,27,-2,-2,11
43,No,Travel_Rarely,1032,Sales,18,0,Marketing,0,323,-1,Female (Modified),79,7,8,Manager,5,Married,16066,7739,2,Y,Yes,24,0,1,77,4,22,0,1,20,11,5,10
40,No,Travel_Rarely,341,Sales,18,5,Marketing (Modified),4,872,2,Male,70,-2,6,Sales Executive,4,Divorced,6335,24554,-1,Y,No,17,-2,6,81,3,13,6,4,1,-4,1,3
36,No,Non-Travel,215,Research & Development,7,5,Medical,-1,1465,-1,Male,59,4,1,Research Director,5,Divorced,13752,25177,5,Y (Modified),No (Modified),9,5,4,81,-2,15,1,0,12,11,0,3
31,No (Modified),Travel_Rarely,143,Research & Development,16,-1,Medical,3,250,7,Female (Modified),93,3,0,Research Scientist,8,Married,3933,6982,7,Y,Yes,20,3,3,77,2,10,4,7,1,1,-3,4
32,No,Travel_Rarely,286,Research & Development,0,2,Life Sciences,3,2048,6,Female,62,4,3,Research Scientist,8,Married,2972,8950,2,Y,No,7,4,5,80,-1,0,0,-1,6,-2,-3,3
40,No,Non-Travel,1197,Research & Development,-3,2,Medical,5,263,0,Male,64,0,5,Manager (Modified),8,Married,16789,20458,10,Y,No,26,4,-1,77,2,23,0,4,19,7,8,3
21,No,Travel_Rarely,999,Research & Development,7,6,Medical,4,381,3,Male,100,0,-3,Research Scientist,-1,Single (Modified),3234,10529,1,Y (Modified),No,14,-1,-3,79,3,7,8,2,2,-2,0,1
31,Yes,Travel_Rarely (Modified),661,Research & Development,16,5,Other,2,1048,-1,Male,77,1,-3,Laboratory Technician,3,Divorced,4832,7857,2,Y,No,10,1,1,77,0,12,-1,4,2,2,1,1
38,No,Travel_Rarely,836,Research & Development,15,-1,Other (Modified),-2,1867,2,Male,37,-2,-3,Research Scientist,0,Divorced,3906,5144,9,Y,No,15,7,6,75,2,3,1,6,5,-1,-1,1
43,No,Travel_Frequently,597,Research & Development,4,6,Medical (Modified),3,1167,6,Female,87,3,-2,Research Director,4,Single,13494,13785,5,Y,No,14,2,6,82,2,20,1,0,14,9,5,9
19,No,Travel_Rarely,212,Research & Development,6,-1,Life Sciences,-3,1018,0,Male (Modified),89,3,0,Laboratory Technician,-2,Married,2447,6879,0,Y,No,18,2,2,79,1,5,-1,-2,4,4,-3,-4
28,No,Travel_Rarely,545,Research & Development,2,-1,Life Sciences,-3,97,4,Male,62,4,2,Research Scientist,-3,Married,6220,7344,-2,Y,No,19,-1,1,84,-3,12,0,-1,13,2,4,9
36,No,Travel_Rarely,801,Sales,13,-1,Life Sciences,5,180,3,Male,97,4,1,Sales Executive,4,Divorced,8192,21195,1,Y,Yes,10,3,2,79,3,10,3,3,4,7,-4,5
37,No,Travel_Frequently,877,Research & Development,6,4,Medical,2,279,-1,Male,41,6,3,Research Scientist,2,Divorced,3816,5969,-3,Y,Yes,18,-1,0,78,3,3,1,2,2,-1,-1,-5
33,No,Travel_Rarely,128,Sales,-1,6,Marketing,0,1281,-1,Female (Modified),82,-2,-1,Sales Executive,2,Single,4539,6034,0,Y,Yes,16,1,4,75,2,4,3,-2,3,3,1,5
22,Yes,Travel_Rarely,1452,Sales,0,1,Technical Degree,-3,555,-2,Female,59,5,3,Sales Representative,2,Single,3199,21969,4,Y,Yes,15,4,4,77,4,4,2,0,7,6,-2,2
43,No,Travel_Rarely,1342,Sales,11,2,Medical,1,1550,-1,Male (Modified),45,-2,-3,Sales Executive,4,Married,5476,19348,-4,Y,No,14,5,3,83,-3,13,5,2,8,5,9,4
34,No,Non-Travel,980,Research & Development,6,6,Medical,4,1949,5,Male,49,-1,5,Research Scientist (Modified),4,Divorced,3064,3997,-2,Y,Yes,14,5,-1,79,-3,8,3,7,0,4,5,1
27,No (Modified),Travel_Rarely (Modified),266,Research & Development,5,1,Medical (Modified),-1,1301,4,Female,37,1,1,Research Scientist,-3,Single,2095,18825,-1,Y,No,22,-2,4,83,-1,1,-1,0,5,4,1,-2
58,No,Travel_Rarely,1327,Research & Development,-2,1,Medical,2,12,4,Female,84,4,3,Laboratory Technician,1,Married,2672,9959,2,Y (Modified),Yes (Modified),22,6,-2,84,1,12,5,5,-2,-4,3,1
33,Yes,Travel_Rarely,351,Human Resources,10,4,Human Resources,-1,1844,3,Male,55,0,1,Human Resources,1,Divorced,2339,3157,-1,Y,Yes,15,3,3,79,7,5,-1,3,6,3,3,0
47,No,Travel_Rarely,573,Sales,11,6,Medical,-4,1498,6,Female,75,6,0,Sales Executive,2,Married,4593,24199,7,Y,Yes,14,2,5,82,0,15,0,-2,1,6,-3,1
34,Yes,Travel_Frequently,827,Research & Development,32,6,Medical,4,1099,2,Female,58,4,0,Research Scientist,3,Single,4509,3124,-2,Y,No,18,3,3,78,3,15,5,0,15,5,5,7
28,Yes,Travel_Frequently,466,Research & Development,6,1,Technical Degree,-2,512,7,Male,42,6,4,Research Scientist,5,Single,2281,3427,12,Y,Yes,22,5,4,79,-4,-2,5,6,4,-5,-3,0
53,No,Travel_Rarely,1486,Research & Development,8,0,Life Sciences (Modified),3,542,6,Female,34,7,1,Manager,5,Married,16552,10314,-1,Y,No,8,3,2,81,-4,27,5,4,5,2,-1,8
41,No,Non-Travel,111,Research & Development,18,4,Life Sciences,-1,1206,7,Male,78,3,5,Research Scientist,5,Single,2291,4278,3,Y,No,14,5,0,82,2,2,2,0,2,0,-5,-1
61,No,Travel_Frequently,1211,Research & Development,17,2,Life Sciences,5,1839,4,Male,91,3,2,Research Director,2,Married (Modified),15784,21622,-2,Y,Yes,14,-2,-2,82,-5,22,7,4,2,2,4,-1
37,No,Travel_Rarely,1189,Research & Development,-2,7,Life Sciences,5,1824,6,Female,51,5,0,Healthcare Representative,8,Divorced,6516,9055,5,Y,No,17,1,1,75,5,11,2,-2,1,1,0,5
24,No,Travel_Rarely,161,Research & Development,2,-2,Medical,0,1735,5,Female,55,0,-2,Laboratory Technician,-2,Single,3293,12866,1,Y,No,11,2,1,80,-4,5,-2,-4,5,4,1,5
45,No,Travel_Rarely,946,Human Resources,0,0,Medical,-3,107,3,Male,84,-1,-3,Human Resources,1,Divorced,5017,10428,6,Y,Yes,25,7,6,76,5,17,1,5,4,6,2,6
36,No,Travel_Frequently,632,Research & Development,20,1,Medical (Modified),-4,290,4,Female,76,2,1,Laboratory Technician,6,Single,2155,7701,1,Y (Modified),No,15,6,2,77,-3,4,-3,5,5,-4,3,5
47,No,Non-Travel,1173,Research & Development,11,6,Technical Degree,5,1933,0,Male (Modified),67,0,-2,Research Scientist,-3,Married,5467,2127,12,Y,No,16,0,-2,84,5,16,1,6,12,11,1,8
21,Yes,Travel_Rarely,235,Sales (Modified),8,-2,Marketing,-4,143,1,Male,46,0,6,Sales Executive,3,Single,5739,26961,3,Y,Yes,6,-2,6,83,-4,6,3,4,4,6,1,1
35,No,Travel_Rarely,479,Research & Development,11,2,Medical,4,1575,1,Male,37,0,-1,Research Scientist (Modified),3,Single,2973,22064,-2,Y,No,11,1,-1,81,1,2,1,-3,-2,3,-3,-5
50,Yes,Travel_Rarely,718,Research & Development,7,-1,Medical (Modified),0,430,-2,Male,85,-2,6,Research Scientist,-1,Married,4936,17742,0,Y,No,10,6,-3,80,-2,15,4,-2,12,4,4,4
55,No,Travel_Rarely,1485,Research & Development (Modified),0,3,Life Sciences,-2,544,3,Female (Modified),28,-1,2,Manager,4,Married,16556,10306,-2,Y,No,9,-1,1,79,-1,31,0,-3,1,5,-1,2
35,No,Travel_Frequently,566,Research & Development,13,-1,Life Sciences,2,411,0,Male,85,5,4,Laboratory Technician,1,Married,3685,7120,4,Y,No,22,-1,0,84,0,-1,-3,-1,1,0,-1,3
42,No,Travel_Frequently,425,Research & Development,-3,3,Life Sciences,-4,899,8,Female,29,0,1,Healthcare Representative,-1,Married,5560,21786,-1,Y,No,9,7,-2,77,1,11,-1,6,3,5,1,-2
31,No,Travel_Rarely,122,Research & Development,9,5,Life Sciences,-3,233,1,Male,42,0,0,Research Scientist,5,Single,3040,12433,-1,Y,No,22,5,-4,81,-1,9,-3,5,2,4,2,8
42,No,Travel_Rarely,1321,Research & Development,2,1,Life Sciences,-4,2049,-2,Male,55,2,5,Research Scientist (Modified),4,Single,2807,2723,5,Y,No,12,-2,7,81,-4,12,3,1,4,-3,-1,-1
28,No,Travel_Rarely,1276,Research & Development,0,1,Medical (Modified),0,1972,2,Female,59,-3,-3,Laboratory Technician,8,Divorced,1125,17536,-4,Y,Yes,8,2,6,84,4,0,1,-1,3,-4,0,3
34,No,Travel_Rarely,511,Research & Development,5,7,Life Sciences,3,1512,7,Male,69,6,4,Healthcare Representative,7,Single,6389,22047,2,Y,Yes,14,0,3,82,-5,11,2,-1,4,-3,-3,-5
40,No,Travel_Frequently,1424,Sales,2,2,Life Sciences,1,1844,-1,Male,94,2,4,Sales Executive,5,Married,5676,19246,5,Y,No,23,1,3,75,1,8,4,1,5,3,6,4
45,No (Modified),Travel_Rarely,173,Human Resources,8,-2,Life Sciences,5,1744,7,Female,51,5,0,Human Resources,2,Married,9754,6597,8,Y,No (Modified),21,0,2,83,6,13,4,3,5,-3,4,5
56,No,Non-Travel (Modified),716,Research & Development,18,8,Medical (Modified),5,787,-1,Male,45,7,2,Research Scientist,7,Married,4253,26591,3,Y,No,20,7,2,77,-4,4,-1,5,1,1,0,4
26,No,Travel_Rarely,768,Research & Development,-1,1,Life Sciences,0,1982,4,Male,42,-2,0,Healthcare Representative,5,Single,4620,14123,-3,Y,No (Modified),7,0,3,83,4,7,2,5,4,5,3,6
26,Yes,Travel_Rarely,805,Research & Development,7,6,Technical Degree,-4,1297,-2,Female,43,1,-4,Laboratory Technician,0,Divorced,3336,17287,6,Y,Yes,8,4,5,79,6,5,0,7,7,7,4,4
34,No,Non-Travel (Modified),574,Research & Development,10,7,Medical,3,102,-3,Female,75,-1,6,Research Scientist,-1,Divorced,5325,15719,3,Y,Yes,7,4,1,83,-1,19,7,7,16,9,3,6
40,No,Travel_Rarely (Modified),1139,Research & Development,7,-2,Life Sciences,2,1864,3,Male,84,7,-3,Laboratory Technician,5,Single,3971,13627,8,Y,No,8,3,-1,82,-2,12,6,6,-1,3,-1,-1
32,No,Travel_Rarely,1403,Sales,29,7,Life Sciences,0,1556,5,Female,97,3,-1,Sales Representative,0,Married,2432,26208,-3,Y,No,21,2,-1,80,-2,6,3,3,2,2,5,-1
27,Yes,Travel_Rarely,1160,Research & Development,-3,6,Medical,-4,438,1,Male,79,5,5,Research Scientist,3,Married,3467,24735,6,Y (Modified),Yes,13,-1,2,84,-3,3,8,-2,0,1,3,6
38,No,Travel_Rarely (Modified),1194,Research & Development,9,4,Medical,-2,459,1,Male,61,2,5,Manufacturing Director (Modified),-1,Divorced,6347,23175,5,Y,No,15,0,2,82,-3,10,1,0,2,-1,4,4
31,No,Non-Travel,696,Research & Development,-2,-1,Life Sciences,0,1112,6,Male,35,-3,-1,Research Scientist,-1,Married,2982,22481,2,Y,No,14,1,4,78,-2,5,1,-1,1,-3,1,2
37,No,Travel_Rarely,135,Research & Development,4,5,Life Sciences,-3,95,-3,Female,59,2,-2,Laboratory Technician,1,Married,3035,22005,1,Y,No,7,2,1,78,-3,5,-1,5,5,-1,-4,1
37,No (Modified),Travel_Frequently,1111,Sales,5,1,Life Sciences,4,1394,5,Male,56,3,0,Sales Executive,6,Married,9994,19296,2,Y (Modified),No,8,5,-1,77,2,12,6,4,0,6,3,2
36,No,Travel_Rarely,989,Research & Development,1,5,Medical,4,251,3,Female,50,2,2,Manager,1,Married,19035,6502,1,Y,No,15,2,2,81,3,21,1,5,15,6,5,6
44,No,Travel_Rarely,460,Research & Development,3,-1,Technical Degree,1,1435,-3,Male,74,-2,0,Research Scientist,7,Married,3418,10207,9,Y,No,13,7,6,84,4,15,4,5,10,5,2,-2
36,No,Travel_Frequently,132,Research & Development,19,1,Medical (Modified),5,1282,2,Female (Modified),50,4,-1,Laboratory Technician,1,Divorced,4447,22538,-1,Y,No,11,2,0,79,0,15,0,5,13,10,6,13
38,No,Travel_Frequently,1394,Research & Development,12,5,Medical,-3,1939,3,Female,62,6,1,Research Scientist,-3,Divorced (Modified),2132,18117,3,Y,Yes,12,-1,-1,81,1,16,-2,3,15,10,2,4
43,No (Modified),Travel_Rarely,928,Research & Development,12,6,Life Sciences,-3,196,6,Male,91,3,-4,Laboratory Technician,-3,Married,2240,6957,4,Y,No,24,4,2,79,3,2,3,6,6,-2,-2,-1
20,No,Travel_Rarely,1275,Research & Development,6,4,Medical,0,143,2,Male,67,5,0,Research Scientist,-1,Married,2891,26896,5,Y,No,13,-1,-2,81,3,-2,3,-1,5,4,2,0
54,No,Non-Travel,149,Sales,0,4,Life Sciences,-2,1042,6,Female,94,-1,-3,Sales Executive,1,Married,6343,24924,0,Y,No (Modified),11,3,-1,77,0,20,2,3,21,4,0,14
35,No,Travel_Rarely,834,Research & Development,16,2,Other,4,1872,8,Male,43,-2,-2,Research Scientist,8,Divorced,3897,5142,3,Y (Modified),No,12,3,5,79,6,2,6,0,1,3,2,0
36,No,Travel_Rarely (Modified),1333,Research & Development,1,4,Technical Degree,2,947,0,Female,76,5,1,Research Director,-3,Married (Modified),13579,16295,0,Y (Modified),No,10,7,-3,76,3,15,-1,7,15,8,4,10
36,No,Travel_Rarely,1387,Research & Development,7,0,Life Sciences,-2,1792,1,Male,90,1,2,Healthcare Representative,-3,Married,8321,25945,4,Y,Yes,12,2,0,80,3,19,1,3,14,12,0,9
24,No,Non-Travel,121,Sales,1,1,Medical,4,125,5,Male,43,-1,-1,Sales Executive,3,Married,4222,8862,1,Y,No,10,1,3,81,-1,5,0,0,8,1,-4,-1
55,No,Travel_Frequently (Modified),968,Research & Development (Modified),3,2,Life Sciences,0,1240,5,Female (Modified),49,6,4,Manufacturing Director,1,Divorced,10500,9654,4,Y,No,20,3,1,84,-3,37,-3,1,7,0,-3,2
46,No,Travel_Rarely,135,Research & Development,25,5,Life Sciences (Modified),2,1527,4,Male,34,7,5,Research Director,4,Married,16326,22069,-2,Y,No,9,-2,1,79,5,28,3,1,18,10,10,12
16,Yes,Travel_Frequently,752,Sales,0,-4,Technical Degree,-3,482,5,Female,103,4,-3,Sales Representative (Modified),1,Single,2173,9154,0,Y,Yes,6,-2,4,75,1,7,0,5,3,-2,2,4
21,No,Travel_Rarely,1446,Sales (Modified),19,4,Marketing,0,74,1,Female,46,0,2,Sales Executive,7,Married,4155,21434,11,Y,Yes,19,2,5,82,4,6,6,6,4,0,2,-4
38,No (Modified),Travel_Frequently (Modified),645,Human Resources,14,1,Life Sciences,0,1288,2,Male,58,1,-2,Human Resources,3,Married,4492,21831,8,Y,No,10,4,2,77,4,10,4,2,7,4,-1,4
27,No,Travel_Rarely,323,Sales (Modified),8,1,Life Sciences,5,1448,-4,Male,32,-2,-2,Sales Executive,4,Divorced,10795,8382,-3,Y,No,21,0,4,77,-3,10,1,7,16,6,6,8
26,No,Travel_Rarely,1153,Research & Development,10,4,Medical (Modified),-3,381,2,Male,91,2,1,Research Scientist,1,Married,2070,2612,-1,Y,No,26,8,1,77,-4,9,0,-3,5,2,-2,5
41,Yes,Travel_Rarely,1376,Research & Development,-2,-2,Other,1,5,1,Male,89,2,1,Laboratory Technician,4,Single,2093,2393,9,Y,Yes,19,3,3,83,4,3,0,-1,-3,-5,-1,-1
27,No,Travel_Rarely,798,Research & Development,1,2,Medical,5,652,4,Female,66,-1,-1,Research Scientist,-2,Divorced,2186,5013,-3,Y,No,15,4,4,82,1,9,5,0,7,0,-4,5
50,No,Travel_Rarely,1172,Research & Development,10,1,Medical,-4,210,-2,Male,33,-3,1,Manufacturing Director,3,Married,6128,13985,-2,Y,No,14,7,2,82,0,13,1,-1,1,-3,-3,3
54,No,Travel_Rarely,234,Sales,-4,4,Medical,5,681,6,Female,32,1,1,Sales Executive,-1,Single,8382,7502,11,Y,No (Modified),17,4,4,81,4,17,6,7,11,11,10,8
55,No,Travel_Rarely,1319,Sales,23,-1,Marketing,4,851,2,Female (Modified),61,5,0,Manager,-2,Married,16304,5594,6,Y,No,9,-1,1,81,1,27,-2,0,22,1,4,16
29,No,Travel_Rarely,946,Research & Development,-3,-2,Medical,0,832,7,Female,50,4,1,Manufacturing Director,6,Single,6880,20231,8,Y,Yes,21,6,-3,75,-3,14,3,2,1,1,0,0
29,No,Non-Travel,687,Research & Development,12,1,Medical,-4,213,3,Male (Modified),55,4,0,Research Scientist,5,Divorced,2026,5971,1,Y,No,19,3,5,83,4,1,4,3,-3,5,4,4
40,No,Travel_Rarely,112,Research & Development,19,3,Life Sciences,0,2014,-2,Male,54,4,-1,Research Scientist (Modified),8,Single,4109,5341,10,Y,No,12,1,0,79,-3,18,0,0,11,11,5,7
39,No,Travel_Rarely (Modified),1458,Sales,7,6,Medical,1,1584,8,Male,38,0,6,Sales Executive,4,Married,8237,4658,4,Y (Modified),No,11,2,-4,81,-4,8,6,2,10,2,8,2
29,Yes,Travel_Rarely,864,Sales,23,2,Marketing,1,949,-2,Male,32,6,-3,Sales Representative,2,Married (Modified),2411,18798,-2,Y,Yes,14,6,-2,78,4,1,-1,1,4,-4,3,3
37,Yes,Travel_Frequently,294,Sales,6,0,Marketing,-3,553,5,Female,34,1,-1,Sales Representative,-1,Divorced (Modified),2355,12249,1,Y,No,20,0,-1,77,-1,2,2,6,5,3,2,-2
17,No,Non-Travel,1127,Research & Development,0,-2,Life Sciences,3,1363,8,Female,93,5,-2,Laboratory Technician,3,Single,1611,19300,-1,Y,No,10,2,4,75,4,1,3,0,3,-1,-3,2
38,No,Travel_Rarely (Modified),409,Research & Development,8,3,Medical,-4,1302,3,Female,91,-3,-1,Manager,6,Divorced,17119,17335,7,Y,Yes,9,5,0,78,-2,25,7,5,22,9,19,0
33,No,Non-Travel (Modified),1093,Research & Development,8,-2,Medical,2,69,2,Male (Modified),83,5,-2,Healthcare Representative,-4,Married (Modified),9884,8300,0,Y,Yes,10,7,7,75,-3,12,3,-1,5,4,4,3
41,No (Modified),Non-Travel,1322,Sales,6,3,Life Sciences,5,362,-1,Male,37,-1,-1,Sales Executive,-1,Married (Modified),5253,19679,7,Y,No,14,5,8,76,3,11,3,0,8,6,8,3
49,No,Travel_Rarely,449,Research & Development,3,4,Medical,0,1476,5,Male,40,0,7,Research Director,-3,Single,16600,19762,7,Y,No,12,5,6,84,4,38,0,6,13,5,5,3
29,No,Travel_Frequently,578,Research & Development,21,2,Medical,-3,1851,5,Male,36,3,-1,Laboratory Technician,2,Married,3808,7001,4,Y,No,14,-1,1,84,2,15,-2,4,12,5,1,14
31,No,Travel_Frequently,464,Research & Development,-1,7,Life Sciences,-1,1751,0,Male,72,0,5,Healthcare Representative,0,Single,6291,23063,6,Y (Modified),Yes,16,5,4,82,-4,12,1,8,-2,3,-5,4
47,No,Travel_Frequently,365,Research & Development,25,-1,Medical,0,1307,4,Female,79,1,3,Manager,0,Single,18060,13036,4,Y,No,23,3,3,83,-1,18,0,2,-2,0,1,0
38,Yes,Travel_Frequently,654,Research & Development,6,4,Life Sciences,-1,151,-3,Male,67,0,3,Laboratory Technician,6,Single,6071,22882,1,Y,Yes,23,-1,3,76,1,9,7,4,13,8,0,10
38,No,Travel_Frequently,592,Research & Development,4,1,Medical,-4,1764,5,Female,76,3,5,Laboratory Technician,0,Married,2467,15965,6,Y,No,12,6,2,78,4,4,4,-2,5,-4,1,7
32,Yes,Travel_Rarely,696,Research & Development,8,4,Medical,1,29,-1,Male,86,3,-3,Research Scientist,-1,Single,2955,17098,-1,Y,No,9,0,4,81,4,11,-1,6,6,6,5,5
44,No,Travel_Rarely,552,Research & Development,2,0,Medical,-3,517,-1,Female,82,-3,-3,Laboratory Technician,0,Married,3444,13440,8,Y,No,19,8,-1,75,-1,19,4,7,-2,1,-1,2
28,No,Travel_Rarely,1361,Research & Development,21,4,Life Sciences,5,13,8,Male,66,3,-3,Laboratory Technician (Modified),0,Divorced,2691,13339,1,Y,No,24,4,4,77,5,4,4,-1,-3,-1,-4,4
46,Yes (Modified),Travel_Frequently,723,Sales (Modified),24,4,Life Sciences,-1,786,2,Female,80,4,3,Sales Executive (Modified),-1,Single,6392,10338,2,Y,Yes (Modified),11,5,-1,82,-3,11,5,-2,4,2,3,0
50,No,Travel_Rarely (Modified),321,Research & Development (Modified),1,1,Medical,4,547,1,Male,41,0,0,Manufacturing Director (Modified),0,Married (Modified),7964,19610,-3,Y,Yes,17,0,4,82,4,31,-1,1,3,0,3,2
53,No,Non-Travel,1004,Research & Development,16,2,Life Sciences (Modified),-4,273,6,Male,90,0,4,Manufacturing Director (Modified),3,Divorced,6804,23792,4,Y,Yes,11,1,-3,80,5,8,-5,4,2,5,-1,11
30,No,Travel_Rarely,1418,Research & Development,4,1,Life Sciences,-2,1502,-1,Male,72,3,1,Research Scientist,1,Divorced (Modified),1565,12525,1,Y,No,13,4,6,83,5,5,4,5,2,4,-3,-1
38,No,Non-Travel,434,Research & Development,6,6,Life Sciences,-1,1127,2,Male (Modified),74,6,-2,Laboratory Technician,-3,Single,6784,8769,4,Y,No,12,-2,6,82,-2,12,-3,0,7,0,-2,0
22,No,Non-Travel,453,Research & Development,27,2,Other,4,1609,2,Female,89,5,-1,Research Scientist,-2,Married,2814,10289,5,Y (Modified),Yes,9,0,6,81,-2,1,-3,2,0,2,5,4
34,No,Travel_Rarely,502,Sales,31,6,Marketing,-3,744,0,Male,98,3,5,Sales Executive,4,Divorced,5307,25272,4,Y,No,18,2,6,76,0,11,4,2,8,8,8,10
27,Yes,Travel_Frequently,337,Sales,28,6,Marketing,0,302,2,Female,50,-1,4,Sales Executive,5,Single,6692,22962,8,Y,No,14,6,-1,80,2,6,4,2,1,4,2,2
39,No,Travel_Rarely,411,Research & Development,17,-3,Life Sciences,4,57,2,Male,69,0,3,Research Scientist,-1,Married,3021,10226,8,Y,No,23,7,-1,82,-1,4,1,6,5,3,-3,2
51,No,Travel_Frequently (Modified),1376,Research & Development,16,8,Medical,2,983,5,Male,60,2,1,Manufacturing Director,-1,Divorced,5062,6757,-1,Y,Yes,15,2,-1,75,3,19,7,3,22,8,1,11
38,No,Travel_Rarely,178,Research & Development,5,-2,Life Sciences,-4,918,-4,Female,54,7,-1,Manufacturing Director,-1,Divorced (Modified),4768,23817,3,Y,No,24,1,5,84,1,7,-1,6,-4,1,-4,4
24,Yes,Travel_Frequently (Modified),338,Research & Development,4,0,Life Sciences,-2,1057,-2,Male,55,-2,4,Research Scientist,4,Married,2037,15346,2,Y,Yes,12,5,2,78,2,9,-3,3,2,-3,1,1
33,No (Modified),Travel_Rarely,1396,Sales (Modified),-1,5,Life Sciences,0,327,5,Female,55,0,4,Sales Representative,-3,Married,3931,20991,1,Y,No,9,1,-4,81,5,7,1,1,8,-2,-3,-3
45,No,Travel_Rarely,469,Research & Development,22,0,Medical,5,172,0,Female,93,2,2,Manufacturing Director,-2,Married,6562,5546,-3,Y,No,17,5,1,79,1,14,3,5,17,11,5,15
33,No,Travel_Rarely (Modified),596,Sales,8,0,Marketing,3,1442,3,Male,98,7,2,Sales Executive,0,Married,9208,23344,2,Y,No (Modified),13,-2,2,76,5,4,5,5,8,7,-2,1
38,No,Travel_Frequently,1274,Sales,-3,8,Medical,2,1701,1,Male,26,1,-3,Sales Executive,5,Divorced (Modified),9520,7678,5,Y,No,11,7,5,79,6,3,4,-1,6,4,1,5
20,Yes,Travel_Rarely,239,Sales,1,4,Marketing,5,139,5,Male,47,0,5,Sales Executive,-1,Single,5739,26957,-4,Y,Yes,11,0,5,80,3,7,-3,2,5,6,4,7
30,Yes,Travel_Rarely,301,Sales,22,4,Life Sciences,1,1797,0,Male,85,-1,5,Sales Executive (Modified),1,Single,5817,13491,-1,Y,Yes,15,1,6,76,-3,9,2,5,10,3,6,6
23,No,Travel_Rarely,1201,Research & Development,21,4,Medical,3,1006,5,Female,37,3,2,Manufacturing Director,7,Divorced,4374,24117,5,Y,No,12,3,2,83,4,5,7,6,5,-2,2,0
20,Yes,Travel_Rarely,1362,Research & Development,10,-1,Medical (Modified),-2,704,5,Male,31,6,-2,Research Scientist,5,Single,1004,26997,0,Y,Yes,11,-2,4,76,-1,0,4,2,5,3,-2,3
30,No (Modified),Travel_Rarely,387,Sales,6,6,Medical,-1,1672,0,Male,90,3,4,Sales Executive,7,Divorced,5500,3918,3,Y,No,17,0,7,79,0,4,7,5,7,3,3,4
30,No,Travel_Frequently,290,Research & Development,9,0,Life Sciences,4,730,4,Male,31,3,7,Manufacturing Director,-1,Divorced,8795,4806,0,Y,No,17,3,4,78,-1,6,6,0,4,3,-3,6
48,No,Travel_Rarely,152,Research & Development,3,1,Technical Degree,-4,1230,4,Male,62,2,5,Manufacturing Director,4,Divorced,7380,17432,-3,Y,No,14,0,4,83,-1,10,6,0,10,-2,4,-1
32,No (Modified),Travel_Frequently,881,Research & Development,12,2,Medical,-3,281,-1,Male,38,1,4,Research Scientist,-1,Divorced,3818,5974,-2,Y,Yes,18,5,-1,82,0,2,2,-1,0,-1,0,-5
35,No,Travel_Rarely,452,Research & Development,17,7,Life Sciences,-2,1639,7,Female,88,3,3,Manufacturing Director,0,Single,7945,19951,4,Y,Yes,11,-2,4,75,2,15,1,3,8,-3,-2,3
29,Yes (Modified),Travel_Rarely,103,Research & Development,19,2,Life Sciences,0,19,7,Male,54,0,5,Laboratory Technician,7,Single,2029,12949,4,Y,Yes,14,5,-1,78,-3,6,2,1,3,-1,-3,2
32,No,Non-Travel,1493,Research & Development,0,-2,Technical Degree,5,212,0,Male,45,4,4,Manufacturing Director,0,Married,4323,26280,-4,Y,No,17,3,1,75,-4,11,2,4,11,6,2,4
38,Yes,Travel_Rarely (Modified),104,Research & Development,-1,6,Life Sciences,-4,1566,4,Female,65,6,5,Laboratory Technician,-4,Divorced,2071,26623,-4,Y,Yes,10,4,8,81,2,2,0,3,-3,0,1,1
32,No,Travel_Rarely,468,Sales,14,7,Medical (Modified),-2,1650,0,Male (Modified),37,4,5,Sales Executive,-1,Single,5866,23414,4,Y,No,14,4,7,83,-2,4,-2,0,0,3,-3,7
36,No,Travel_Rarely,1134,Research & Development,20,1,Life Sciences,-1,945,8,Female,51,4,2,Healthcare Representative,2,Married,4013,19167,3,Y,Yes,22,8,8,81,-2,12,-3,-1,6,3,3,10
37,No,Travel_Rarely (Modified),316,Research & Development,25,7,Medical,5,607,0,Male,56,4,4,Manufacturing Director,2,Married,7409,6947,2,Y,Yes,21,3,0,83,5,13,4,2,11,11,4,11
25,No,Non-Travel,1273,Research & Development,-1,1,Life Sciences,1,892,2,Male,43,-3,1,Laboratory Technician,1,Married,3158,10778,1,Y,No,12,7,8,78,4,6,-1,4,9,0,0,0
39,No,Travel_Frequently,1018,Sales,5,7,Marketing,-4,1349,5,Female,66,0,3,Sales Executive,4,Divorced,4099,4299,4,Y,No,13,0,2,80,-2,5,0,5,5,2,-1,5
49,Yes,Travel_Rarely,721,Research & Development,12,7,Medical,1,433,6,Male,84,4,1,Research Scientist,3,Married,4942,17746,3,Y,No,13,6,4,79,-4,8,2,-2,11,2,10,9
59,No,Non-Travel,390,Research & Development,1,1,Life Sciences,1,419,8,Male,27,-1,-3,Healthcare Representative,3,Divorced (Modified),5659,17052,3,Y,Yes,17,0,6,78,2,13,-3,7,5,2,1,5
29,Yes,Travel_Rarely,1360,Research & Development,29,6,Life Sciences,-1,50,0,Male,51,-4,2,Laboratory Technician,7,Single,2290,10556,5,Y (Modified),No (Modified),7,4,0,76,1,3,1,1,2,-1,0,4
32,Yes,Travel_Rarely,429,Sales,5,7,Marketing,-1,1756,0,Female,51,-4,-3,Sales Representative (Modified),3,Single,2761,14625,-3,Y,No,14,1,2,80,2,-3,3,5,1,6,3,-1
29,No,Travel_Rarely,579,Sales,-1,-2,Marketing,5,883,6,Male,86,1,5,Sales Executive,-2,Married,4259,18155,2,Y,No,15,4,5,75,3,2,5,7,8,3,-2,0
33,No,Travel_Rarely,356,Human Resources,1,5,Medical,3,1869,3,Male,91,-3,0,Human Resources,6,Married,2803,15429,4,Y,No,10,2,7,77,-4,-1,-2,-2,-1,3,-5,1
34,No,Travel_Rarely (Modified),149,Sales,11,5,Life Sciences,1,936,-2,Male (Modified),44,-1,5,Sales Representative (Modified),-1,Married (Modified),2331,11737,3,Y,No,17,1,4,76,-2,16,2,2,3,4,4,-3
30,No,Travel_Rarely,1096,Research & Development,7,5,Medical,1,1818,-3,Female,65,3,2,Manufacturing Director,4,Single,9667,2743,9,Y,No,10,2,-3,77,1,6,7,6,6,6,0,-2
49,No (Modified),Travel_Frequently,366,Research & Development,22,1,Medical,-2,1308,5,Female,86,2,1,Manager,-1,Single,18063,13034,3,Y,No,20,6,2,80,1,20,0,2,-2,-2,-2,3
29,Yes,Travel_Rarely,907,Research & Development,5,5,Life Sciences,4,993,7,Female (Modified),95,0,-2,Research Scientist,1,Single,2399,11482,6,Y,Yes,17,2,-1,77,3,2,5,2,2,2,-4,1
33,No,Travel_Rarely,657,Sales (Modified),4,3,Marketing,2,207,-1,Male,91,1,6,Sales Executive,-1,Married,7298,11435,2,Y,No,13,3,2,78,6,5,-1,7,10,6,4,10
20,No,Travel_Rarely (Modified),1372,Sales,16,1,Life Sciences,-3,1399,-1,Male,88,5,4,Sales Executive,3,Married,6228,12479,6,Y,No,13,1,3,84,-4,5,4,-1,1,3,0,3
41,No,Travel_Rarely,844,Research & Development,23,-2,Life Sciences,2,419,-4,Female,81,-2,3,Research Director,0,Married,12062,26702,-2,Y,No,16,4,4,79,-2,21,4,4,7,6,0,5
56,Yes,Travel_Rarely,445,Research & Development,10,6,Life Sciences,5,165,2,Female,75,3,4,Research Scientist,4,Married,4960,4512,12,Y,Yes,20,-2,1,77,4,8,3,3,7,6,6,5
28,Yes,Travel_Frequently (Modified),829,Research & Development,27,8,Medical,0,1098,-1,Female,55,6,6,Research Scientist (Modified),-2,Single,4503,3129,-1,Y,No,20,2,5,84,0,10,-1,1,12,4,5,4
26,No,Travel_Rarely,824,Research & Development,19,3,Other,0,638,6,Male,96,5,-3,Laboratory Technician,6,Married,2122,9095,0,Y,No,19,2,-1,75,3,-3,-3,4,-2,4,-5,-5
49,No,Travel_Rarely,1317,Research & Development,27,4,Life Sciences,-2,1318,-1,Female,45,2,4,Research Director,4,Married,16877,22423,3,Y,Yes,8,7,0,76,2,27,1,7,5,-3,2,0
38,No,Travel_Rarely (Modified),416,Research & Development,2,4,Life Sciences,1,25,-4,Female,50,2,0,Research Director,2,Single,11995,21294,-4,Y,No,9,3,-1,75,-5,17,2,2,9,4,4,15
35,No,Travel_Rarely,1218,Research & Development (Modified),14,0,Life Sciences,-1,895,5,Male (Modified),47,-1,-3,Research Scientist,2,Married,2360,14870,4,Y,Yes,19,-1,4,76,-4,9,-3,6,1,4,-5,4
35,Yes (Modified),Travel_Rarely,1451,Sales (Modified),11,4,Marketing,-3,1735,0,Male,91,5,3,Sales Executive,-3,Divorced,6136,8654,6,Y,Yes,17,-1,1,75,6,16,1,-2,1,0,0,3
46,Yes,Travel_Rarely (Modified),867,Sales,-1,-3,Marketing (Modified),-3,47,5,Male,82,-3,-4,Sales Representative,-1,Married,2683,3813,1,Y,Yes,10,2,-2,78,4,7,5,4,2,4,-4,-2
31,No,Travel_Rarely,181,Research & Development,9,7,Life Sciences,1,1427,-1,Female,91,-2,4,Research Director (Modified),6,Single,16426,8843,2,Y,No,7,-2,3,82,-2,13,7,1,7,6,4,-2
30,Yes,Travel_Rarely (Modified),802,Research & Development,3,5,Technical Degree,1,1302,2,Female,38,5,4,Laboratory Technician,5,Divorced,3334,17284,7,Y (Modified),Yes,15,5,-1,77,-2,9,0,-1,4,11,2,7
37,No,Travel_Frequently,563,Research & Development (Modified),5,4,Other,-4,1428,4,Male,93,1,0,Research Scientist,4,Divorced,2991,20285,2,Y,No,15,3,5,76,4,11,0,3,1,5,1,7
22,Yes,Non-Travel,503,Research & Development,9,6,Medical,-1,1252,-1,Female,94,2,1,Research Scientist,4,Single,1860,6145,5,Y (Modified),Yes,21,2,1,83,-4,-1,0,1,-1,1,1,-5
36,No,Travel_Rarely,592,Sales,13,0,Marketing,3,1783,-2,Male,47,1,1,Sales Executive,6,Married,4189,8800,-4,Y,No,15,2,3,81,0,2,6,-1,3,2,-5,2
31,No,Travel_Frequently,374,Sales,8,-1,Life Sciences,-2,886,6,Male,46,1,-1,Sales Executive,1,Married,6521,8887,3,Y,No,9,1,2,78,4,13,1,1,11,4,1,1
34,No (Modified),Non-Travel,1232,Sales (Modified),12,-1,Technical Degree,-4,987,-3,Male,79,1,-3,Sales Executive,6,Divorced,5078,25951,5,Y,No,9,-1,1,76,-3,13,1,2,9,11,3,9
29,No,Travel_Rarely,704,Sales,30,5,Marketing,-2,637,5,Male,63,1,3,Sales Executive,4,Married,6271,7424,1,Y,No,21,5,8,77,0,5,4,-1,3,0,-1,8
39,No,Travel_Rarely,927,Research & Development,7,5,Medical,-2,1398,-4,Female,73,-2,1,Research Scientist,-1,Single,4077,20004,-3,Y,Yes,13,2,-2,83,2,17,5,1,24,8,1,9
31,No,Travel_Rarely,122,Research & Development,10,-1,Medical,1,37,0,Male,81,5,5,Laboratory Technician,1,Single,2209,16116,4,Y,No,12,6,-2,80,-3,10,5,2,13,-1,-1,8
33,No,Travel_Frequently (Modified),382,Sales,2,-2,Life Sciences,0,887,0,Male,46,-1,6,Sales Executive,4,Married,6519,8887,-1,Y,No,10,6,2,77,3,5,6,2,6,7,1,6
37,No,Travel_Rarely,1438,Research & Development,5,3,Life Sciences,-1,1389,-2,Male,51,4,-4,Research Scientist,-2,Married,2999,5186,10,Y (Modified),Yes,12,6,-1,84,-1,8,-2,-1,5,8,1,1
28,Yes,Travel_Rarely,817,Research & Development,15,4,Medical,2,326,7,Male (Modified),55,0,2,Laboratory Technician,0,Married,2431,22144,5,Y (Modified),Yes (Modified),14,2,6,80,5,10,-2,1,2,5,-1,-1
50,No,Travel_Rarely,625,Sales,-1,4,Marketing,3,772,2,Male,26,-1,7,Manager,-3,Married,16857,10085,4,Y,No,11,2,5,81,4,29,6,0,34,5,2,14
55,No,Travel_Rarely,1083,Sales,-1,8,Life Sciences,-1,1071,3,Female,43,3,-2,Sales Executive,5,Married,10687,8396,4,Y,No,11,4,2,78,5,9,8,-1,12,0,9,0
28,No,Non-Travel,1189,Sales,21,-2,Marketing (Modified),-4,946,-1,Female,45,7,-3,Sales Executive,3,Married,6930,24402,5,Y,No,8,7,-1,84,-2,7,2,0,13,11,-5,-5
25,No,Travel_Rarely,143,Sales (Modified),4,-4,Other,-3,876,6,Male,94,4,3,Sales Executive,3,Married,4190,14360,-1,Y,Yes,17,1,7,78,2,5,4,2,6,4,-1,5
33,No,Travel_Rarely,411,Research & Development,19,-2,Life Sciences,4,59,-1,Male,69,6,2,Research Scientist,2,Married,3017,10229,-1,Y,No,16,0,1,84,2,3,-2,3,-3,-4,2,3
57,No,Travel_Rarely,1177,Sales,19,5,Marketing,1,727,0,Male,88,3,-1,Sales Executive,-2,Single,5403,11920,6,Y,No,14,5,7,82,3,14,0,2,5,-3,3,1
37,No (Modified),Travel_Rarely,1042,Human Resources,12,-2,Human Resources,0,826,7,Male,38,5,1,Human Resources,2,Married,2140,25531,0,Y,No,10,1,-1,75,-1,6,-3,2,2,1,2,7
40,No,Travel_Rarely (Modified),1170,Research & Development,12,1,Life Sciences,-2,482,2,Female,41,1,-1,Laboratory Technician,-2,Married,2214,22490,3,Y,Yes (Modified),13,6,2,82,-2,11,6,2,2,8,-4,11
53,No,Travel_Rarely,1115,Sales,16,7,Life Sciences,-1,600,0,Female,87,3,0,Manager (Modified),5,Single,16833,9875,3,Y,No (Modified),21,1,0,83,-4,40,1,2,10,11,11,3
13,No (Modified),Non-Travel,1123,Research & Development,1,1,Life Sciences,0,1366,0,Female,96,-1,0,Laboratory Technician,4,Single,1609,19302,4,Y,No,10,-1,0,81,-1,-3,6,6,-3,-1,-3,-5
31,No,Travel_Rarely,1303,Research & Development (Modified),23,0,Medical,4,9,5,Male,95,-2,1,Healthcare Representative,-1,Married,5235,16578,5,Y,No (Modified),16,3,4,81,2,17,4,-3,2,3,10,4
58,No,Travel_Rarely,608,Sales,17,-1,Life Sciences,3,1934,2,Female,69,5,6,Manager,0,Married,17874,11765,7,Y,Yes,10,0,7,84,-2,32,3,4,4,-3,2,-4
36,No,Travel_Rarely,676,Research & Development,8,-1,Medical,3,1542,5,Male,45,1,1,Research Scientist,2,Married,4283,3033,0,Y,No,14,2,-2,83,-3,11,-2,1,14,11,7,4
29,No,Travel_Rarely,1280,Research & Development,6,0,Medical,0,1970,2,Female,62,-1,-3,Laboratory Technician,0,Divorced,1125,17535,-2,Y (Modified),Yes,11,6,7,81,-2,-2,-1,2,-1,3,2,3
34,No,Travel_Rarely (Modified),439,Sales,16,0,Life Sciences,2,1585,3,Female,90,1,6,Sales Executive,0,Single,4200,16383,5,Y,No,10,1,0,79,4,4,3,7,4,-2,-3,-3
51,No,Travel_Rarely,275,Research & Development,10,1,Life Sciences (Modified),-1,1018,-4,Male,100,-2,1,Healthcare Representative,-1,Single,4236,13117,3,Y (Modified),No,8,7,6,83,-3,23,-2,3,-3,-2,1,5
32,No,Travel_Rarely,1079,Research & Development,25,-1,Life Sciences,2,1515,5,Male,98,5,-3,Manufacturing Director,4,Married,6546,3171,-4,Y,No (Modified),16,2,-1,80,1,4,6,3,7,9,5,2
34,No,Travel_Rarely,138,Research & Development,1,4,Life Sciences,3,237,7,Male,87,4,1,Research Scientist,3,Single,2498,10516,1,Y,No,13,1,4,77,2,8,5,5,0,2,-1,-1
26,No,Travel_Rarely,327,Human Resources,12,-2,Other,0,1422,-3,Male,53,1,7,Human Resources,-1,Single,7991,9770,-3,Y,No,13,6,0,84,-4,8,0,6,14,5,0,11
26,No,Travel_Rarely,692,Research & Development,-1,-1,Life Sciences,1,1264,5,Female,83,0,5,Research Director,7,Divorced,16124,3421,3,Y,No,16,0,4,75,-1,7,3,-3,3,8,-4,11
34,No,Travel_Rarely,182,Research & Development,18,4,Medical,2,1828,3,Male,94,0,3,Laboratory Technician,7,Married,2703,9691,0,Y,No,11,-1,6,78,0,3,4,7,7,8,-2,0
29,No (Modified),Travel_Frequently,1412,Sales,5,-3,Medical,2,709,6,Female,67,5,4,Sales Executive,1,Divorced (Modified),4642,16670,2,Y,Yes (Modified),15,-1,3,80,3,3,5,-1,5,7,0,7
27,No,Travel_Rarely (Modified),1134,Research & Development (Modified),16,7,Technical Degree,2,1005,3,Female,37,-2,0,Laboratory Technician,5,Married,2814,12084,10,Y,No,14,2,-2,77,-1,2,1,4,1,1,3,2
63,No,Travel_Rarely,1087,Sales,-3,2,Technical Degree,-1,1049,4,Male,61,4,3,Manager,2,Married,11902,11033,3,Y,Yes,13,-2,0,84,2,10,4,-2,1,5,0,7
55,No,Travel_Frequently,542,Sales,-3,1,Marketing,2,1391,0,Male,47,5,4,Sales Executive,6,Married,10591,15393,4,Y,No (Modified),15,-2,3,80,0,13,6,7,7,4,-1,-3
54,No,Travel_Rarely,971,Research & Development,1,2,Medical (Modified),-4,1419,1,Female,50,4,1,Research Director,1,Single (Modified),17330,5649,3,Y,No,23,3,2,79,-4,24,2,3,16,2,13,9
37,No,Travel_Frequently,519,Research & Development,3,3,Life Sciences,-4,70,-2,Female,95,4,-2,Research Director,4,Single,13453,15145,2,Y,Yes,11,2,1,81,-4,10,1,6,16,12,10,14
28,Yes,Travel_Frequently,665,Sales,4,5,Life Sciences,1,1422,4,Female,54,5,2,Sales Representative,3,Single,1356,16152,-2,Y,No,14,3,2,79,4,-4,6,-2,0,-3,-4,0
45,No (Modified),Travel_Rarely,1321,Research & Development,29,4,Life Sciences,0,1318,5,Female,42,2,7,Research Director,-4,Married,16882,22426,6,Y,Yes,9,2,6,83,-3,25,0,1,0,3,-3,1
37,No,Travel_Rarely (Modified),534,Research & Development (Modified),23,0,Other,3,652,-1,Male,56,-3,-1,Laboratory Technician,6,Single,3679,14001,0,Y,No,10,5,-1,83,-2,8,5,1,7,6,1,-2
27,No,Travel_Rarely,1239,Research & Development,6,8,Life Sciences,5,57,8,Female,33,0,4,Laboratory Technician,-4,Divorced,2344,19713,3,Y,No,13,3,5,79,4,4,2,7,-1,4,0,-1
29,Yes,Travel_Rarely,117,Sales,23,7,Marketing,3,287,0,Female,37,0,-2,Sales Executive,4,Married,7637,24523,-3,Y,No,22,3,2,82,3,14,4,4,11,7,3,7
39,No,Travel_Rarely (Modified),908,Research & Development (Modified),22,6,Medical,5,283,6,Male,98,-1,0,Laboratory Technician (Modified),0,Married,2743,16523,6,Y,Yes,11,-2,6,77,-3,13,2,1,2,4,1,11
41,No,Travel_Rarely,1116,Research & Development,1,4,Life Sciences,1,1247,-4,Female,71,6,2,Research Scientist,0,Married,2010,19977,-2,Y,No,16,3,-1,82,1,5,8,3,6,0,3,6
37,No,Travel_Rarely,669,Research & Development,19,-1,Life Sciences (Modified),-3,1635,6,Male,85,7,-3,Manufacturing Director,1,Married,5772,26489,6,Y,No,21,5,2,77,6,10,5,6,-1,-2,-3,2
45,No,Travel_Frequently,805,Sales,14,7,Marketing,-4,172,5,Female,77,1,3,Sales Executive,5,Single,9211,6647,0,Y,No (Modified),12,1,2,79,0,12,6,5,0,-3,0,-1
44,Yes,Travel_Rarely,577,Sales,20,2,Marketing,3,487,4,Male,72,6,2,Sales Executive,-1,Married,6377,6113,-2,Y,Yes,16,5,-2,79,5,9,5,1,3,4,-4,3
36,No,Travel_Rarely,1028,Research & Development,7,1,Life Sciences,-3,151,7,Female,49,0,1,Research Scientist,-3,Divorced,4500,14997,4,Y,No (Modified),17,5,7,78,-1,10,-1,6,1,-5,4,-3
31,No,Travel_Rarely,1157,Research & Development,0,6,Medical,2,1692,-1,Male,61,1,-1,Laboratory Technician,6,Married,3985,11910,4,Y,No,10,4,2,77,-4,12,3,7,15,11,4,9
46,No,Travel_Frequently,1477,Research & Development,0,-3,Other,-2,586,-2,Male,100,0,2,Laboratory Technician,2,Married,2092,9259,4,Y (Modified),No,20,4,1,80,4,8,3,-2,1,-2,0,-5
59,Yes,Travel_Rarely,309,Research & Development,4,-2,Technical Degree (Modified),4,2030,8,Male,75,7,2,Laboratory Technician,-1,Married (Modified),2343,3662,6,Y,No,10,-2,1,76,-4,16,6,2,6,6,5,3
48,No,Travel_Rarely,717,Research & Development,9,7,Life Sciences,5,1726,6,Male,37,1,4,Healthcare Representative,0,Single (Modified),5564,9698,2,Y,No,16,2,0,75,0,20,6,6,14,9,2,10
40,No,Travel_Rarely,496,Research & Development,8,-2,Medical,-4,1657,3,Male,69,-2,5,Manufacturing Director,2,Married (Modified),5292,7690,4,Y,No,23,7,4,76,1,3,0,2,8,4,-2,2
55,No,Travel_Rarely,1439,Sales,8,6,Marketing,3,203,0,Male,35,2,4,Sales Representative,-2,Married,2303,16048,-3,Y,Yes,18,6,8,83,0,9,0,-4,9,8,4,4
44,No,Travel_Frequently,770,Sales,14,6,Life Sciences,1,751,5,Male,51,-1,4,Sales Executive,8,Married,6800,23683,1,Y,No,19,5,4,80,0,8,7,-1,6,5,6,1
31,No,Travel_Rarely,1213,Sales,0,4,Medical,-4,369,-2,Male (Modified),74,-3,-3,Sales Executive,2,Married,6645,3690,0,Y (Modified),No,19,5,0,76,-2,13,5,1,2,3,3,1
39,No (Modified),Travel_Frequently,142,Research & Development (Modified),0,1,Medical,5,269,3,Female,36,4,6,Laboratory Technician,3,Single,4423,15981,7,Y,No,14,7,8,80,2,9,5,2,6,-2,5,-2
60,No,Travel_Rarely,1433,Research & Development,16,0,Medical,4,1280,8,Male,71,5,6,Manufacturing Director (Modified),8,Single,10514,20000,1,Y,No,16,7,0,80,2,26,9,3,8,7,1,5
36,No,Travel_Rarely,921,Research & Development,4,0,Medical (Modified),3,40,3,Male,73,-1,0,Laboratory Technician,5,Single,2491,6665,-1,Y (Modified),No,7,-1,8,78,-3,8,3,-1,-2,0,-3,3
32,No,Travel_Rarely,511,Research & Development,9,3,Life Sciences,-3,1514,4,Male,64,6,0,Healthcare Representative,1,Single,6391,22050,2,Y,Yes,13,7,2,81,3,13,5,6,-4,-1,-4,-4
34,No,Non-Travel (Modified),298,Sales,12,4,Marketing,3,2040,4,Male,87,1,4,Sales Executive,3,Divorced,5403,10431,-2,Y,No,20,7,0,75,0,14,8,6,14,11,12,13
48,No,Travel_Frequently,1452,Research & Development,4,1,Medical,1,147,4,Female,27,0,5,Healthcare Representative,1,Single,7480,25794,4,Y,No,17,3,4,78,-1,23,-4,6,15,14,8,9
33,No,Travel_Frequently,686,Sales,4,0,Medical,-2,191,3,Male,30,1,0,Sales Executive,1,Divorced,4668,22813,-4,Y,No,16,2,2,77,0,10,2,6,8,7,-2,9
29,No,Travel_Rarely,614,Research & Development,-1,-1,Life Sciences,4,928,-3,Female,71,4,2,Research Scientist,6,Single,2316,17804,-4,Y,No (Modified),15,6,-2,80,1,5,6,4,-2,-3,1,-4
51,No,Travel_Rarely,568,Sales,16,-1,Medical,0,1507,6,Female,80,0,6,Sales Executive,4,Married,4594,24204,7,Y,Yes,16,0,2,84,-4,6,4,1,0,1,2,2
48,Yes,Travel_Rarely,1181,Sales,8,5,Marketing,-1,838,7,Female,47,3,4,Sales Executive,2,Married,7650,5856,-3,Y,No,14,3,5,79,3,12,1,8,12,6,11,4
42,No,Travel_Frequently,473,Research & Development,11,-1,Life Sciences,-4,839,1,Male,43,4,6,Healthcare Representative,-1,Divorced,6286,4280,-2,Y,No,15,7,6,82,-3,11,0,0,7,4,0,3
39,No,Travel_Rarely,917,Research & Development,7,6,Life Sciences,4,1252,5,Male,97,0,8,Research Director,2,Married,19739,18627,-1,Y,No,12,1,-3,81,-2,22,3,5,9,3,4,9
43,No,Travel_Rarely,639,Research & Development,4,3,Medical,-2,291,5,Male,94,0,4,Healthcare Representative,1,Divorced,9394,12367,11,Y,No,11,4,5,80,-1,18,5,-2,-1,-1,-2,0
38,No,Travel_Rarely,988,Research & Development,30,4,Technical Degree,-4,1598,0,Male,84,0,1,Laboratory Technician (Modified),-2,Divorced,4879,5852,7,Y,No,16,6,6,82,-3,7,-2,7,10,5,-1,1
34,No,Travel_Rarely,667,Research & Development,19,-1,Life Sciences,-4,1629,-1,Male,81,5,-3,Manufacturing Director (Modified),1,Married,5768,26497,-1,Y,No,14,6,0,77,5,13,0,4,1,6,4,-2
32,No,Travel_Frequently,425,Sales,11,2,Medical,2,1474,7,Male,49,3,5,Sales Executive,5,Married (Modified),4368,17454,-4,Y,No,17,-2,-3,75,4,6,-3,6,6,2,-1,3
26,Yes,Travel_Rarely,136,Research & Development,17,0,Life Sciences,0,1408,6,Female,49,2,2,Research Scientist,6,Single,2395,25682,1,Y (Modified),Yes,9,-2,5,81,-3,6,3,3,3,2,2,10
20,No,Travel_Rarely,393,Research & Development,19,1,Life Sciences,4,32,3,Male,98,5,1,Research Scientist,5,Single,1234,19284,-1,Y,No,10,1,8,75,-2,-2,4,5,-5,-1,-1,-4
22,No,Travel_Rarely (Modified),970,Research & Development,8,2,Medical,0,761,4,Female,55,-1,2,Healthcare Representative,2,Single,6812,23402,11,Y,No,17,5,0,76,3,9,5,-2,2,5,1,10
43,No (Modified),Travel_Rarely,1397,Research & Development,5,7,Medical (Modified),4,1907,0,Male,87,1,3,Research Director,5,Married,13350,14840,10,Y,No,16,7,4,84,4,21,5,6,12,8,9,9
53,No,Travel_Rarely (Modified),106,Sales,2,4,Life Sciences,-3,109,0,Male,71,6,3,Sales Executive,3,Married,10236,18089,3,Y,No,10,6,0,80,-1,23,-1,-1,0,1,5,-2
45,No,Travel_Rarely,418,Sales,26,7,Medical,-4,1078,2,Male,82,3,2,Sales Executive,5,Divorced,10800,5272,5,Y,No,17,-2,-2,81,-1,18,5,6,5,0,-5,-5
33,No,Travel_Rarely,940,Research & Development,16,4,Life Sciences,2,1204,0,Female,68,-4,2,Research Scientist,0,Married,2171,26928,-5,Y,Yes,20,5,0,83,0,7,-2,5,3,0,-2,6
31,Yes (Modified),Travel_Rarely,206,Sales,17,7,Life Sciences,-4,1754,5,Female,70,6,3,Sales Executive,-1,Single,8568,10096,1,Y,Yes,22,4,3,83,-5,12,0,5,-4,-1,-2,4
40,No,Travel_Rarely (Modified),851,Research & Development,16,3,Medical,4,1771,2,Male,54,1,3,Laboratory Technician,-3,Divorced (Modified),2768,8953,7,Y,No,17,2,-1,84,4,4,8,-2,7,0,-3,3
36,No,Travel_Frequently,1149,Sales,26,-1,Medical,-4,1224,3,Female,83,2,-1,Sales Executive,5,Married,4535,4903,4,Y,No,15,1,-4,80,4,13,7,2,12,5,4,-3
39,No,Travel_Frequently,948,Research & Development,23,1,Medical,5,1046,8,Female,81,1,1,Manufacturing Director,5,Single,10883,5083,-3,Y,Yes,16,4,4,83,-1,19,1,-2,16,6,-1,6
57,No,Travel_Rarely,685,Research & Development,2,5,Life Sciences,1,1249,3,Male,87,-2,6,Research Director,6,Married,17776,23470,7,Y,No,18,0,-1,75,-2,34,0,0,6,7,-2,5
27,No,Travel_Frequently,155,Research & Development,-1,-1,Medical,-3,679,5,Female,67,7,5,Research Scientist,2,Divorced,2080,22649,5,Y,No,20,2,-2,80,-1,0,-3,1,-1,-1,-3,0
25,No,Travel_Rarely,136,Sales (Modified),5,-2,Other,1,881,7,Male,97,3,5,Sales Executive,-4,Married,4195,14359,3,Y,Yes,18,4,8,76,-4,2,5,-2,4,1,3,-1
34,No,Travel_Rarely (Modified),223,Sales,1,6,Medical (Modified),-4,374,7,Male,97,0,2,Sales Executive,0,Married (Modified),6497,22829,6,Y,No,16,1,-3,83,2,10,8,7,2,8,-4,1
37,No,Travel_Frequently,667,Research & Development,-1,2,Medical,-2,1187,4,Male,96,3,0,Healthcare Representative,0,Single,5343,25758,1,Y,No,20,1,4,75,-4,16,5,0,10,6,3,12
31,No,Travel_Rarely,1233,Research & Development,9,4,Life Sciences,-4,63,8,Male,34,7,-3,Laboratory Technician,8,Married (Modified),2271,4893,4,Y,No,18,0,8,79,-4,-3,3,0,-4,1,-2,0
42,No,Travel_Frequently,778,Sales (Modified),19,4,Life Sciences,3,751,0,Male,51,5,2,Sales Executive,7,Married,6806,23678,4,Y,No (Modified),14,6,-2,81,-1,10,1,1,4,-1,-2,5
40,No,Travel_Rarely,263,Research & Development,10,0,Medical,4,958,3,Male,57,0,5,Laboratory Technician,2,Single,4719,3120,6,Y,Yes,11,1,5,81,-3,22,7,5,13,13,-2,17
31,No,Travel_Frequently,651,Research & Development,8,8,Technical Degree,2,1594,7,Male,89,0,4,Healthcare Representative,5,Married,5058,15331,3,Y,No,15,3,6,76,-2,6,4,6,10,3,4,4
24,Yes,Travel_Rarely,105,Research & Development,28,-2,Life Sciences,0,22,3,Male,54,6,0,Laboratory Technician (Modified),6,Single,2023,12944,7,Y,Yes,11,-1,-2,78,-3,2,6,3,2,-3,-3,2
55,No,Travel_Frequently,132,Research & Development,13,0,Medical,0,1034,5,Male (Modified),62,3,0,Healthcare Representative,2,Married,6388,12990,0,Y,Yes,17,0,2,79,5,17,4,2,7,6,6,6
47,No,Travel_Rarely,1320,Research & Development,31,0,Medical,-1,195,0,Male,82,5,0,Research Scientist,7,Single,3453,9754,9,Y,No,8,0,1,77,3,6,2,1,3,7,4,5
36,No,Non-Travel,1107,Research & Development,24,7,Medical,-3,1041,8,Female,64,7,1,Laboratory Technician,1,Single,4026,11136,10,Y,No,9,-1,2,84,-1,5,4,-2,9,9,10,6
18,No (Modified),Travel_Rarely,654,Sales,20,5,Marketing (Modified),5,1227,2,Male,43,2,-4,Sales Representative,2,Single,2676,5045,5,Y,No,13,2,5,81,4,6,-2,2,6,2,-2,1
34,No (Modified),Travel_Rarely,129,Sales,2,-3,Marketing,-1,1123,8,Male (Modified),32,2,-2,Sales Executive,0,Single,7351,20614,6,Y,No (Modified),17,7,-2,80,2,10,2,-1,5,-4,4,-2
28,Yes,Non-Travel,1476,Sales,7,3,Other,-4,627,-1,Male,61,2,5,Sales Executive,6,Married,4708,23910,5,Y,No,14,0,5,83,-3,4,-3,6,5,3,1,0
33,No,Travel_Rarely,1351,Research & Development (Modified),-4,-1,Life Sciences,2,1577,-3,Male,41,3,1,Research Scientist,4,Married (Modified),5486,13008,11,Y,No,19,4,1,79,4,9,4,-3,6,2,0,3
21,Yes,Non-Travel,501,Research & Development,9,2,Medical,0,1252,-4,Female,91,-2,3,Research Scientist,-1,Single,1859,6148,4,Y,Yes,24,8,-3,82,0,-2,2,-1,-1,2,3,-4
34,No,Travel_Frequently (Modified),562,Research & Development,-2,6,Other,-1,1427,5,Male,89,3,-1,Research Scientist,1,Divorced,3000,20279,2,Y,No,13,7,1,76,-1,6,5,7,8,0,4,6
31,No,Travel_Rarely,1399,Research & Development,12,8,Medical,0,2006,0,Male,50,4,-1,Research Scientist,1,Single,5099,18701,-2,Y,No,22,4,6,77,1,8,5,0,10,10,-5,12
30,No,Travel_Rarely,1239,Research & Development (Modified),-3,-1,Life Sciences,-4,54,-1,Female,28,-1,0,Laboratory Technician,5,Divorced,2338,19717,-2,Y,No,12,-1,1,76,0,1,10,0,-4,0,-5,-1
23,Yes,Travel_Rarely,1452,Sales,2,5,Technical Degree,1,549,0,Female,66,6,1,Sales Representative (Modified),0,Single,3202,21967,3,Y,Yes,19,7,-2,80,-3,9,2,-2,2,1,1,4
32,No,Travel_Frequently,874,Research & Development (Modified),6,3,Medical,4,275,7,Male,47,1,2,Research Scientist (Modified),2,Divorced,3812,5970,3,Y,Yes,12,5,8,82,2,5,6,4,8,0,-2,0
31,No,Travel_Rarely,820,Research & Development,7,-1,Life Sciences,1,1553,5,Female,63,0,-3,Research Scientist,1,Married,5879,15622,1,Y,No,7,5,-1,77,-3,8,5,2,9,2,-1,8
26,Yes (Modified),Travel_Rarely,994,Research & Development,5,1,Technical Degree,0,298,2,Male,87,4,1,Research Scientist (Modified),3,Single,2061,19758,4,Y,No,11,3,-1,81,0,10,3,-1,1,0,4,3
45,Yes,Travel_Rarely,1358,Sales,17,-3,Marketing,-1,248,1,Female (Modified),66,6,5,Sales Representative,2,Single,3144,21732,-4,Y,Yes,20,1,8,84,1,4,2,0,1,4,-3,2
39,No,Travel_Rarely,884,Sales,2,8,Life Sciences (Modified),-1,979,3,Male,95,4,7,Sales Executive,1,Divorced,7827,6816,1,Y,No,15,3,-3,83,-2,11,0,5,5,9,-1,4
45,No (Modified),Non-Travel,110,Research & Development,14,1,Life Sciences,1,1206,5,Male,72,-2,2,Research Scientist (Modified),1,Single (Modified),2285,4282,6,Y,No,8,-2,7,84,4,2,-1,7,2,-3,-4,2
35,No,Travel_Frequently,768,Sales,24,-1,Life Sciences,5,1811,0,Male,78,3,5,Sales Executive,8,Divorced,4125,19186,5,Y,No,17,1,7,75,1,11,3,5,0,5,2,3
48,No,Travel_Rarely,1331,Research & Development,1,6,Other,1,1634,8,Female,57,3,1,Manufacturing Director,7,Divorced,5770,5390,2,Y,No,17,4,0,80,6,6,0,-2,13,11,4,6
53,No,Non-Travel (Modified),144,Human Resources,29,2,Human Resources,-4,144,2,Female,31,8,6,Manager,8,Single,17330,13874,-1,Y,Yes,14,0,3,81,4,24,7,-2,6,5,8,8
31,No,Travel_Frequently,491,Research & Development,13,2,Life Sciences,-4,1141,3,Female,64,3,3,Research Scientist,1,Divorced,3295,17942,3,Y,No,12,-2,6,76,5,7,3,5,11,7,0,5
22,No,Travel_Rarely,992,Research & Development,2,-2,Life Sciences,0,684,5,Female,75,2,3,Laboratory Technician,5,Married,2655,17760,4,Y,Yes,13,5,2,77,1,4,5,7,-1,4,3,3
33,No,Travel_Rarely,1281,Research & Development (Modified),27,5,Life Sciences,2,497,2,Male,54,7,-2,Research Scientist,6,Single,2197,18171,4,Y,No,14,5,2,75,-1,10,7,-1,1,0,0,4
48,Yes,Travel_Rarely (Modified),1167,Sales,20,1,Life Sciences (Modified),-3,1967,-4,Male,67,1,0,Sales Executive,1,Single,10447,5839,10,Y,Yes,15,0,3,75,2,19,4,1,4,2,2,-1
25,No,Travel_Rarely,1342,Sales,24,-1,Technical Degree,-2,665,-1,Male,49,4,-3,Sales Representative,3,Single,3448,24442,0,Y,No,11,0,0,79,1,6,0,-1,-2,-2,-3,5
34,No,Non-Travel,1108,Research & Development,28,5,Life Sciences,-3,414,-1,Female,50,3,0,Laboratory Technician,2,Married,5677,6927,10,Y,No,19,2,4,80,-1,7,-2,7,12,8,-2,10
52,No,Travel_Rarely,1242,Research & Development,19,6,Life Sciences,4,634,7,Male,57,4,7,Research Director,0,Divorced,19503,2122,-3,Y,Yes,15,1,2,84,0,31,5,-2,26,7,-3,5
22,No (Modified),Travel_Rarely,1101,Research & Development,16,0,Life Sciences,3,1247,5,Male,40,5,-2,Research Scientist,-2,Married,2234,14375,1,Y,Yes,15,0,-1,77,-1,10,0,1,8,11,9,7
35,No,Travel_Frequently,713,Research & Development,5,0,Medical (Modified),2,1630,5,Female,78,5,4,Manufacturing Director,3,Single,5046,3143,4,Y,No,11,-2,8,78,1,7,5,-1,8,0,3,7
26,No,Travel_Rarely,568,Sales,4,1,Marketing,-1,455,5,Female,33,3,-2,Sales Executive,2,Divorced,6118,5435,5,Y,No,10,3,1,82,4,13,1,7,14,5,2,3
39,No,Travel_Rarely,936,Research & Development,26,2,Life Sciences,2,840,4,Male,95,7,1,Manufacturing Director,-2,Married,4432,11806,-1,Y (Modified),No,9,7,-1,83,-3,7,0,-1,12,8,10,8
37,No,Travel_Rarely,671,Research & Development,8,6,Medical,-4,1582,1,Female,52,1,4,Healthcare Representative,2,Single,6143,4222,-2,Y,Yes,20,1,6,83,1,9,2,2,9,3,3,2
46,No,Travel_Frequently,1426,Sales,4,0,Life Sciences,2,1847,-4,Male,95,6,4,Sales Executive,0,Married,5674,19245,0,Y,No,23,2,0,78,-2,8,5,0,10,6,2,4
49,No,Non-Travel (Modified),1165,Research & Development,-4,1,Medical (Modified),-2,1996,5,Female,101,2,3,Research Director,4,Married,11960,17234,-2,Y,No (Modified),14,3,3,75,-2,15,-1,0,10,10,3,7
47,No,Travel_Rarely,1483,Sales,0,8,Marketing,-2,66,-2,Female,78,0,6,Sales Executive,0,Divorced (Modified),5456,4012,1,Y,Yes,19,4,5,83,-2,8,6,0,8,0,-1,7
21,No,Travel_Rarely,395,Research & Development,13,-1,Life Sciences,0,26,4,Male,93,2,4,Research Scientist,4,Single,1232,19276,2,Y,No,13,4,1,79,3,2,5,4,-1,-1,0,4
41,No,Travel_Rarely (Modified),1463,Research & Development,16,6,Life Sciences,5,1471,6,Male,50,5,-4,Research Scientist (Modified),4,Single,3421,21153,1,Y,No,9,3,3,82,-5,10,0,-1,8,-1,2,-2
39,No,Non-Travel,1250,Sales,21,7,Life Sciences,3,1926,5,Female,33,3,-2,Sales Executive,0,Married,5740,3991,6,Y,No,19,4,2,80,-3,12,0,1,4,2,-4,3
26,No,Travel_Rarely,693,Research & Development,3,-1,Technical Degree,1,427,3,Male,89,1,-3,Research Scientist,8,Married,4817,10077,-2,Y,Yes,7,7,2,79,-2,8,5,6,6,1,-5,5
33,Yes,Travel_Rarely,602,Sales,6,-1,Marketing,-4,1161,2,Female,74,4,1,Sales Executive,2,Single (Modified),8221,18380,-4,Y,Yes,21,-2,3,80,-4,7,6,0,5,6,-4,6
42,No,Travel_Rarely,1315,Research & Development,9,2,Medical,-1,1607,3,Female (Modified),33,6,1,Research Director,2,Divorced,19048,3552,-3,Y,Yes,12,7,7,79,0,27,0,6,26,3,3,9
47,No,Non-Travel,140,Sales,3,2,Life Sciences,5,1041,7,Female,91,-2,3,Sales Executive,1,Married (Modified),6344,24917,-2,Y,No,10,1,-3,84,1,17,-1,1,13,11,2,13
37,No,Travel_Rarely,1221,Sales,7,7,Life Sciences,1,1957,3,Female,55,2,0,Sales Executive,2,Married,5203,13581,4,Y,Yes,12,0,0,79,3,7,6,5,8,4,-1,5
36,No,Travel_Rarely,725,Sales,-3,8,Marketing,0,1832,-1,Female,74,3,6,Sales Representative,4,Married,5403,4246,1,Y,Yes (Modified),21,8,3,80,4,19,6,-3,6,3,-2,-1
46,No (Modified),Travel_Rarely,560,Sales,1,2,Life Sciences,2,1603,4,Male,60,2,0,Manager,-4,Single,17571,3153,5,Y,No (Modified),19,2,5,82,3,26,1,-3,24,-2,-3,7
35,Yes,Travel_Rarely,1165,Sales,-2,0,Medical,5,440,-1,Female,37,4,5,Sales Executive,2,Married,5237,17773,2,Y,Yes,14,5,4,79,-3,7,2,1,-1,0,-5,-2
43,No,Travel_Rarely,1220,Research & Development,8,1,Life Sciences,0,1863,0,Male,92,6,5,Research Director,-1,Married,19663,13581,-1,Y,No,7,2,4,76,0,32,0,-1,20,13,11,13
54,No,Travel_Frequently,333,Research & Development,21,0,Medical,4,1535,-2,Male (Modified),84,-1,1,Research Director,3,Single,14406,24454,-2,Y,Yes,8,3,8,83,2,29,1,1,32,9,14,4
32,Yes,Travel_Rarely,325,Research & Development,27,-2,Medical,2,1600,4,Male,55,5,1,Laboratory Technician,6,Married,2410,7323,2,Y,Yes,14,1,2,83,1,4,0,1,2,0,-5,3
23,No,Travel_Rarely,770,Sales,31,2,Medical,5,616,5,Male,41,4,6,Sales Executive,3,Divorced,4309,4270,1,Y,No,11,2,-3,75,6,8,2,1,1,0,-2,-1
26,Yes,Travel_Rarely,1447,Research & Development,11,7,Medical,-1,394,-2,Male,47,0,3,Laboratory Technician,-2,Divorced,2371,14179,-1,Y,Yes,15,6,-1,81,-2,7,3,7,0,0,3,1
23,Yes,Travel_Rarely,1445,Research & Development,12,2,Medical,-2,392,-4,Male,48,6,5,Laboratory Technician (Modified),-1,Divorced,2369,14184,6,Y,Yes,13,4,3,76,1,8,-3,3,-1,0,1,5
58,No,Non-Travel (Modified),385,Research & Development,3,3,Life Sciences,0,426,6,Male,33,1,0,Healthcare Representative,2,Divorced,5658,17056,-3,Y,Yes,11,3,4,78,-3,12,-3,-2,1,2,-1,5
50,No (Modified),Travel_Rarely,279,Research & Development,9,-2,Life Sciences,-2,1021,-3,Male,95,4,-2,Healthcare Representative,-2,Single,4244,13122,4,Y,No,16,1,0,76,-5,18,-3,-1,-1,-2,-3,-3
18,Yes (Modified),Travel_Frequently,641,Sales,6,2,Marketing,2,2027,0,Male,29,0,-4,Sales Representative,1,Married,1786,26957,4,Y,No,14,0,-1,81,-3,4,3,0,3,2,-3,-2
27,No,Non-Travel,589,Sales,4,2,Life Sciences,-2,1326,7,Female,60,-1,2,Sales Executive (Modified),2,Divorced,9853,8934,3,Y,Yes,23,6,0,81,1,5,9,1,8,4,12,7
36,No,Travel_Rarely,663,Research & Development,10,2,Other,3,137,0,Female,39,-1,-2,Research Scientist,-1,Single,4813,12481,-2,Y,No,18,5,3,79,3,19,7,1,19,9,1,13
34,No,Travel_Rarely (Modified),333,Sales,16,4,Marketing,5,1440,5,Female,101,0,-3,Sales Executive,3,Married,5650,13489,4,Y,No,13,-2,2,82,3,14,4,-3,1,-1,0,-3
39,No,Travel_Rarely,1296,Research & Development,26,1,Medical,3,10,5,Male,97,5,5,Healthcare Representative,7,Married,5232,16577,6,Y,No,13,0,1,80,-1,13,5,4,4,3,11,4
43,No,Travel_Rarely,1189,Research & Development,0,5,Medical,1,2055,0,Female,93,1,4,Research Scientist,3,Married,2000,12553,-3,Y,No,17,-1,-1,80,-1,18,3,4,0,0,3,2
39,No,Travel_Rarely (Modified),227,Sales,7,5,Medical,-3,380,7,Male,96,5,-2,Sales Executive (Modified),3,Married,6502,22821,1,Y (Modified),No,12,2,1,82,4,10,0,-1,4,3,-3,3
23,No,Travel_Rarely,946,Research & Development,-1,5,Technical Degree,4,1410,5,Male,78,0,4,Laboratory Technician,2,Married,3229,4909,5,Y,No,15,6,3,82,1,11,5,-1,2,6,-3,1
48,No,Travel_Rarely,821,Sales,-3,-4,Marketing,-3,716,6,Male,51,1,-3,Sales Executive,0,Married,8119,18601,0,Y,No,10,6,1,75,-4,11,1,7,-2,0,1,6
28,Yes,Travel_Frequently,334,Sales,29,-1,Marketing (Modified),-4,297,2,Female (Modified),48,5,1,Sales Executive,-1,Single (Modified),6693,22966,8,Y,No,17,0,-2,78,4,8,4,0,1,6,2,-2
41,No,Travel_Rarely,547,Research & Development (Modified),-2,5,Life Sciences,0,2009,2,Male,79,2,0,Laboratory Technician,-1,Married,2410,4063,9,Y,No,20,2,0,84,0,3,3,6,1,-1,-5,3
41,Yes (Modified),Travel_Frequently,428,Research & Development,-2,0,Medical,2,1796,3,Male,102,5,1,Research Scientist,-3,Divorced,2346,11088,-1,Y,Yes,11,1,-2,83,1,9,0,1,8,0,3,3
40,No,Travel_Rarely,601,Research & Development,11,7,Medical (Modified),3,1288,4,Female,78,5,-2,Research Scientist,-2,Married,2368,5623,2,Y,Yes,17,3,-1,79,0,18,-3,4,-1,-1,-5,0
39,No,Travel_Rarely,532,Sales,8,5,Marketing,-2,1295,1,Female,53,6,1,Sales Executive (Modified),1,Single,10231,20364,3,Y,No,13,-2,8,80,-1,27,3,5,24,5,12,19
29,No,Non-Travel,1370,Sales (Modified),6,7,Life Sciences,5,1773,1,Male,87,0,3,Sales Executive (Modified),0,Divorced,3999,12313,4,Y,Yes,15,2,6,79,4,11,7,6,12,9,-2,9
29,No,Travel_Frequently,1016,Research & Development,3,6,Life Sciences,-2,863,0,Male,79,5,-2,Research Scientist,2,Divorced (Modified),3765,2376,6,Y,No,15,1,-2,84,-1,10,3,5,0,1,3,4
28,No,Travel_Frequently (Modified),897,Human Resources,8,6,Medical,2,1743,5,Male,54,0,0,Human Resources,4,Married,2140,2093,-5,Y,No,11,0,1,79,2,-2,-1,2,0,2,-2,-2
22,Yes,Travel_Rarely,951,Sales,3,5,Marketing,4,396,0,Male,45,5,-3,Sales Executive,6,Single,5824,8447,0,Y,Yes (Modified),10,-2,2,83,2,3,-2,1,3,8,6,8
33,No,Travel_Rarely,479,Research & Development,10,6,Medical,0,1580,-4,Male,37,6,0,Research Scientist,1,Single,2968,22059,0,Y,No,15,-2,3,81,-1,-2,4,0,-2,2,-4,2
58,No,Travel_Rarely,1113,Sales,16,3,Life Sciences,4,599,1,Female,79,-1,1,Manager,-2,Single,16838,9877,6,Y,No,21,3,8,80,-3,37,4,7,7,12,5,7
63,No,Travel_Rarely,1091,Sales (Modified),1,-3,Technical Degree,-4,1046,4,Male,63,2,6,Manager,8,Married,11907,11039,4,Y,Yes,12,5,6,82,-1,10,-2,-2,10,7,3,4
27,No,Travel_Rarely (Modified),993,Research & Development,6,0,Life Sciences,0,688,-2,Female (Modified),67,7,-2,Laboratory Technician,8,Married,2658,17756,-2,Y (Modified),Yes,11,-2,4,78,3,2,5,6,-2,0,-1,3
57,No,Travel_Rarely,839,Research & Development,4,0,Medical (Modified),5,85,2,Female,30,7,-1,Manager (Modified),5,Divorced,14759,19734,0,Y,Yes,16,-2,-2,82,-1,17,4,-1,6,4,3,0
49,No,Travel_Rarely,1398,Sales,-1,4,Marketing,2,1203,-1,Female,67,2,5,Manager,-2,Married,17043,24097,10,Y,No,20,5,0,83,0,31,4,0,28,17,13,13
35,No,Travel_Rarely,189,Research & Development,8,5,Other,-4,949,-1,Male,63,1,3,Research Scientist,7,Single,4680,23294,6,Y (Modified),No,20,7,1,83,0,12,10,-1,1,-2,2,2
50,No,Travel_Rarely,97,Research & Development,27,6,Life Sciences (Modified),2,904,4,Female,72,5,8,Research Director,7,Single,14277,20206,5,Y,No (Modified),15,0,3,79,-4,28,3,1,16,13,-2,3
33,No,Travel_Rarely,128,Sales,-3,2,Marketing,3,1129,3,Male,30,2,-2,Sales Executive,6,Single,7350,20618,5,Y,No,17,1,4,84,2,11,2,0,-1,0,3,0
35,No,Travel_Frequently,464,Research & Development,7,0,Technical Degree,-2,1257,0,Male,41,7,0,Research Scientist,2,Married,3691,9252,2,Y (Modified),No,9,0,-2,81,-4,10,6,2,12,6,0,4
27,Yes,Travel_Rarely,1446,Research & Development,17,0,Medical,-4,389,-2,Male,40,-2,2,Laboratory Technician,0,Divorced,2375,14183,-2,Y,Yes,10,7,2,84,-1,4,6,7,-1,5,-3,-3
25,No,Travel_Rarely,1234,Research & Development,-3,6,Life Sciences,4,870,4,Male (Modified),32,4,-2,Manufacturing Director,6,Married,4779,19148,6,Y,No,26,2,2,76,6,5,-3,-2,-2,1,2,6
38,Yes,Travel_Rarely,803,Human Resources,1,0,Human Resources,0,134,5,Male,66,4,1,Human Resources,4,Divorced,2071,23644,6,Y,Yes,25,1,-1,76,-5,6,5,1,1,0,0,1
33,No,Travel_Rarely,1029,Research & Development,17,4,Life Sciences,3,1529,6,Female,89,6,7,Healthcare Representative,-3,Single,8603,21194,4,Y,No,21,1,4,80,2,15,-2,5,9,10,6,-2
44,No (Modified),Travel_Rarely,1329,Research & Development,4,-1,Other,-1,1633,4,Female,59,-2,3,Manufacturing Director,4,Divorced,5772,5390,3,Y,No,18,1,2,84,1,12,4,1,9,9,-2,10
31,No,Travel_Rarely,863,Sales,0,-1,Medical,-4,1473,2,Male,88,6,1,Sales Executive,1,Single,8467,23490,-2,Y,No,15,4,8,75,0,1,1,1,2,-1,3,0
47,No,Travel_Rarely,784,Research & Development,7,0,Other,-2,660,1,Male,48,-3,2,Research Director,4,Divorced,16630,2670,5,Y,Yes,14,1,0,84,-4,23,-1,0,5,1,4,4
38,No,Travel_Rarely,758,Sales,-3,3,Marketing,-1,515,6,Female,41,6,3,Sales Executive (Modified),-1,Divorced,5713,22551,2,Y,No (Modified),13,-1,4,79,-3,5,5,7,7,6,4,1
20,Yes,Travel_Frequently,600,Sales,-4,2,Technical Degree,-2,233,2,Female,102,5,3,Sales Representative,-4,Single,2328,20992,-1,Y,No,16,3,3,77,-4,2,2,2,2,1,4,-2
50,No (Modified),Travel_Rarely,1178,Human Resources,21,8,Life Sciences,5,1623,0,Female,96,2,3,Manager,4,Married,19659,5215,7,Y,No,15,3,2,76,1,25,-2,3,0,-3,4,0
54,Yes,Travel_Rarely,287,Research & Development,4,7,Life Sciences,-4,822,2,Male,35,-1,9,Research Director,1,Single,19246,25758,10,Y (Modified),Yes,9,1,1,79,-3,44,5,2,32,14,17,5
38,No,Travel_Rarely,630,Sales,-2,-2,Life Sciences,-3,388,6,Male,102,3,6,Sales Executive,5,Married,4911,24534,-4,Y,No,29,2,-1,79,-3,15,7,6,16,15,10,4
30,No,Travel_Rarely,740,Sales,30,3,Life Sciences,2,1382,-1,Male,51,4,6,Sales Executive,3,Married,4722,24231,-2,Y,No,7,-1,3,77,2,2,4,-1,0,1,4,8
36,No,Travel_Rarely (Modified),1315,Research & Development,22,2,Technical Degree,1,1265,3,Female,90,0,-4,Research Scientist,1,Married,2583,21639,3,Y,No,14,3,7,79,-2,3,0,2,3,2,-3,-3
27,Yes,Travel_Rarely (Modified),352,Human Resources,13,-1,Human Resources,0,1848,-1,Male,54,2,5,Human Resources,1,Divorced,2333,3155,2,Y,Yes,12,5,-1,78,7,1,-1,5,-1,6,1,-1
36,No,Travel_Rarely (Modified),1117,Sales (Modified),13,4,Marketing,-3,2040,4,Female,103,1,1,Sales Executive,4,Married,6648,14370,7,Y (Modified),No,12,3,5,77,5,10,1,-1,5,2,3,2
31,No,Non-Travel,1286,Sales (Modified),5,0,Marketing,0,1760,4,Female,64,-2,-3,Sales Executive,-3,Single,5151,10692,3,Y,No,10,0,0,84,-5,16,0,6,14,8,-3,8
25,No,Travel_Rarely,205,Research & Development,3,1,Technical Degree,-3,192,6,Female,80,2,2,Research Scientist,1,Divorced (Modified),3204,10419,4,Y,No,11,5,6,77,-1,4,1,-2,-2,3,1,2
23,No,Travel_Rarely,435,Research & Development,18,4,Medical (Modified),-1,216,5,Male,41,4,5,Research Scientist,8,Married (Modified),2711,6672,-2,Y,No,6,6,5,84,-3,2,4,-3,2,2,3,-3
29,No,Travel_Rarely,132,Research & Development,0,5,Life Sciences,1,1950,-4,Male,88,5,-3,Healthcare Representative,1,Married (Modified),5371,6220,-4,Y,No,11,3,-4,84,-1,4,6,0,5,-1,2,-2
22,No,Travel_Rarely,1348,Research & Development,27,-1,Life Sciences,-2,558,5,Female,85,1,5,Research Scientist,1,Divorced (Modified),2885,3032,0,Y,No,20,1,-3,83,3,2,5,-4,3,-2,1,1
34,Yes (Modified),Travel_Rarely,358,Human Resources,15,6,Human Resources,4,1846,8,Male,88,6,1,Human Resources,2,Married,2959,21495,3,Y,No,20,5,7,77,-1,-3,5,4,5,-3,-4,0
45,No,Travel_Rarely,1093,Research & Development,-1,3,Technical Degree,-4,429,1,Female,90,0,4,Healthcare Representative,6,Single,13964,17810,4,Y,Yes (Modified),8,4,0,84,3,25,1,6,10,1,1,4
48,No,Travel_Rarely,1231,Sales,7,6,Life Sciences,-4,1040,3,Female,85,7,6,Manager,5,Married,17654,5402,-1,Y,No,11,-2,6,76,0,21,7,3,10,-2,2,1
55,No,Travel_Rarely,1286,Research & Development,9,0,Other,0,32,5,Female,54,2,5,Manager,7,Divorced,19093,10736,6,Y,No,9,5,1,81,3,27,2,2,11,16,0,11
37,No,Travel_Frequently,1209,Human Resources,-3,-3,Human Resources,2,1892,6,Male,91,1,5,Human Resources,2,Single,3885,4227,-3,Y,No (Modified),16,-1,7,83,3,14,-3,6,11,2,-4,5
29,No,Travel_Rarely,262,Research & Development,0,7,Medical,3,1298,4,Female,36,4,-4,Research Scientist,4,Single,2092,18828,2,Y (Modified),No,15,-1,6,84,-2,-2,4,2,4,1,6,-4
29,No,Non-Travel,971,Research & Development,3,3,Medical,-3,1946,5,Male,45,0,4,Research Scientist (Modified),-3,Divorced (Modified),3067,3990,0,Y,Yes,16,0,6,78,2,1,0,1,0,3,-2,-1
28,No,Travel_Frequently,409,Research & Development,3,3,Life Sciences,0,1510,2,Female,96,2,5,Laboratory Technician,6,Married,3175,4669,0,Y,No,17,7,2,84,2,5,0,0,6,-2,-1,5
33,Yes,Travel_Rarely,199,Research & Development,11,2,Life Sciences,-3,1431,1,Female (Modified),37,0,4,Research Scientist,0,Single (Modified),1264,22260,3,Y,No,7,3,6,82,-1,2,-2,1,-3,-4,-5,0
32,Yes,Travel_Rarely,414,Sales (Modified),1,1,Marketing,2,1861,-1,Male (Modified),77,4,4,Sales Executive,5,Single,9909,26182,3,Y,Yes,11,1,4,78,3,11,2,1,5,-3,5,4
52,No,Travel_Rarely,531,Sales,30,1,Medical (Modified),5,476,1,Female (Modified),91,-2,-2,Manager,-1,Married,12502,23979,5,Y,No,19,1,0,75,-3,16,4,-2,4,0,0,4
36,Yes,Travel_Rarely,373,Research & Development,23,2,Life Sciences,4,910,-3,Male (Modified),85,6,0,Laboratory Technician,2,Single,2791,18019,1,Y,Yes (Modified),28,4,4,83,-5,0,1,2,3,1,-5,-1
23,No,Non-Travel,898,Sales,6,1,Medical,-1,487,-3,Male,36,1,-1,Sales Representative,2,Single (Modified),2614,2846,-2,Y,No,20,6,6,81,-5,3,-2,1,1,2,2,5
39,No,Non-Travel,1256,Sales,23,6,Medical,5,901,-1,Male,29,-1,6,Sales Executive,1,Single,7643,4813,0,Y,Yes,15,-1,8,80,4,9,-2,-2,9,4,3,8
48,No,Travel_Frequently,1027,Sales,5,0,Medical,-4,2060,7,Male,64,-3,5,Sales Executive,-3,Married,5393,13241,-1,Y,No,18,2,8,81,-5,21,2,4,13,6,4,9
54,No,Travel_Frequently,1054,Research & Development,8,-1,Medical,2,1522,6,Female,82,2,-1,Manager,1,Divorced,16034,24453,1,Y,No,15,-1,-2,84,1,24,1,1,14,11,0,7
33,No,Non-Travel,1494,Research & Development,-2,3,Technical Degree,4,208,5,Male,43,0,3,Manufacturing Director,5,Married,4315,26281,-2,Y,No,11,0,5,82,0,8,-4,3,10,3,-2,13
27,No,Travel_Rarely,945,Research & Development,-4,-2,Technical Degree,1,1418,5,Male,77,2,1,Laboratory Technician (Modified),2,Married,3232,4913,-1,Y,No,6,3,5,84,-1,9,0,-2,6,2,1,4
32,No,Travel_Frequently,575,Research & Development,17,-3,Medical,-2,1850,5,Male,39,1,1,Laboratory Technician,8,Married,3815,6998,-3,Y,No,13,5,2,77,3,9,-2,5,10,9,1,5
34,No,Travel_Rarely,973,Research & Development,3,3,Medical,2,1670,2,Male,43,-2,2,Research Scientist,-2,Divorced,5474,25513,-2,Y,No,13,-1,5,83,6,13,3,1,5,3,2,4
41,No (Modified),Travel_Rarely,1038,Sales,11,7,Marketing,1,323,1,Female (Modified),80,1,2,Manager,4,Married,16060,7741,9,Y,Yes,26,0,7,79,2,23,6,4,18,11,5,5
36,No,Travel_Rarely,989,Research & Development,5,-2,Medical,5,1566,4,Male,72,3,-1,Laboratory Technician (Modified),-2,Single,2453,21731,-2,Y,No,23,2,3,81,-3,-2,-1,-2,4,-1,1,2
47,Yes,Travel_Frequently,1092,Sales,7,0,Life Sciences,-2,1711,4,Male,82,-1,8,Sales Executive,6,Married,12931,24164,5,Y,No,15,7,-2,79,-1,29,3,2,20,9,18,11
46,No,Travel_Frequently,633,Research & Development (Modified),4,4,Medical (Modified),4,120,0,Male,38,4,-1,Healthcare Representative,5,Married,10671,3145,4,Y,Yes,15,7,3,80,4,16,5,-1,5,11,5,4
26,Yes,Travel_Frequently,667,Sales,1,2,Life Sciences,-2,1430,4,Female (Modified),45,-3,-4,Sales Representative,-2,Single,1357,16154,0,Y,No,16,-2,5,77,1,1,-1,2,0,-5,-5,-2
33,No,Travel_Frequently,1136,Sales,1,5,Life Sciences,2,50,0,Female (Modified),46,3,3,Sales Executive,-1,Married,5375,3190,6,Y,No,14,0,0,82,4,5,5,-1,8,-2,3,7
36,No,Travel_Rarely,1297,Research & Development,24,1,Medical,2,14,2,Male,91,4,-2,Healthcare Representative,5,Married,5236,16580,3,Y,No,15,6,-1,80,-3,20,4,0,11,2,5,7
37,No (Modified),Travel_Rarely,618,Research & Development,1,2,Life Sciences,4,657,1,Female,80,1,6,Healthcare Representative,6,Married,4088,5720,4,Y,No,15,3,-2,81,2,10,0,2,9,0,5,-1
37,No (Modified),Travel_Rarely,1319,Sales,5,1,Life Sciences,-3,1999,3,Male (Modified),82,6,-1,Sales Executive,-3,Married,4444,7639,0,Y,No,15,5,-4,79,1,15,5,1,16,12,1,6
35,No,Travel_Rarely,436,Human Resources,5,4,Human Resources,4,1150,0,Male,35,2,-4,Human Resources,0,Married,2846,6007,-3,Y,No (Modified),9,-1,1,83,2,10,-3,7,9,5,9,-2
55,No,Travel_Rarely,369,Research & Development (Modified),-4,-1,Medical,-4,1694,0,Male,89,2,4,Healthcare Representative (Modified),2,Divorced,10885,20462,0,Y,No,17,6,-2,84,-3,23,-3,0,3,-4,-5,0
36,No (Modified),Travel_Rarely,399,Research & Development,4,1,Medical (Modified),5,97,5,Male,27,1,7,Research Director,2,Single,13663,25259,1,Y,No,9,7,-2,82,-5,17,6,4,6,4,4,2
48,No,Travel_Rarely,866,Sales,8,5,Marketing,-4,899,-2,Male,74,6,1,Sales Executive,8,Married,11833,22791,4,Y,No,11,4,3,76,-2,31,0,6,4,0,4,-1
48,Yes,Travel_Frequently (Modified),426,Research & Development,4,3,Medical,3,1787,-1,Male,100,2,2,Research Scientist,-3,Divorced,2337,11096,2,Y,Yes,7,-1,6,81,2,10,2,0,2,6,6,4
57,No,Travel_Frequently,1241,Research & Development,12,3,Medical,5,1070,-1,Female,65,6,-3,Research Scientist,6,Married,2940,12151,-1,Y,No,18,6,5,80,-2,13,1,6,3,7,4,-2
29,No,Travel_Rarely,350,Human Resources (Modified),8,1,Medical,4,1863,1,Male,85,-1,-4,Human Resources (Modified),-3,Married,2807,15432,-4,Y,No,10,-1,0,83,0,0,6,0,-3,-3,-3,-3
28,Yes,Travel_Rarely,1015,Research & Development,28,1,Medical,2,1106,4,Male,56,6,-4,Research Scientist (Modified),-3,Single,2316,2993,3,Y,Yes,20,3,2,80,2,9,-2,1,0,4,2,2
41,No,Non-Travel,1335,Human Resources,4,2,Human Resources,-2,1806,1,Male,98,7,3,Human Resources,-2,Divorced,2590,7126,9,Y,No,14,4,8,80,2,11,-1,2,6,13,0,4
47,Yes,Travel_Rarely,626,Research & Development (Modified),-4,6,Life Sciences,0,62,-4,Male (Modified),97,6,0,Laboratory Technician,0,Single,5380,19294,9,Y,Yes,11,3,0,82,4,22,-3,-1,-1,0,0,-1
46,No,Non-Travel,921,Research & Development,20,5,Medical (Modified),-3,265,7,Female,40,6,-2,Manufacturing Director,3,Divorced,5264,16440,4,Y,No,16,-1,6,81,0,7,8,7,1,6,-4,0
42,No,Travel_Rarely (Modified),1430,Research & Development,5,4,Medical (Modified),1,334,3,Female,99,5,1,Laboratory Technician,6,Divorced,2230,15420,4,Y,No,17,3,-1,83,7,7,-1,-1,7,6,1,5
39,No,Travel_Rarely,396,Sales,13,-1,Marketing,1,889,-2,Male,98,-2,-1,Sales Representative,-2,Married,2903,12106,-3,Y,No,21,5,-1,75,4,-1,-1,5,6,6,3,2
29,No,Travel_Frequently,496,Research & Development,6,-3,Medical,1,385,-3,Male,62,5,5,Healthcare Representative,0,Married,4738,22718,-2,Y,Yes,13,0,5,81,-1,8,4,5,0,-1,-1,1
36,Yes (Modified),Travel_Rarely,1208,Sales,5,6,Technical Degree,0,1099,1,Male,88,5,2,Sales Executive,2,Single (Modified),9578,10331,-3,Y,Yes,22,1,-1,81,-5,9,2,4,11,2,5,2
31,No,Travel_Rarely (Modified),578,Research & Development,24,7,Life Sciences,3,1543,0,Male,45,4,3,Manufacturing Director,1,Single,4321,24152,-1,Y,No,17,5,2,83,-3,6,1,7,4,1,-2,-2
36,No,Non-Travel,1153,Research & Development,6,7,Life Sciences,3,290,3,Male,61,2,-3,Healthcare Representative,7,Married,4876,14237,5,Y,No (Modified),17,-1,1,82,4,7,9,4,-1,-1,-1,6
35,No,Travel_Frequently,1186,Research & Development,3,-1,Life Sciences,0,1663,2,Male,88,-2,-2,Research Scientist,-1,Married,4737,9870,10,Y,No,17,6,5,83,5,14,3,5,8,13,1,12
36,No,Travel_Rarely,164,Research & Development,7,-1,Life Sciences,2,2013,0,Female,46,2,7,Research Director,6,Married,13748,15467,1,Y,Yes,29,2,5,78,5,18,1,3,19,8,3,10
25,Yes,Travel_Rarely,1446,Sales,1,3,Technical Degree,4,552,5,Female,62,0,3,Sales Representative,6,Single,3206,21970,0,Y,Yes,13,6,1,84,2,5,4,1,3,0,-3,7
31,No,Travel_Frequently,881,Research & Development,8,4,Medical,2,277,2,Male,40,3,1,Research Scientist,2,Divorced (Modified),3811,5973,1,Y,Yes,17,0,0,78,-4,7,0,5,8,1,5,1
44,No,Travel_Rarely,529,Sales,4,2,Marketing,-1,1290,1,Female,55,5,-1,Sales Executive,0,Single,10226,20359,2,Y,No,13,1,-1,77,3,23,0,4,22,3,10,13
25,No,Travel_Rarely,175,Research & Development,-1,-2,Medical,5,853,5,Male,64,7,2,Research Scientist,-3,Single,3422,21629,10,Y,No,8,5,7,76,1,6,1,4,8,2,-5,-1
28,Yes,Travel_Frequently,887,Research & Development,1,6,Medical,2,844,4,Female,92,5,5,Research Scientist,0,Married (Modified),2361,20899,0,Y,Yes,9,-1,0,84,-2,3,4,3,6,8,2,9
53,No (Modified),Travel_Rarely,526,Research & Development,10,3,Other,4,943,-4,Female (Modified),50,4,3,Laboratory Technician,-2,Married,7401,22472,0,Y,No,12,4,5,82,1,32,1,3,25,11,-2,2
33,No,Travel_Frequently,519,Research & Development,-3,1,Life Sciences,0,68,2,Female,93,-1,-2,Research Director,5,Single,13460,15143,-3,Y,Yes,7,3,7,78,1,11,1,3,10,16,11,9
48,No,Travel_Rarely (Modified),559,Sales,0,4,Life Sciences,-2,1600,7,Male,54,0,4,Manager,2,Single,17562,3152,1,Y,No,14,3,4,82,-2,24,8,2,25,1,3,9
40,No,Travel_Rarely,1462,Sales,1,4,Medical,1,1585,4,Male,37,6,1,Sales Executive,1,Married,8241,4653,2,Y,No (Modified),6,1,2,81,-1,11,-1,2,2,6,5,10
25,No (Modified),Travel_Rarely,1067,Research & Development,4,-3,Medical,0,1017,7,Male,34,7,3,Manufacturing Director,7,Married,5471,3332,0,Y,No,12,5,-2,75,4,3,0,7,7,8,3,4
34,No,Travel_Rarely,1219,Research & Development,12,7,Technical Degree,-4,78,5,Female,55,5,5,Healthcare Representative,-2,Divorced,10094,8206,-1,Y,No,12,-2,-3,79,-2,12,-3,2,17,13,7,6
25,No (Modified),Travel_Rarely,1345,Sales,17,4,Technical Degree,4,664,-2,Male,49,0,5,Sales Representative (Modified),7,Single,3445,24439,-1,Y,No,7,4,3,76,4,5,-1,2,5,-3,-3,3
45,No (Modified),Travel_Rarely,1093,Research & Development,1,6,Technical Degree,-2,435,2,Female (Modified),94,6,8,Healthcare Representative,-2,Single (Modified),13968,17813,9,Y,Yes,10,1,-1,83,-1,23,2,-2,8,1,3,2
50,No,Travel_Rarely,272,Research & Development,4,3,Life Sciences,1,1026,1,Male,92,2,2,Healthcare Representative,5,Single,4235,13120,0,Y,No,9,0,1,81,-5,18,3,3,5,-2,5,-3
31,No,Travel_Rarely,557,Research & Development,16,6,Life Sciences,3,1613,-1,Female,74,0,2,Manufacturing Director,1,Married,4663,12421,7,Y,Yes,10,1,1,77,0,10,5,6,0,6,0,-2
36,Yes,Travel_Rarely,809,Research & Development,9,7,Medical,3,322,3,Male,61,-2,1,Laboratory Technician,3,Married,2440,22148,6,Y (Modified),Yes,16,-1,1,77,-3,12,-2,5,8,1,2,8
37,No,Travel_Rarely (Modified),1466,Sales,3,0,Medical,-4,1591,1,Male (Modified),39,2,1,Sales Executive,7,Married,8236,4660,-2,Y,No,9,7,0,80,2,9,5,2,6,8,8,2
40,No,Travel_Rarely (Modified),1174,Research & Development,9,8,Life Sciences,1,480,5,Female,50,1,0,Laboratory Technician,1,Married,2211,22497,5,Y,Yes,14,4,4,78,-1,6,7,6,7,6,-4,5
40,Yes,Travel_Rarely,314,Research & Development,7,2,Medical,-2,90,7,Male,80,-1,-3,Research Scientist,-1,Married,3392,21780,-4,Y,Yes,12,2,4,82,0,2,-4,2,1,-4,1,-4
37,No,Travel_Frequently,1395,Research & Development,25,0,Medical,-4,203,-3,Female (Modified),55,2,3,Research Scientist,2,Divorced,5602,8503,-2,Y,No,13,1,0,75,-3,20,-1,3,24,4,-2,16
37,No,Travel_Rarely,1210,Research & Development,4,3,Medical,2,106,5,Male,29,2,-1,Research Scientist,2,Single,2859,26277,-2,Y,No,18,6,-4,83,2,1,1,2,7,1,-3,8
17,No,Non-Travel,1428,Research & Development,11,2,Medical,-1,1842,5,Female (Modified),31,2,0,Research Scientist,0,Single,1517,8014,-1,Y,No (Modified),18,-1,0,83,1,4,4,5,-5,3,-4,-4
40,No,Travel_Rarely (Modified),930,Sales (Modified),3,3,Life Sciences,3,861,-3,Male,59,-2,-2,Sales Executive,0,Married,6202,2821,4,Y,Yes,9,6,8,81,1,20,4,2,22,18,0,11
46,No,Travel_Rarely,1272,Sales,3,0,Life Sciences,0,1736,5,Male,70,5,6,Sales Executive,3,Divorced,10372,5597,3,Y,Yes (Modified),10,0,1,81,3,15,2,2,7,10,-5,-2
16,No,Travel_Rarely,643,Research & Development,4,6,Life Sciences,2,1188,4,Male,52,0,5,Research Scientist,0,Single,2549,7169,1,Y,No,25,3,-2,80,3,3,1,2,0,-2,-1,-2
29,Yes,Travel_Rarely,519,Research & Development,5,-2,Life Sciences,4,328,-1,Male,63,0,-1,Laboratory Technician,6,Single,3729,9573,4,Y,Yes,11,2,5,76,4,5,0,4,-1,4,2,2
33,Yes,Travel_Rarely (Modified),1281,Research & Development,10,2,Medical,1,582,-3,Male,60,4,5,Manager,6,Married,13610,24615,5,Y,Yes,14,7,3,83,3,11,-3,0,2,7,11,7
32,No,Travel_Rarely,1287,Research & Development,26,-2,Life Sciences,-2,494,4,Male,53,3,1,Research Scientist,1,Single,2205,18170,9,Y,No,14,-2,-1,81,2,2,6,1,-1,4,1,-3
58,No,Travel_Frequently,1218,Research & Development,18,3,Life Sciences,4,1841,5,Male,85,-2,3,Research Director,-1,Married,15789,21619,5,Y,Yes,14,1,2,75,-4,27,6,1,-2,-1,-1,4
44,No,Travel_Rarely,230,Sales,4,6,Life Sciences,0,1529,4,Female,54,5,-1,Manager,2,Married,16602,11379,12,Y,No,7,-2,1,79,3,27,2,4,16,13,1,-2
47,No,Travel_Rarely,490,Sales,0,-1,Technical Degree,-1,364,-2,Female,75,2,2,Manager,-1,Married,16868,14980,5,Y,Yes,10,2,5,78,4,24,4,2,11,4,6,2
28,No,Non-Travel,282,Human Resources (Modified),0,-1,Life Sciences,1,1857,5,Male,41,4,2,Human Resources,8,Divorced,2704,10494,-2,Y,No (Modified),18,2,1,79,0,2,4,4,7,3,-3,2
53,No,Travel_Rarely,1375,Sales,5,4,Medical (Modified),-2,980,-1,Male,42,5,0,Manager,-1,Divorced,14848,13941,10,Y,No,13,1,3,79,-3,18,1,3,15,12,19,3
33,No,Travel_Rarely,1356,Sales,14,5,Life Sciences,-2,1476,4,Male,100,3,4,Sales Executive (Modified),3,Married,5299,2940,10,Y,No,12,7,4,77,6,4,4,5,2,5,1,1
42,No (Modified),Travel_Frequently,470,Research & Development,12,7,Life Sciences,0,840,4,Male,47,-1,-3,Healthcare Representative,-1,Divorced,6286,4288,-3,Y,No,11,2,2,82,1,11,5,5,6,2,3,-3
37,No,Travel_Rarely,1319,Sales,2,7,Life Sciences (Modified),-1,1998,3,Male,83,7,3,Sales Executive,-1,Married,4443,7639,0,Y,No,12,6,3,83,6,12,3,3,16,14,4,10
61,No,Travel_Rarely,139,Research & Development,-2,3,Life Sciences,4,308,0,Male,72,1,-1,Research Scientist,2,Married,2173,8455,2,Y,No,19,4,-2,77,-1,6,8,0,3,4,4,-4
34,No,Travel_Rarely,1397,Sales,6,3,Life Sciences (Modified),0,1166,1,Female,72,0,4,Sales Executive,-2,Married,5716,5829,-1,Y (Modified),No,19,2,5,81,3,7,4,5,3,9,-1,7
37,No,Travel_Rarely,930,Research & Development,12,2,Life Sciences,3,199,3,Male,92,7,1,Laboratory Technician,-4,Married,2240,6962,3,Y,No,16,3,3,77,-3,9,3,4,0,-1,4,2
29,No (Modified),Travel_Frequently,1143,Sales,5,7,Life Sciences,5,56,1,Female (Modified),40,-1,-1,Sales Executive,2,Married,5380,3190,6,Y,No,18,2,-2,84,6,10,2,5,5,5,4,0
40,Yes,Travel_Rarely (Modified),658,Research & Development,16,7,Other,2,1052,-3,Male,78,3,-3,Laboratory Technician (Modified),2,Divorced (Modified),4836,7858,2,Y,No,13,1,-3,75,0,11,3,2,-1,-3,-2,-1
28,No,Travel_Frequently,1121,Sales,3,7,Marketing,4,1829,4,Female (Modified),67,2,1,Sales Executive,0,Married,9634,8279,-2,Y,No,11,-2,1,77,1,7,-2,1,4,2,-1,5
50,Yes,Travel_Rarely,1184,Sales,15,-2,Marketing,2,836,2,Female,40,7,1,Sales Executive,-1,Married,7649,5863,-2,Y,No,21,1,4,77,-1,11,5,7,9,9,6,5
52,No,Travel_Rarely,1227,Research & Development (Modified),11,5,Life Sciences,2,1863,1,Male,90,-3,4,Research Director,-3,Married,19667,13587,-1,Y (Modified),No,15,4,8,81,3,24,1,3,22,5,11,13
33,Yes,Travel_Rarely,322,Research & Development,12,6,Medical,4,94,2,Male,78,2,5,Research Scientist,4,Married,3390,21779,-3,Y,Yes,19,6,-4,82,4,1,-4,3,-1,-4,1,-1
32,No,Travel_Rarely (Modified),197,Research & Development,1,0,Technical Degree,-3,192,1,Female,88,1,0,Research Scientist,5,Divorced,3207,10412,4,Y,No,15,1,8,76,-1,6,1,0,-2,6,6,3
36,No,Travel_Rarely,1336,Sales,12,-1,Life Sciences,4,1058,7,Female,84,4,-1,Sales Representative (Modified),-1,Married,2223,18408,-3,Y (Modified),Yes (Modified),21,-1,4,78,-3,-3,0,7,-1,-3,-4,-3
44,No,Travel_Rarely,505,Research & Development,10,2,Technical Degree,4,1086,-2,Female,45,1,-2,Research Scientist,1,Married,3375,18862,-4,Y,No,15,4,1,81,-2,11,4,-2,7,8,-2,4
25,Yes,Travel_Rarely,1327,Research & Development,21,6,Medical,-1,1110,5,Male,40,5,-2,Laboratory Technician (Modified),2,Divorced,2372,19377,0,Y,No,19,-1,2,79,-3,-1,0,6,-4,-2,-3,-2
56,Yes,Travel_Rarely,437,Sales,-3,3,Medical,5,840,5,Male,39,2,-2,Sales Executive,0,Single,5158,21514,5,Y,No,12,5,7,80,-3,16,-1,5,8,11,3,0
31,No,Travel_Rarely,1298,Research & Development,23,4,Other,-2,1620,7,Male,69,-1,1,Laboratory Technician,-3,Divorced,4070,16285,2,Y,No,14,-2,-3,83,1,11,6,7,11,8,-3,3
29,No,Travel_Rarely,887,Sales,29,0,Medical,2,782,0,Female,30,1,-3,Sales Executive,5,Single (Modified),6175,22806,-1,Y (Modified),No,26,0,1,84,-3,4,1,4,8,2,2,0
33,No,Travel_Rarely,826,Research & Development,0,0,Life Sciences,5,1558,-1,Female,63,4,-3,Research Scientist,3,Married (Modified),5877,15625,2,Y,No,10,7,-3,80,5,9,0,-2,11,3,-2,8
32,No,Travel_Rarely,1124,Sales (Modified),11,6,Marketing,0,2046,3,Female,97,0,1,Sales Executive,4,Married,6650,14364,7,Y,No,14,6,2,77,0,11,-2,6,10,0,1,-4
17,Yes,Travel_Frequently,868,Research & Development (Modified),10,0,Life Sciences,1,133,6,Female,61,2,-4,Laboratory Technician,2,Single,2923,19783,3,Y (Modified),Yes,20,2,0,76,-3,3,9,3,5,-2,-1,3
30,Yes,Travel_Frequently,702,Sales,-2,1,Life Sciences,1,1374,2,Female,85,1,1,Sales Representative,4,Single,2788,11882,4,Y,No,13,2,1,82,-5,-2,6,6,-4,3,2,-2
42,No,Travel_Rarely,173,Research & Development,2,0,Medical,0,1622,1,Male,79,4,5,Laboratory Technician,1,Divorced (Modified),3065,10298,-1,Y (Modified),No,17,-1,6,84,-2,10,7,1,9,10,-3,11
54,No,Travel_Rarely,1314,Research & Development,3,2,Life Sciences,0,502,-2,Female,100,2,7,Manager,8,Single,16659,23253,0,Y,Yes,8,1,0,83,3,26,4,1,6,7,5,-2
36,No,Travel_Rarely,871,Research & Development,6,-1,Medical,3,1939,0,Male,89,3,-3,Manufacturing Director (Modified),-1,Married,5153,12313,2,Y,No (Modified),29,7,2,78,-1,9,1,6,10,-3,9,5
61,No (Modified),Travel_Frequently,1211,Research & Development,12,8,Life Sciences,-3,1835,5,Male,89,3,1,Research Director,7,Married,15790,21619,1,Y (Modified),Yes,16,6,3,83,-1,26,-2,5,-3,5,1,5
47,No,Travel_Rarely,769,Human Resources,2,4,Life Sciences,-4,1349,1,Male,86,1,8,Manager,0,Divorced,14022,17587,-1,Y,Yes,6,4,-2,75,-1,37,3,7,33,7,4,9
47,No,Travel_Rarely,1263,Sales,2,-2,Life Sciences,-1,240,7,Female,30,3,-2,Sales Executive,-1,Divorced,5008,6323,5,Y,Yes,9,0,5,76,2,10,6,1,6,8,0,3
31,No,Travel_Rarely,1330,Sales,30,3,Life Sciences (Modified),1,1213,3,Male,64,0,-3,Sales Executive,3,Divorced,4119,13193,9,Y (Modified),No,17,2,5,84,-1,9,7,5,3,6,-5,5
47,No,Travel_Rarely,809,Research & Development,19,4,Life Sciences,5,1651,1,Female,45,6,1,Research Director,0,Divorced,13265,21976,6,Y,No,10,5,3,76,6,16,1,0,12,9,3,14
32,No,Travel_Rarely,974,Research & Development,-3,-2,Medical,4,1672,4,Male,41,3,2,Research Scientist,3,Divorced,5467,25520,0,Y,No,9,2,2,77,-3,9,6,-3,8,9,1,6
43,No,Travel_Rarely,113,Research & Development (Modified),8,5,Medical,-1,428,6,Male,100,6,3,Manager,-3,Married,17065,5353,-2,Y,Yes,15,7,2,75,-2,23,-1,5,22,12,14,10
25,No (Modified),Travel_Rarely,945,Research & Development,16,2,Life Sciences,1,1197,1,Female,71,5,-3,Research Scientist (Modified),-1,Married,2170,26932,1,Y,Yes,14,5,-3,79,4,3,-2,1,0,5,0,-1
37,No (Modified),Non-Travel,1036,Research & Development,-3,6,Life Sciences,-4,142,5,Male,104,0,-3,Healthcare Representative (Modified),-1,Divorced,5163,15848,3,Y,No,16,4,-1,81,-3,15,2,5,-1,4,-1,2
36,No,Travel_Rarely (Modified),398,Sales,12,5,Marketing,-1,896,4,Male,101,1,0,Sales Representative,-2,Married,2902,12103,-4,Y,No,19,-1,1,80,2,-2,3,7,3,5,5,1
41,No,Travel_Rarely,1117,Research & Development,0,-1,Life Sciences,-4,1243,5,Female,73,6,2,Research Scientist,-1,Married,2007,19983,2,Y,No,8,-1,8,79,4,14,6,7,5,6,4,2
46,No,Travel_Rarely,1150,Human Resources,9,6,Human Resources,-4,1410,-2,Female,31,3,6,Manager,-1,Married (Modified),16798,16615,-4,Y,No,11,3,4,80,-3,16,8,7,17,11,1,6
45,No,Travel_Rarely,1469,Research & Development,19,6,Medical,-1,949,8,Male,46,2,0,Research Scientist,1,Married,2257,5545,4,Y,No,15,-1,2,83,1,11,5,1,0,2,-3,1
28,No,Travel_Rarely,387,Sales,-3,6,Medical,-3,1666,8,Male,91,2,6,Sales Executive,4,Divorced,5509,3920,2,Y,No,18,3,2,77,1,2,8,6,10,0,-5,8
26,Yes,Travel_Rarely,1449,Sales,5,5,Technical Degree,-2,551,3,Female,57,-2,4,Sales Representative,1,Single,3206,21968,5,Y,Yes,18,3,3,77,-1,3,6,2,9,-2,-4,1
22,No,Travel_Rarely,1123,Research & Development,22,-2,Life Sciences,3,149,5,Male,51,-1,-3,Laboratory Technician,2,Married,2769,13252,-1,Y,No,13,7,6,75,0,5,4,1,9,7,-2,1
31,No,Travel_Rarely,203,Research & Development,10,3,Life Sciences,-4,1157,1,Male,53,-2,-1,Research Scientist,5,Married,2540,7947,-4,Y,No,14,0,1,82,4,6,2,2,7,-1,2,0
35,No,Travel_Frequently,879,Research & Development,22,1,Medical,-4,2057,-1,Male,45,1,-1,Laboratory Technician,0,Married,2567,12294,2,Y,No,20,4,7,83,-4,21,6,3,4,6,-5,7
40,No,Travel_Rarely (Modified),1119,Research & Development,3,3,Life Sciences,2,1241,-4,Female,74,-1,-4,Research Scientist,1,Married,2010,19978,5,Y,No (Modified),11,1,4,78,0,12,9,0,9,0,11,9
37,No,Non-Travel,665,Research & Development,8,-1,Other,4,1444,1,Male,81,5,1,Laboratory Technician,4,Divorced,3977,23096,2,Y,No,7,-1,-2,83,2,14,-2,0,10,3,1,2
31,No,Travel_Rarely,141,Research & Development,21,4,Life Sciences,1,573,7,Male,42,-4,0,Laboratory Technician,4,Single,4227,19228,-4,Y,No,17,6,1,78,-1,3,-3,-2,0,6,4,-2
33,Yes (Modified),Travel_Rarely,121,Sales,15,4,Marketing,4,820,5,Female,70,5,0,Sales Executive,5,Single,5320,26504,6,Y,No,17,4,4,79,0,7,1,2,-2,-2,-4,2
37,No,Travel_Rarely,915,Research & Development,6,5,Medical,4,698,0,Male,46,4,6,Manufacturing Director (Modified),0,Divorced,8844,13938,3,Y,Yes,8,2,0,80,2,15,-3,2,5,6,-2,4
39,No (Modified),Non-Travel,1255,Sales,18,5,Life Sciences,2,1926,-4,Female,30,-1,5,Sales Executive (Modified),-2,Married,5733,3985,6,Y,No,14,3,6,75,5,6,1,-2,6,2,4,6
39,No,Travel_Rarely,573,Research & Development (Modified),14,-2,Life Sciences,0,805,6,Female,78,5,4,Research Scientist,2,Divorced,2779,19907,-5,Y,Yes,11,3,0,82,2,2,0,2,1,-2,0,6
28,Yes,Travel_Frequently,1497,Sales,5,5,Technical Degree (Modified),0,1483,-2,Male,91,6,2,Sales Representative,1,Married,2910,15749,6,Y (Modified),No,16,-1,1,81,1,6,-2,1,4,3,-4,6
33,No,Non-Travel,1100,Research & Development,21,2,Life Sciences (Modified),5,422,3,Female,46,1,1,Laboratory Technician,3,Married,5672,6931,2,Y,No,17,2,3,77,-4,10,1,2,6,7,-1,7
26,No,Travel_Frequently,1123,Sales,3,1,Marketing (Modified),2,1836,0,Female (Modified),64,0,1,Sales Executive,-3,Married,9637,8272,-2,Y,No,12,-1,2,81,0,11,-2,7,7,-3,0,1
43,No,Travel_Rarely,1494,Sales,16,0,Life Sciences,-4,1386,1,Male,41,1,1,Sales Executive,2,Married (Modified),6124,3568,-1,Y,Yes,11,1,6,82,6,6,2,7,2,0,-4,5
29,No,Travel_Rarely,851,Sales,12,-1,Marketing,4,1182,3,Male (Modified),72,-2,4,Sales Executive,-1,Married,6582,2706,-4,Y,No,17,1,3,83,5,13,6,-2,8,4,-1,4
42,No,Travel_Rarely,324,Research & Development,0,8,Life Sciences,-4,1358,0,Male,89,6,0,Laboratory Technician,3,Married (Modified),2384,6762,2,Y,No,20,8,7,81,-1,7,4,0,5,5,0,3
26,Yes,Travel_Frequently,449,Sales,16,6,Life Sciences,-1,649,2,Male,70,-2,4,Sales Representative,0,Married,2033,14472,5,Y,No,14,0,4,82,-4,4,3,7,5,1,3,-1
49,No (Modified),Non-Travel,251,Research & Development,26,4,Life Sciences,-4,1003,5,Male,39,0,1,Laboratory Technician,1,Married,3635,14034,-3,Y,Yes,11,4,4,83,-1,7,-3,1,10,7,1,11
28,No,Travel_Frequently,578,Research & Development,19,-2,Medical,5,1853,2,Male,37,-1,-2,Laboratory Technician,3,Married,3812,7005,-2,Y,No (Modified),12,5,0,84,-2,10,-1,2,6,6,6,10
28,No,Travel_Frequently,1132,Research & Development,19,3,Life Sciences,3,1865,6,Female,75,-2,-3,Research Scientist,-4,Married,4775,23845,-3,Y,No,19,3,6,81,0,4,-2,2,2,10,9,3
31,No,Travel_Rarely,408,Research & Development,13,2,Life Sciences,-2,490,3,Male,44,5,-3,Research Scientist,-3,Single,2661,7548,-1,Y (Modified),Yes (Modified),20,-1,6,81,3,2,0,-1,-2,-2,6,0
46,No (Modified),Travel_Rarely,189,Research & Development,11,6,Life Sciences,-2,207,1,Male,57,2,0,Laboratory Technician (Modified),-3,Divorced,2352,10901,10,Y,No,13,4,0,77,4,23,0,2,19,7,-1,11
41,Yes,Travel_Frequently,804,Research & Development,18,5,Technical Degree,1,1770,6,Male,39,5,1,Research Scientist,1,Married,2441,15586,7,Y,Yes,13,3,8,76,4,5,2,4,-4,0,2,-5
27,No (Modified),Non-Travel,1186,Research & Development,1,1,Life Sciences,-2,946,1,Female,73,-1,5,Laboratory Technician,4,Married,2328,3971,8,Y,No,22,8,-1,83,-1,8,1,6,7,0,-3,-3
20,No (Modified),Travel_Rarely,313,Human Resources,2,-1,Human Resources,3,1987,7,Female,84,-1,-3,Human Resources (Modified),-1,Married,2185,19657,-1,Y,No,14,3,0,77,3,3,-2,5,2,-4,0,0
42,No,Travel_Rarely,198,Research & Development,3,1,Life Sciences,-1,513,5,Female,95,5,1,Laboratory Technician,5,Divorced (Modified),2571,20494,-1,Y,No,12,-1,4,75,-2,5,4,3,5,-2,-2,0
47,No,Travel_Rarely,1322,Research & Development,9,1,Life Sciences,-4,810,8,Female,80,-2,3,Laboratory Technician,6,Married (Modified),3153,21817,5,Y,No,15,4,2,83,-2,4,4,6,9,4,3,7
28,No,Travel_Rarely,882,Sales,27,-3,Medical,5,777,7,Female,30,7,3,Sales Executive,6,Single,6177,22802,-3,Y,No,24,-1,-2,78,-4,4,1,-1,6,5,-2,5
38,No,Travel_Frequently,1220,Research & Development,1,-1,Life Sciences,-3,531,3,Male,51,7,7,Manager,-2,Divorced,19201,8211,-3,Y,Yes,12,-1,0,79,2,21,1,2,17,4,3,7
40,No,Travel_Rarely,122,Sales,4,-1,Life Sciences,0,310,1,Male,74,0,2,Sales Executive,7,Divorced,10613,9643,4,Y,No,13,4,1,80,-1,18,7,-1,14,7,5,13
30,No,Travel_Frequently,592,Research & Development,3,-1,Medical (Modified),-4,1649,7,Male,88,2,-2,Research Scientist,2,Single,2577,6299,6,Y,No,8,3,4,84,-3,4,0,2,0,-3,-4,0
39,No (Modified),Travel_Rarely,217,Research & Development,1,-1,Medical (Modified),-2,179,-2,Male,82,0,1,Manufacturing Director,-1,Divorced,4940,2817,5,Y,No,15,6,3,78,6,3,-4,7,-1,4,4,3
34,No,Travel_Rarely,134,Research & Development,4,-1,Life Sciences,-4,237,6,Male,89,1,5,Research Scientist (Modified),6,Single,2502,10511,0,Y (Modified),No,9,5,4,80,-1,7,2,2,3,4,4,5
39,No (Modified),Travel_Rarely,937,Research & Development,1,0,Medical,2,956,5,Male,76,4,3,Laboratory Technician,-1,Single,2514,12286,8,Y,No,18,-1,7,84,-4,11,5,5,14,3,3,9
39,No,Travel_Frequently,761,Sales (Modified),22,7,Life Sciences,2,1811,0,Male,81,0,5,Sales Executive,0,Divorced,4124,19188,-1,Y,No,13,5,0,82,-2,9,5,1,6,-3,2,2
34,No,Travel_Rarely (Modified),329,Research & Development,2,-1,Life Sciences,3,499,7,Female,95,5,2,Research Scientist,7,Married,2547,11864,4,Y,No,16,6,-2,83,3,7,-1,4,-3,-1,3,1
41,No,Travel_Rarely,525,Research & Development,5,2,Life Sciences (Modified),-2,1346,-2,Male,96,6,3,Research Scientist,8,Single,4656,22459,0,Y,No,8,7,0,81,3,11,6,-2,13,8,9,7
19,No,Travel_Rarely,569,Research & Development (Modified),9,6,Other,-2,1980,5,Male (Modified),80,6,2,Laboratory Technician,8,Single,2648,13671,0,Y,No,13,3,1,84,0,9,1,6,7,-3,-3,-1
30,No,Travel_Rarely,219,Sales,1,2,Marketing (Modified),-2,1046,-1,Male,75,5,1,Sales Executive,8,Divorced,9726,12281,-3,Y,No,13,0,2,83,0,12,2,4,10,-2,3,13
24,No (Modified),Travel_Rarely,1147,Sales,12,-3,Medical,-1,1052,4,Male,73,6,4,Sales Representative,1,Married,1053,23383,-1,Y,No,19,-1,-2,83,0,-1,5,4,0,1,-5,0
43,No,Travel_Rarely,1236,Sales (Modified),7,-3,Life Sciences,4,1044,5,Female,91,0,1,Manager,-1,Married,17654,5408,2,Y,No,8,6,6,77,-4,24,5,2,7,3,2,2
35,No,Travel_Frequently (Modified),503,Research & Development (Modified),3,7,Technical Degree,4,344,7,Female,61,6,6,Healthcare Representative,-2,Single,10937,6419,1,Y,No,21,4,0,82,-3,24,-4,-1,18,8,14,8
29,Yes,Travel_Rarely,214,Sales,13,5,Life Sciences,3,1756,-4,Female,72,-2,6,Sales Executive (Modified),4,Single,8567,10087,5,Y,Yes,20,5,2,84,1,7,1,4,4,-5,-2,0
47,No,Travel_Rarely,569,Research & Development,9,1,Life Sciences,0,1974,1,Male,27,5,-2,Healthcare Representative,3,Married,7507,16873,2,Y (Modified),No,12,5,3,77,3,9,-1,1,13,10,-1,10
27,No,Travel_Rarely,687,Research & Development,-1,6,Life Sciences,3,348,4,Female (Modified),65,1,-1,Manufacturing Director,2,Married,4896,7505,-1,Y,No (Modified),9,2,5,82,-2,9,-2,2,3,-1,-4,5
36,Yes,Travel_Rarely,582,Research & Development,11,4,Medical,-3,586,-3,Male,33,2,0,Laboratory Technician,5,Divorced,3410,6703,5,Y,No,13,5,4,80,-1,12,-2,7,6,1,1,2
44,No,Travel_Rarely,1463,Research & Development,22,6,Life Sciences,-1,1471,3,Male,46,4,-1,Research Scientist,6,Single (Modified),3416,21158,-3,Y,No,15,1,5,79,-2,2,2,0,7,3,4,0
25,No,Travel_Rarely,580,Sales,6,4,Marketing,1,889,3,Male,91,-3,0,Sales Executive,-3,Married,4252,18151,-1,Y,No,9,7,3,79,3,1,-1,4,6,-3,2,3
25,No,Travel_Rarely,1473,Research & Development,4,-3,Medical (Modified),3,498,7,Male,83,0,-3,Laboratory Technician,4,Divorced,3811,17878,5,Y,No,6,7,0,76,1,6,3,7,5,-1,3,6
30,No,Travel_Frequently,649,Human Resources,10,-2,Life Sciences,-2,1287,-1,Male,57,-2,-3,Human Resources,0,Married,4493,21828,0,Y,No,12,7,3,77,1,14,5,3,14,6,-2,10
22,No,Travel_Rarely,511,Sales,1,1,Medical,0,1895,1,Female,92,8,-3,Sales Executive,3,Single,6497,26999,-5,Y,No,9,5,5,75,-4,7,8,-3,8,11,-3,4
28,Yes (Modified),Travel_Frequently,116,Sales,16,1,Technical Degree,-3,1486,5,Female,46,-2,-1,Sales Executive,5,Single,5763,17480,3,Y,No,12,-1,0,75,3,9,6,0,9,1,1,-4
29,No,Travel_Rarely,1397,Sales,7,0,Life Sciences,0,1163,-2,Female,71,6,-3,Sales Executive,0,Married,5710,5833,-1,Y,No,23,-1,-3,81,4,4,3,4,3,4,3,0
31,No (Modified),Travel_Rarely,615,Research & Development,4,1,Life Sciences,3,931,-1,Female,79,-2,0,Research Scientist,6,Single,2318,17808,2,Y,No,20,-2,4,83,1,5,2,0,-1,0,2,0
30,No,Non-Travel,531,Sales (Modified),13,-1,Life Sciences,-3,1681,7,Female,32,5,0,Sales Executive,6,Divorced (Modified),5364,16127,1,Y,Yes (Modified),21,4,7,77,-2,10,-1,-2,10,0,-3,4
37,No,Non-Travel,496,Research & Development,5,-1,Life Sciences,2,1329,6,Male,34,1,4,Manager,-1,Married,17860,26585,1,Y,Yes,9,-1,3,77,0,24,4,0,20,10,1,14
39,No,Travel_Rarely,297,Sales,24,4,Marketing,0,1063,2,Male,72,3,-1,Sales Executive,2,Married,8396,22216,-3,Y (Modified),No,10,0,-2,82,5,6,3,-1,4,4,4,2
29,No,Travel_Frequently,970,Sales,4,0,Life Sciences,5,1114,1,Female,27,3,2,Sales Executive,-2,Married,4304,13404,3,Y,No,20,7,0,77,-2,7,6,5,-1,-3,-1,-1
52,No,Travel_Frequently,1247,Human Resources,0,3,Medical,0,641,-3,Male,100,0,5,Manager,5,Married,18195,8002,-1,Y,No,6,3,-2,80,0,34,4,-1,27,7,7,3
37,No,Travel_Rarely,935,Research & Development,6,7,Life Sciences,3,203,7,Male,92,-1,3,Laboratory Technician,0,Married,2240,6961,0,Y,No,16,8,0,77,-1,10,-3,-1,8,-5,4,1
58,No,Travel_Rarely,716,Research & Development,-2,2,Life Sciences,0,1034,7,Female,66,4,1,Manufacturing Director,2,Single,13724,21830,3,Y,Yes,16,7,-3,77,-4,27,1,3,5,6,1,5
35,No,Travel_Frequently,426,Sales,4,1,Medical,-2,1481,8,Male (Modified),57,3,-3,Sales Executive,-3,Married,4373,17458,-5,Y,No,9,-2,5,78,-1,1,1,0,0,-2,2,-1
48,No,Travel_Rarely,703,Research & Development,-2,1,Life Sciences,1,260,3,Male,64,2,6,Manager,5,Married,20003,5675,0,Y,No,13,-2,-2,81,1,31,7,4,31,15,13,9
41,No,Travel_Rarely,338,Sales,-3,5,Life Sciences,-2,412,4,Male (Modified),92,-2,2,Manager,2,Single (Modified),16018,15896,3,Y,No,15,0,-1,76,1,19,4,3,18,7,-2,5
36,No,Travel_Rarely,904,Sales,4,2,Life Sciences,5,424,3,Male,95,0,-1,Sales Executive,-2,Married,5486,16980,-3,Y,No (Modified),15,1,6,75,0,11,7,-2,17,3,-1,4
34,Yes,Travel_Rarely,354,Sales,5,5,Marketing,-3,481,4,Female,29,0,-2,Sales Representative,-1,Single,2851,9149,-3,Y,Yes,12,0,4,80,0,3,2,6,3,0,-2,1
37,No,Travel_Frequently,906,Research & Development,27,-3,Medical,2,1176,1,Female,89,-3,-3,Research Scientist,6,Married,4420,21203,3,Y,Yes,16,1,-1,75,3,13,0,-3,5,-4,-1,-5
35,No (Modified),Travel_Rarely (Modified),119,Research & Development,9,6,Life Sciences,-1,226,4,Male,38,3,5,Research Scientist,-2,Single,3035,12430,-2,Y,No,16,3,-1,84,4,3,-1,0,2,2,-1,6
44,No,Travel_Rarely,884,Research & Development,16,3,Life Sciences,5,1629,-1,Female,81,6,7,Manufacturing Director (Modified),4,Married,10437,25798,0,Y,No,14,3,3,77,1,14,5,2,15,16,12,8
27,No,Travel_Rarely,614,Research & Development,12,5,Medical,-2,956,2,Female,42,7,-2,Healthcare Representative,6,Married,5856,17367,-3,Y,Yes,8,3,1,82,2,10,-2,-1,6,10,6,9
36,No,Non-Travel,893,Research & Development,5,1,Medical,-1,1662,3,Female,30,3,6,Manufacturing Director (Modified),5,Married (Modified),4375,15407,-4,Y,No,19,-1,2,80,1,1,3,3,-2,6,0,0
25,Yes,Travel_Frequently (Modified),1260,Research & Development,4,6,Life Sciences,1,1205,2,Male,44,-1,-2,Research Scientist,4,Married,2856,4222,2,Y,Yes,10,0,5,79,-3,3,1,3,-3,-2,1,-2
45,No,Travel_Frequently,455,Research & Development (Modified),21,8,Medical (Modified),2,1243,-2,Female (Modified),58,0,-2,Research Director,-4,Married,13189,23276,7,Y,Yes,18,0,1,82,2,16,1,1,4,1,-4,0
31,No,Travel_Rarely,1442,Sales,7,1,Technical Degree,2,1544,-3,Male,56,5,2,Sales Representative,1,Married,2310,4947,-1,Y (Modified),Yes,27,3,2,78,4,10,5,2,8,13,5,9
25,No,Non-Travel,877,Research & Development,7,1,Medical,-2,1301,1,Female (Modified),70,-2,6,Manufacturing Director,3,Single,4693,12855,11,Y,Yes,15,2,5,82,-4,13,1,5,6,0,-2,4
27,No,Travel_Frequently,1295,Research & Development,6,1,Life Sciences,4,1848,7,Female,48,6,-4,Laboratory Technician,2,Single,2376,19824,1,Y,Yes,11,0,2,76,4,4,-1,2,1,5,4,3
28,No,Travel_Rarely,979,Research & Development,3,5,Other,4,1990,1,Male,55,7,-1,Laboratory Technician,4,Divorced,3981,7301,6,Y (Modified),Yes,14,1,6,82,-1,3,4,-3,-2,5,1,3
41,No,Non-Travel,1145,Research & Development,5,3,Medical (Modified),0,487,0,Female,29,2,1,Manufacturing Director,6,Married,5260,16039,-1,Y (Modified),No,16,-2,1,84,-2,11,0,3,0,-4,-4,-3
30,No,Travel_Rarely,825,Human Resources,4,2,Human Resources,-3,848,6,Male,88,4,2,Human Resources,5,Married,3739,2241,1,Y,No,20,-2,6,78,0,6,-1,4,0,-1,-3,0
33,Yes,Travel_Rarely,203,Research & Development,10,-1,Life Sciences,-4,1436,-1,Female,36,2,4,Research Scientist,-3,Single,1259,22263,-2,Y,No,12,5,0,78,2,-2,7,5,3,4,-2,0
43,Yes,Travel_Rarely,303,Sales,23,8,Marketing,4,1321,3,Male,56,-1,4,Sales Executive,5,Single,9097,17231,5,Y,Yes,15,1,6,82,-3,11,-2,1,0,4,-3,4
42,No (Modified),Travel_Rarely,484,Sales,-3,2,Technical Degree,2,361,3,Female,74,-2,6,Manager,5,Married,16871,14979,1,Y,Yes,16,-1,-1,75,-3,29,5,-1,3,4,6,2
42,No,Travel_Rarely,1015,Research & Development,0,3,Medical,5,1608,7,Female,47,1,4,Laboratory Technician,0,Single,5768,23445,-4,Y,Yes,13,-2,-1,76,-4,11,-2,-2,14,4,-2,2
27,No,Travel_Rarely,621,Research & Development,6,4,Life Sciences,-3,932,-2,Female,75,2,4,Research Scientist,3,Single,2319,17807,-1,Y,No (Modified),21,6,-1,77,-2,5,2,-1,0,-2,-4,-3
42,No,Travel_Rarely,1175,Human Resources,30,0,Life Sciences,-4,1627,3,Female,101,2,4,Manager,2,Married,19661,5217,2,Y,No,8,7,1,81,-2,27,5,1,8,-3,-4,-3
32,No (Modified),Travel_Rarely,796,Sales,5,3,Marketing,-1,2011,3,Female,43,2,-1,Sales Executive,1,Married,10418,24034,1,Y,No,16,1,3,79,5,16,4,4,12,6,4,3
54,No,Travel_Rarely,830,Research & Development,1,2,Life Sciences,4,355,2,Male (Modified),95,6,-1,Research Scientist,-1,Married,2721,23234,-3,Y,No,13,-2,6,78,-4,-3,-1,4,-1,-5,-2,1
15,No,Non-Travel,290,Research & Development,8,0,Life Sciences,-3,1012,5,Male,69,4,-3,Research Scientist (Modified),5,Single,1053,13495,1,Y,No (Modified),13,6,8,79,4,0,0,2,2,4,4,1
48,No,Travel_Frequently,1292,Research & Development,3,5,Medical,-3,1921,2,Male,39,5,-3,Healthcare Representative,5,Single,5402,14507,7,Y,No,12,4,3,76,-3,8,7,5,0,3,-2,2
20,Yes,Non-Travel,508,Research & Development,13,-1,Medical,0,1247,3,Female,100,4,-4,Research Scientist,4,Single (Modified),1858,6144,5,Y,Yes,26,4,6,83,-3,-1,6,0,0,3,4,-1
31,No,Travel_Rarely,824,Human Resources,5,6,Human Resources,-1,851,-1,Male,83,6,3,Human Resources,0,Married,3740,2246,-3,Y,No,19,2,1,77,-2,8,1,-3,0,2,3,2
53,Yes,Travel_Frequently (Modified),785,Research & Development,4,0,Life Sciences,0,914,0,Male,53,3,5,Laboratory Technician,2,Divorced,2384,13384,4,Y,Yes,10,1,5,79,4,7,3,0,-4,-5,-4,4
33,No,Travel_Rarely,483,Research & Development (Modified),9,-2,Medical,2,525,-3,Female,30,5,-1,Manufacturing Director,4,Married,4308,4156,1,Y,No,10,2,3,83,-1,12,1,3,9,10,4,10
19,Yes,Travel_Rarely,1358,Research & Development (Modified),10,5,Medical,3,701,5,Male,27,6,4,Research Scientist,5,Single,1012,26999,-1,Y,Yes,14,5,4,76,4,3,1,-2,5,-2,-2,4
21,No,Travel_Rarely,812,Sales,11,4,Medical,2,408,6,Female (Modified),72,5,4,Sales Representative,5,Single,1195,9725,0,Y,No,9,-1,-4,84,-4,-2,3,1,0,-2,1,4
47,No (Modified),Travel_Rarely,1272,Research & Development,4,3,Medical,-4,43,-1,Female,75,-1,3,Research Scientist,2,Divorced,2642,21919,1,Y,No,7,5,-1,76,3,3,4,5,5,7,1,2
36,No (Modified),Travel_Rarely,328,Research & Development (Modified),-3,2,Life Sciences,2,1361,6,Male,89,2,-1,Laboratory Technician,-1,Married,2384,6765,2,Y,No,21,3,2,81,-3,9,0,7,4,0,-4,1
33,No,Travel_Frequently,306,Sales,3,2,Marketing,3,215,0,Female,71,2,-4,Sales Representative,-2,Married (Modified),2228,11310,1,Y (Modified),No,20,3,2,75,3,5,2,3,2,-2,-2,4
33,Yes,Travel_Rarely,766,Sales,19,1,Medical,5,1642,-4,Male,56,-2,2,Sales Executive,5,Divorced,5436,22101,10,Y,Yes,13,2,3,78,4,6,0,6,2,0,3,4
35,No,Travel_Frequently,113,Research & Development,8,-1,Other,-3,1230,-2,Female,77,-2,-1,Laboratory Technician,-2,Married,2742,7328,0,Y,No,24,5,1,81,0,4,3,-2,-2,3,0,3
48,No,Non-Travel,850,Sales,24,6,Life Sciences,0,1801,-2,Male,101,0,-2,Sales Executive,6,Single (Modified),7994,25162,10,Y,No,15,2,-2,84,-2,7,1,3,-1,0,3,1
47,No,Travel_Rarely,1004,Research & Development,11,-2,Life Sciences,-3,453,7,Female,39,1,2,Healthcare Representative,-2,Married,9987,9260,7,Y,No,11,0,-3,80,-2,7,3,5,-4,3,-2,-5
41,No,Travel_Rarely (Modified),401,Sales,1,3,Marketing,2,1122,3,Male,48,5,0,Manager,5,Married,17461,15596,4,Y,No,7,5,1,78,1,25,2,-2,16,10,-1,5
28,No,Travel_Rarely,1051,Research & Development,12,7,Medical,-4,1748,0,Female,69,7,5,Research Scientist,1,Single,3449,6156,-3,Y,No,11,7,1,80,4,8,0,-2,9,3,0,6
32,No,Travel_Rarely (Modified),1400,Sales,25,1,Life Sciences,-1,1558,-3,Female,99,1,2,Sales Representative,1,Married,2427,26202,-5,Y,No,25,7,3,83,4,8,3,0,0,-1,6,1
30,No,Travel_Rarely,935,Sales,4,2,Life Sciences (Modified),3,476,7,Male,52,5,1,Sales Executive,7,Married,5296,20155,5,Y,No,12,-1,-3,80,3,8,2,6,5,6,8,5
38,Yes,Travel_Rarely,758,Sales,18,0,Medical,-3,1647,5,Male,61,2,4,Sales Executive,4,Divorced,5438,22093,5,Y,Yes,15,-1,5,75,6,5,5,4,2,3,-2,-1
35,No,Travel_Frequently,564,Research & Development,4,1,Other,0,1432,1,Male,92,4,3,Research Scientist,3,Divorced,2991,20285,4,Y,No,13,1,-1,80,-3,7,1,7,5,0,5,2
45,No,Travel_Rarely,418,Sales,29,7,Medical,4,1079,0,Male,77,6,1,Sales Executive,0,Divorced,10797,5268,2,Y,No,13,3,6,80,-3,18,6,1,3,4,-3,2
49,Yes,Travel_Frequently,706,Sales,2,3,Medical,-4,1690,2,Female,99,-1,-1,Sales Representative,4,Married,2656,11741,-1,Y,Yes (Modified),8,6,7,82,2,14,1,5,8,5,6,6
38,No,Travel_Rarely,614,Research & Development,10,-2,Medical,0,2063,1,Male,41,-1,6,Healthcare Representative,2,Married,9987,21454,6,Y,No,19,1,2,83,4,6,0,4,3,4,3,3
29,No,Travel_Rarely,150,Research & Development,1,7,Life Sciences,5,2062,4,Male,87,0,2,Manufacturing Director,2,Married,6141,5172,-3,Y,Yes,24,1,1,83,5,7,-2,5,1,0,0,2
50,No,Travel_Rarely (Modified),574,Sales,16,6,Medical,3,1502,6,Female,81,1,-3,Sales Executive,7,Married,4590,24200,7,Y,Yes,17,0,5,77,3,8,1,2,9,5,-4,1
26,No,Travel_Rarely,1106,Research & Development,26,1,Life Sciences,-3,1124,-2,Female,92,1,5,Research Scientist,2,Divorced,2511,26968,5,Y,No,20,1,-3,78,4,8,-2,-1,5,1,-1,2
43,Yes,Travel_Rarely,622,Research & Development,4,6,Life Sciences (Modified),0,59,-3,Male,96,-1,7,Laboratory Technician,0,Single,5384,19295,12,Y,Yes,8,2,6,80,-1,20,-1,1,-2,-1,-4,-3
31,No,Non-Travel,745,Sales,6,7,Life Sciences,1,465,1,Male,58,5,5,Sales Executive,6,Married,4645,16925,-2,Y,No,9,2,5,76,4,7,5,2,6,-2,1,6
35,No,Non-Travel (Modified),220,Research & Development,20,8,Life Sciences,1,1129,2,Male,77,1,5,Manufacturing Director,0,Single,7777,23235,1,Y (Modified),No,16,2,1,84,0,19,-4,-2,6,4,-5,5
34,No,Travel_Rarely,367,Research & Development,3,4,Technical Degree,-2,189,8,Female,28,-1,5,Research Scientist,5,Single,4312,2299,1,Y,Yes,24,-1,1,76,-5,20,6,6,-2,3,0,4
32,Yes,Travel_Rarely,531,Sales,-2,1,Life Sciences,-2,970,-1,Male,49,6,0,Sales Executive,0,Married,10322,5519,-2,Y,Yes,13,3,0,78,-2,11,2,-1,20,8,1,9
44,No,Travel_Frequently,1245,Research & Development,8,1,Life Sciences,1,427,2,Male,97,6,1,Laboratory Technician,4,Divorced,5205,20311,-4,Y,No,15,0,0,82,-4,28,2,6,22,12,10,13
34,No,Travel_Rarely (Modified),547,Research & Development,7,4,Life Sciences,-4,929,3,Male,83,7,3,Laboratory Technician,3,Divorced,2011,6895,-1,Y,No (Modified),9,-1,4,82,0,-1,7,4,-2,0,1,-4
16,No,Travel_Rarely,959,Research & Development,0,4,Life Sciences,0,655,-1,Female,85,-3,0,Research Scientist,6,Single,2840,11758,-4,Y,No,10,6,2,80,-1,-1,-3,5,-4,-3,-4,3
22,No,Non-Travel (Modified),457,Research & Development,21,4,Other,-2,1609,4,Female,83,-2,5,Research Scientist,1,Married,2815,10293,1,Y,Yes,17,6,3,75,0,1,0,0,4,3,-3,0
44,Yes,Travel_Frequently (Modified),719,Sales,28,2,Life Sciences,1,782,2,Female,76,3,2,Sales Executive,3,Single (Modified),6392,10340,7,Y,Yes,7,7,4,76,-5,8,2,1,4,6,2,0
49,No,Travel_Rarely,560,Research & Development,22,0,Life Sciences (Modified),1,1890,4,Female,89,-2,5,Manufacturing Director,1,Married,5904,23885,-3,Y,No (Modified),13,2,0,83,-2,6,1,1,6,5,3,12
39,No,Travel_Rarely (Modified),655,Sales,11,3,Life Sciences,0,1489,4,Male (Modified),74,0,2,Sales Representative,7,Married,2408,16192,1,Y,No,17,7,-4,84,5,2,3,7,0,2,-1,0
43,No,Travel_Rarely,1465,Sales (Modified),9,0,Medical,-1,1584,3,Male,33,6,-2,Sales Executive,2,Married,8236,4660,4,Y,No,11,-1,-1,80,-3,8,7,0,7,7,7,6
34,Yes,Travel_Rarely,736,Sales,2,7,Life Sciences,-2,1559,5,Male,66,4,-3,Sales Executive,0,Married,9715,5318,0,Y,No,12,-2,4,79,-3,7,3,4,11,4,10,3
38,No (Modified),Travel_Rarely,386,Sales,3,6,Life Sciences,-4,803,5,Female,76,6,-4,Sales Representative,-1,Married,2574,20318,-4,Y,No (Modified),12,5,0,76,-1,1,-3,6,3,-3,-2,1
44,No,Non-Travel,998,Research & Development,18,4,Life Sciences,-4,279,6,Male,96,6,2,Manufacturing Director (Modified),2,Divorced,6805,23792,-4,Y,Yes,19,7,-2,78,2,3,0,0,7,9,-1,9
25,No,Travel_Rarely,1239,Human Resources,13,5,Human Resources,2,180,0,Male,43,3,4,Human Resources,-1,Married,6348,13977,-4,Y,Yes,15,2,2,81,-2,8,1,5,9,5,6,10
44,No,Travel_Rarely,1181,Sales,3,6,Medical,4,1710,0,Male,77,-2,-3,Sales Executive,7,Married,7846,6069,3,Y,Yes,18,-2,-4,81,5,11,-2,7,5,12,10,9
34,No (Modified),Travel_Rarely,1361,Sales,18,2,Life Sciences,1,1483,2,Male,98,2,3,Sales Executive,6,Married,5303,2940,12,Y,No,12,7,4,83,5,8,2,6,1,4,-2,0
24,No,Non-Travel,275,Human Resources,4,-2,Life Sciences,-2,1861,7,Male,39,5,3,Human Resources (Modified),5,Divorced,2701,10495,2,Y,No,12,2,3,83,-3,4,1,0,0,4,3,-2
56,No,Non-Travel,716,Research & Development,17,6,Medical (Modified),3,793,8,Male,38,6,-2,Research Scientist,1,Married,4257,26592,0,Y,No,16,1,-3,78,-1,7,6,4,1,0,-1,2
45,No,Travel_Frequently,1245,Research & Development,10,7,Life Sciences,0,424,-4,Male,100,-1,1,Laboratory Technician,-3,Divorced,5212,20304,4,Y,No (Modified),22,-1,5,76,2,23,-2,0,26,7,9,8
29,No,Non-Travel,1396,Sales,19,5,Other,-3,570,1,Female,65,2,-1,Sales Executive,-3,Married,8410,2886,-1,Y,No,11,6,5,78,0,7,1,7,10,11,6,6
57,Yes,Travel_Rarely,1168,Sales,24,5,Life Sciences,3,1969,4,Male,62,5,1,Sales Executive,1,Single,10446,5844,8,Y (Modified),Yes,10,4,2,84,-1,19,4,3,5,-1,0,0
34,No (Modified),Travel_Rarely,851,Research & Development,3,0,Life Sciences,2,108,2,Male (Modified),50,-3,-3,Laboratory Technician (Modified),6,Married,5124,16001,0,Y,Yes,15,1,0,76,-1,13,-4,0,11,9,7,-2
36,No,Travel_Rarely,1203,Research & Development,13,5,Life Sciences,2,1936,5,Male,68,5,-3,Research Scientist,4,Divorced,4766,14296,1,Y,No,21,5,6,79,-3,14,2,0,3,-2,-1,1
16,No,Travel_Rarely,1177,Research & Development,6,4,Medical,-4,205,0,Female (Modified),76,-2,3,Laboratory Technician,4,Single,1483,16098,-3,Y,No,10,3,8,76,4,-1,5,1,0,0,0,0
34,No,Travel_Rarely,283,Research & Development,4,8,Life Sciences,0,2049,4,Female,59,-2,-4,Research Scientist,6,Married,2979,8956,4,Y,No,7,5,6,82,4,4,7,7,-1,3,2,0
31,Yes,Travel_Frequently,308,Research & Development,28,0,Medical,-2,354,0,Male,67,2,-1,Laboratory Technician,-1,Single,3476,11652,2,Y (Modified),No,8,6,4,76,-1,3,6,8,6,2,5,3
29,No,Travel_Rarely,1175,Research & Development,23,3,Other,3,1088,3,Male,83,0,3,Manufacturing Director (Modified),1,Married,9952,9100,-3,Y,No,16,5,-2,82,5,8,5,6,6,2,-3,1
23,No,Non-Travel,690,Research & Development,13,7,Medical,3,213,1,Male,60,0,5,Research Scientist (Modified),6,Divorced,2028,5972,5,Y,No,22,3,4,84,-4,5,-2,2,2,4,-1,4
61,Yes,Travel_Frequently,781,Research & Development,-3,1,Life Sciences,1,914,-1,Male,60,4,5,Laboratory Technician,0,Divorced,2379,13386,11,Y,Yes,12,-1,6,82,-4,5,3,3,-1,-1,0,1
28,No,Non-Travel,1397,Research & Development,-1,6,Life Sciences,-1,564,2,Male,55,5,1,Laboratory Technician,8,Married,2099,16733,0,Y,No,15,1,-1,84,-2,13,3,-2,3,0,-1,3
33,No,Travel_Rarely,820,Research & Development (Modified),20,7,Life Sciences,4,1625,-3,Male,52,6,4,Research Scientist (Modified),-3,Married,5206,26311,-2,Y (Modified),No,7,6,-1,77,4,11,2,4,15,19,5,12
34,No,Travel_Rarely,885,Sales,-4,2,Life Sciences,4,1588,-3,Female (Modified),77,0,-1,Sales Executive,4,Single,6818,21449,9,Y,No,8,1,-3,81,-1,15,7,1,-3,0,0,-5
35,No,Travel_Rarely,147,Human Resources,2,-1,Human Resources,3,1206,4,Male,100,2,-2,Human Resources,-1,Married,3600,8424,5,Y,No,8,1,2,79,-2,4,2,2,5,5,4,3
26,No,Travel_Rarely,327,Human Resources,0,-2,Life Sciences,0,1497,7,Male,42,-2,4,Human Resources,-2,Divorced,2064,15428,3,Y,No,16,-1,0,76,1,7,0,6,8,2,2,0
42,No,Non-Travel,149,Sales,5,4,Technical Degree,0,983,0,Female,84,5,-3,Sales Executive,3,Single,5667,19895,-3,Y,Yes,15,2,6,76,-1,5,2,7,0,0,-1,-1
27,No,Travel_Frequently,1411,Sales (Modified),4,4,Medical,-3,311,-1,Female,44,0,3,Sales Executive,0,Married,7914,6603,-4,Y,No,9,6,5,84,-1,9,6,2,12,10,8,-4
35,Yes,Travel_Rarely,299,Sales,27,5,Marketing,-2,1314,8,Male (Modified),52,3,-2,Sales Executive,-1,Single (Modified),9090,17232,-3,Y,Yes,11,4,2,83,-1,5,5,5,1,4,5,-5
21,No,Travel_Rarely,954,Sales,26,6,Life Sciences,1,185,0,Male,43,-3,0,Sales Executive,2,Married,8636,24832,0,Y,No,16,1,1,76,-4,9,6,1,2,2,6,-2
30,Yes,Travel_Frequently (Modified),335,Sales,21,4,Marketing,0,301,2,Female,55,4,-2,Sales Executive,-4,Single,6700,22967,1,Y,No,14,6,1,75,4,9,5,1,6,2,-1,3
35,No,Travel_Rarely,1152,Research & Development,-4,-1,Medical (Modified),4,113,-1,Male,97,6,3,Manufacturing Director,1,Married,4322,17737,3,Y,No,16,4,-2,82,4,9,-3,2,5,1,1,2
29,No,Travel_Rarely,828,Sales,6,-3,Life Sciences (Modified),-4,607,2,Male,77,2,4,Sales Executive,8,Single,6581,8347,7,Y,Yes,11,2,4,82,-2,13,0,3,2,4,-4,0
35,No,Travel_Rarely,1399,Human Resources (Modified),5,6,Medical,-3,1459,4,Female,100,5,5,Human Resources,4,Single,2105,24608,9,Y,No,13,1,7,75,-4,4,7,0,6,6,3,0
37,No,Travel_Frequently,899,Research & Development,26,5,Medical,3,1175,0,Female,88,6,4,Research Scientist (Modified),0,Married,4425,21198,-1,Y,Yes,9,3,5,79,-4,18,0,2,-2,-1,-4,-1
40,No,Travel_Rarely,887,Research & Development (Modified),16,3,Life Sciences (Modified),-2,1626,0,Female,80,3,4,Manufacturing Director,5,Married,10430,25804,-1,Y,No (Modified),13,3,8,80,4,14,4,0,13,15,10,11
30,No,Travel_Rarely,415,Sales,10,2,Marketing,0,583,6,Male (Modified),53,4,1,Sales Representative,-2,Single,2980,18402,1,Y,No,13,5,-2,78,-2,3,4,4,7,-1,5,-2
41,No,Travel_Rarely,552,Research & Development,7,0,Other,5,455,0,Male,70,0,4,Research Scientist,8,Married,3697,9273,5,Y,No,10,7,0,75,-3,13,6,3,13,8,6,8
40,No,Travel_Frequently,558,Research & Development,10,4,Life Sciences,1,452,5,Female,82,-2,-2,Laboratory Technician,7,Divorced,5260,6226,-4,Y,No,12,4,-2,78,4,7,5,0,12,4,-3,3
37,No,Travel_Rarely,662,Sales (Modified),-1,9,Marketing,-2,205,0,Male,92,0,2,Sales Executive,-1,Married,7292,11441,5,Y,No,10,6,4,83,-3,12,5,0,12,3,-5,1
38,No (Modified),Travel_Rarely,997,Research & Development,2,1,Life Sciences (Modified),1,449,4,Female,40,3,7,Healthcare Representative,1,Married,9986,9259,6,Y,No (Modified),12,0,-1,78,0,5,1,3,1,2,4,4
40,No,Travel_Rarely,270,Research & Development (Modified),3,6,Medical,-4,354,-1,Female,52,-3,4,Laboratory Technician (Modified),-3,Divorced,2595,8003,3,Y,Yes,7,1,-2,82,0,7,4,-1,11,9,4,3
43,No,Non-Travel,985,Research & Development,6,6,Life Sciences,4,1472,0,Male,90,-1,-2,Laboratory Technician,-2,Single,3162,7971,4,Y,No,11,-1,4,84,-1,3,3,7,6,1,-1,-1
29,No,Travel_Rarely,803,Sales,-1,3,Marketing,-4,2018,7,Female,52,1,0,Sales Executive,1,Married,10422,24030,-4,Y,No,20,6,-1,75,-3,13,3,4,13,14,1,3
26,Yes,Travel_Rarely,237,Sales,6,-1,Marketing,5,141,2,Male,48,5,-3,Sales Executive,5,Single (Modified),5742,26963,3,Y,Yes,13,7,5,79,1,10,-2,-1,1,6,-4,-2
28,No,Non-Travel,1311,Research & Development,-1,2,Medical,5,1995,6,Male,62,6,0,Laboratory Technician,2,Divorced,2003,20437,4,Y,No,8,0,5,78,1,-2,-1,-1,4,3,2,1
35,No,Travel_Rarely,642,Research & Development,4,0,Life Sciences,1,675,1,Female,88,6,6,Research Scientist,1,Married,6318,18087,1,Y,Yes,8,3,6,78,-1,8,-1,2,4,-1,0,3
37,No,Travel_Rarely,921,Research & Development,1,0,Life Sciences,-3,1224,-1,Male,64,5,-4,Laboratory Technician,2,Divorced,2737,6866,-2,Y,No,10,7,-1,77,5,2,4,3,5,11,2,5
29,No,Travel_Frequently,785,Sales,-1,-2,Life Sciences,5,1931,4,Male,44,-1,6,Sales Executive,6,Married (Modified),6834,19254,1,Y,Yes,7,5,7,75,5,9,5,7,7,3,-3,7
46,Yes,Travel_Rarely (Modified),1186,Sales,14,6,Marketing,3,844,-1,Female,42,6,2,Sales Executive (Modified),3,Married,7657,5860,-2,Y,No,17,-2,5,75,1,10,2,5,10,4,8,6
37,Yes,Travel_Frequently,125,Research & Development,23,6,Life Sciences,5,883,4,Female,95,-1,3,Research Scientist,1,Divorced,2024,16611,-4,Y,Yes,15,3,0,80,4,14,7,5,7,6,7,4
36,No,Travel_Rarely,1299,Research & Development,28,2,Medical,-3,9,7,Male,89,0,-3,Healthcare Representative,3,Married (Modified),5237,16581,2,Y,No,13,5,0,76,1,20,-1,-2,9,9,7,11
58,No,Travel_Rarely,378,Research & Development,18,6,Medical,5,800,0,Female,90,-2,2,Manufacturing Director,1,Divorced,5487,22669,6,Y,Yes,15,2,6,77,6,10,1,1,1,4,1,-1
45,Yes,Travel_Rarely (Modified),378,Sales,7,3,Marketing,4,1459,-1,Male,47,0,1,Sales Executive,2,Divorced,10093,15989,3,Y,No,15,3,-3,77,5,27,3,0,10,3,1,4
41,No,Travel_Rarely,1268,Research & Development,-3,3,Medical,-2,47,3,Female (Modified),68,0,3,Research Scientist,-1,Divorced (Modified),2649,21926,-1,Y,No,7,7,0,83,0,9,5,1,6,-2,4,7
42,No,Non-Travel,153,Sales,6,1,Technical Degree,1,982,-2,Female,89,6,2,Sales Executive,4,Single,5662,19897,-2,Y,Yes,15,0,4,82,-5,1,0,-1,4,-2,4,6
40,No,Travel_Rarely,1300,Research & Development,22,1,Medical,2,9,7,Male,94,2,4,Healthcare Representative,5,Married,5237,16580,6,Y,No (Modified),15,2,0,76,-1,13,-1,0,11,10,9,3
33,No,Travel_Rarely,510,Research & Development,-2,2,Technical Degree,3,397,4,Male,29,4,2,Research Scientist (Modified),3,Single,4482,26287,2,Y,No,14,7,1,81,4,11,4,-1,11,0,2,9
31,No,Non-Travel,1101,Research & Development,15,1,Medical,-1,69,5,Male,80,-1,2,Healthcare Representative,-1,Married,9882,8303,-2,Y (Modified),Yes (Modified),11,4,5,82,4,13,7,0,3,-1,2,5
16,Yes,Travel_Rarely,300,Research & Development,-3,4,Life Sciences (Modified),5,242,-1,Male,48,2,0,Laboratory Technician,6,Single,1097,9245,-1,Y (Modified),No,26,8,4,83,-1,-2,5,6,4,-5,0,3
45,No,Travel_Rarely,810,Research & Development,-4,3,Life Sciences,2,1678,3,Male,37,-2,7,Manager,1,Single,15378,22382,-1,Y,No,16,5,0,78,-5,26,5,-1,12,6,4,-5
24,Yes,Travel_Rarely,1159,Research & Development,1,4,Medical,0,439,-2,Male,84,-3,3,Research Scientist,6,Married,3464,24739,1,Y,Yes (Modified),17,-2,0,84,4,4,2,-3,0,1,1,-2
33,No,Travel_Rarely,1060,Research & Development,4,1,Medical,1,467,1,Female,79,1,-4,Laboratory Technician,3,Married,2374,3959,-4,Y,No (Modified),11,-2,4,80,-4,10,8,-2,7,-4,0,8
23,No,Non-Travel (Modified),829,Sales,9,-1,Life Sciences,1,1496,7,Female,79,4,0,Sales Representative,-3,Married,2029,7103,-1,Y,No,16,3,7,78,-4,3,6,-2,0,0,1,4
37,No,Travel_Rarely,1496,Research & Development,8,1,Medical,5,1685,3,Female,86,5,4,Laboratory Technician (Modified),6,Married (Modified),3306,26173,9,Y,No,23,1,0,80,2,4,6,-3,0,-1,4,-1
41,No,Travel_Frequently,1188,Research & Development,3,3,Medical,-2,1498,0,Male,89,-2,5,Manufacturing Director,6,Single,10207,19720,7,Y (Modified),Yes,16,6,6,82,-2,14,0,2,-3,-3,3,1
25,Yes,Travel_Rarely,1336,Research & Development (Modified),6,0,Life Sciences,2,1075,-1,Female,36,2,4,Laboratory Technician,3,Single,1416,17259,-3,Y,No,13,7,4,82,0,-3,4,4,3,-4,1,3
30,No,Non-Travel,952,Research & Development (Modified),0,1,Technical Degree (Modified),2,1765,-3,Male,61,5,-4,Research Scientist (Modified),1,Single,2717,17678,6,Y,No,14,4,-3,79,2,7,5,5,8,11,1,9
25,No (Modified),Travel_Frequently,1410,Sales,2,-3,Medical,-1,711,4,Female,70,7,1,Sales Executive (Modified),1,Divorced,4647,16675,4,Y,Yes,24,6,-3,80,-3,10,4,5,1,2,-2,6
57,No,Travel_Rarely,823,Research & Development (Modified),8,-3,Medical,2,525,-3,Male,88,1,3,Research Director,5,Married,19409,8509,0,Y,No (Modified),12,0,7,84,4,21,1,4,6,6,-1,-2
32,No,Travel_Rarely,429,Research & Development,3,2,Life Sciences,3,1295,1,Female,56,0,-3,Manufacturing Director,1,Single,5407,2327,12,Y,Yes,11,-2,2,83,3,22,5,2,20,14,0,14
35,No,Travel_Rarely,1271,Research & Development,8,5,Life Sciences,1,585,-2,Male,32,7,1,Manufacturing Director (Modified),2,Divorced,10651,14392,2,Y,No,28,8,7,76,4,15,8,8,15,8,-2,11
21,Yes,Travel_Rarely,1245,Research & Development,5,5,Life Sciences,-1,811,5,Male,65,3,5,Laboratory Technician,0,Married,1603,3441,0,Y,Yes,17,2,4,76,4,-1,1,1,-3,2,1,-3
36,No,Travel_Rarely,1470,Research & Development,12,2,Medical,-3,1637,1,Female,69,0,4,Research Scientist,-1,Married,3935,9953,-3,Y,No,9,-1,0,75,5,6,6,4,9,7,4,9
37,No (Modified),Travel_Rarely (Modified),590,Sales (Modified),12,0,Marketing (Modified),5,1784,0,Male,45,5,0,Sales Executive,-1,Married,4189,8800,-1,Y,No,11,-1,5,79,-1,8,-2,1,6,2,3,1
37,No,Travel_Rarely,1388,Research & Development,8,3,Medical,0,1617,2,Male,79,7,2,Manufacturing Director,-2,Married,5373,3835,-1,Y,No,17,5,2,82,7,6,5,5,10,8,7,2
41,No,Travel_Rarely,201,Research & Development,5,6,Life Sciences (Modified),3,517,2,Female,90,1,1,Laboratory Technician,-3,Divorced,2571,20489,4,Y,No,13,7,-1,76,1,7,4,0,4,0,5,-2
31,No,Travel_Rarely,1299,Research & Development (Modified),19,0,Medical,0,535,6,Male,76,2,-2,Laboratory Technician,2,Divorced (Modified),4560,13530,1,Y,No,15,-2,5,83,5,13,3,3,11,-3,5,9
29,Yes,Travel_Frequently,826,Research & Development,28,5,Medical,-3,1099,-4,Female,53,1,6,Research Scientist,4,Single,4505,3127,-1,Y,No,24,-1,4,78,1,15,3,1,9,2,1,3
34,No,Travel_Rarely,1489,Research & Development,8,6,Medical,1,2006,0,Male,47,6,1,Laboratory Technician,2,Married,2661,20227,8,Y,Yes,15,5,-2,83,3,6,-2,-1,4,4,3,-1
24,No,Travel_Rarely,1367,Sales,16,4,Life Sciences,4,1403,-2,Male,92,6,4,Sales Executive,6,Married,6231,12475,0,Y (Modified),No (Modified),14,0,0,81,1,8,7,3,1,-3,-4,5
48,No,Travel_Frequently,124,Sales,-3,6,Marketing,-1,1050,0,Female (Modified),37,3,7,Sales Executive,5,Married,7520,23536,-1,Y,No,14,7,3,76,-3,34,2,1,13,2,6,7
31,No,Travel_Rarely,591,Research & Development (Modified),6,-2,Technical Degree,-4,1760,3,Female,89,0,0,Research Scientist (Modified),-4,Divorced,2112,10004,-1,Y,No,9,6,0,82,4,-1,3,0,2,-5,3,4
32,No,Travel_Rarely,854,Sales (Modified),12,6,Marketing,3,1181,2,Male,74,2,4,Sales Executive,1,Married,6580,2703,0,Y,No,18,-1,1,77,3,8,0,4,5,5,-1,6
35,No,Non-Travel,1280,Sales,6,1,Marketing,5,1757,5,Female,57,6,6,Sales Executive,0,Single,5148,10696,6,Y,No,15,2,5,83,1,8,-2,4,8,10,-1,10
26,No,Travel_Rarely,1326,Research & Development,-2,2,Life Sciences,-2,94,-2,Male,72,1,-3,Research Scientist,-1,Married,2706,4956,1,Y,No,24,5,0,80,4,8,-1,4,8,7,-5,3
37,No,Travel_Rarely,1323,Sales,-3,8,Life Sciences,4,1998,8,Male,81,3,-3,Sales Executive,5,Married,4442,7631,4,Y (Modified),No,10,1,-4,84,0,12,0,7,11,8,9,8
63,No,Travel_Rarely,330,Sales,-1,3,Life Sciences,-4,1251,5,Female,46,6,-2,Sales Executive,5,Single,5172,16493,5,Y,No,15,3,7,78,4,14,6,2,10,0,-3,9
49,No,Travel_Frequently,237,Sales (Modified),13,1,Life Sciences,1,1279,-1,Male,86,2,2,Manager,-2,Divorced,19848,19197,3,Y,Yes,26,5,5,77,3,35,7,-2,27,9,9,6
42,No,Travel_Rarely,526,Sales,0,-1,Marketing,-4,1292,5,Female,51,0,7,Sales Executive,7,Single,10234,20359,6,Y,No,11,7,3,81,4,18,2,4,17,6,13,16
32,Yes (Modified),Travel_Rarely,338,Sales,3,4,Medical,-3,891,-3,Female,49,-1,-2,Sales Representative,3,Divorced (Modified),2797,23519,8,Y,Yes,16,1,4,79,4,2,7,4,6,-3,-4,0
34,No,Travel_Frequently,822,Research & Development (Modified),3,7,Other (Modified),-4,994,0,Female (Modified),83,8,5,Healthcare Representative,0,Married,5484,20160,3,Y,Yes,14,1,2,84,0,9,6,7,7,2,5,5
27,No (Modified),Travel_Rarely,1379,Research & Development,7,8,Medical,-2,1176,-3,Male,85,3,4,Laboratory Technician,5,Married,4419,13418,5,Y,No,25,2,-3,75,4,12,1,0,3,2,-5,6
45,No,Travel_Rarely,422,Human Resources,14,4,Human Resources,0,735,1,Male,70,-2,0,Manager,2,Divorced,19144,8856,-1,Y,No,11,7,5,77,6,22,4,-3,21,7,16,8
37,No,Travel_Rarely,134,Sales,2,3,Marketing,5,1122,-1,Male,30,2,5,Sales Executive,0,Single,7354,20623,2,Y,No,18,1,5,76,3,14,0,0,0,2,4,2
27,No,Travel_Rarely,1328,Research & Development,8,1,Medical,3,1249,4,Male (Modified),76,6,-2,Healthcare Representative,-1,Married (Modified),6829,17089,5,Y (Modified),Yes,9,0,3,82,1,5,1,3,6,8,-1,0
50,No,Travel_Rarely,1223,Research & Development,10,3,Life Sciences,4,1870,0,Male,92,-3,8,Research Director,6,Married,19667,13578,-1,Y,No (Modified),13,-1,0,83,0,30,5,-2,18,14,11,10
30,No,Travel_Rarely (Modified),587,Sales,-2,7,Medical (Modified),2,858,4,Male,48,4,2,Sales Executive,1,Divorced,4032,21811,3,Y,No (Modified),26,5,5,84,1,5,5,6,8,9,-5,6
38,No,Travel_Rarely,927,Research & Development,-2,5,Life Sciences,4,825,6,Female,40,3,0,Manufacturing Director,7,Married,6065,4050,8,Y,Yes,13,-1,8,76,-3,5,1,7,6,-1,4,5
35,No,Non-Travel,724,Sales,12,6,Life Sciences,-4,987,1,Male,38,2,-1,Manager,6,Single (Modified),17440,20493,2,Y (Modified),No,12,-2,3,82,-5,11,4,1,11,5,10,2
57,No,Travel_Rarely,426,Research & Development,6,-1,Life Sciences,5,553,1,Female,36,-1,1,Manager,-3,Married,19563,3849,7,Y (Modified),No,15,7,0,79,-2,31,1,-2,28,12,9,13
42,No,Travel_Rarely,172,Research & Development,4,2,Medical (Modified),-2,1630,6,Male,72,3,-1,Laboratory Technician,-1,Divorced,3064,10297,0,Y,No,14,2,5,83,-3,13,3,7,7,8,4,11
25,No,Travel_Rarely,577,Research & Development,23,6,Medical,3,1623,-2,Female,40,-2,-2,Manufacturing Director (Modified),-3,Divorced,4873,20463,-1,Y,No,17,3,3,78,1,6,1,-3,9,6,-3,4
23,No,Travel_Rarely,1222,Research & Development,8,2,Life Sciences,4,429,-1,Female (Modified),87,0,-3,Research Scientist,2,Single,2473,20942,5,Y (Modified),Yes (Modified),15,0,5,78,4,3,-1,4,7,2,4,3
18,No,Travel_Rarely,310,Research & Development,7,4,Medical,1,787,0,Male,75,2,3,Research Scientist,1,Single,3502,19627,4,Y,No,16,0,6,82,-5,1,6,3,0,1,-2,5
23,No,Travel_Frequently,470,Sales,5,3,Life Sciences,3,1505,4,Male,52,6,-2,Sales Executive,4,Single,4899,11829,1,Y,No,11,0,4,80,-3,0,3,-2,6,-2,5,-2
38,No,Travel_Rarely,1031,Research & Development,11,0,Life Sciences,3,1524,7,Female,89,1,3,Healthcare Representative,-3,Single,8609,21194,-2,Y,No,23,-2,8,82,-2,9,-1,3,12,7,-2,-2
30,No,Travel_Rarely,748,Research & Development,9,7,Life Sciences,-3,100,-2,Female,65,-2,2,Manufacturing Director,8,Single,4421,20682,-3,Y,No,25,7,4,82,-5,15,2,-2,11,8,3,12
47,No,Non-Travel,1164,Research & Development,16,3,Technical Degree,4,1935,5,Male,65,5,-3,Research Scientist,5,Married,5471,2125,12,Y,No,14,7,5,83,1,16,5,-1,8,8,-2,10
49,Yes,Travel_Frequently,1089,Sales,13,3,Life Sciences,-1,1715,-1,Male,81,4,5,Sales Executive,5,Married,12935,24168,8,Y,No,6,6,7,76,4,21,4,1,25,6,18,12
18,No (Modified),Travel_Rarely,800,Research & Development (Modified),7,3,Life Sciences,5,1194,3,Male,89,3,1,Laboratory Technician,2,Single,3028,12830,0,Y (Modified),No,14,0,4,81,1,-3,6,-2,3,-1,-4,4
40,Yes,Travel_Frequently,306,Sales,27,1,Life Sciences (Modified),5,687,1,Female,100,-2,5,Sales Executive,-4,Married,4286,5633,1,Y,No,12,4,5,77,-2,7,4,5,4,-1,-2,-3
28,Yes,Travel_Frequently,332,Sales (Modified),26,1,Marketing,0,301,6,Female,54,5,3,Sales Executive,5,Single,6697,22969,6,Y,No (Modified),11,3,4,75,-1,12,1,-2,8,5,-5,-2
29,No,Travel_Rarely,635,Research & Development,12,-1,Medical,2,861,-2,Female,87,2,1,Research Scientist,-1,Married,5172,22163,6,Y (Modified),No,7,-2,0,78,2,7,1,2,7,1,0,5
51,No,Travel_Rarely,1445,Research & Development,20,2,Technical Degree,5,1013,3,Female,59,7,0,Manufacturing Director,4,Married,10735,13947,3,Y,No,15,1,-2,82,0,23,5,4,11,6,-4,6
37,No,Travel_Rarely,449,Research & Development,13,-1,Life Sciences,4,1643,-1,Female (Modified),79,3,6,Manufacturing Director,-1,Single,7946,19949,8,Y,Yes,15,2,7,75,0,19,-3,3,2,5,-1,6
38,No,Travel_Rarely,1202,Research & Development,10,5,Life Sciences,-3,1943,3,Male,74,3,2,Research Scientist,0,Divorced,4773,14295,-3,Y,No,20,5,4,83,3,8,2,-1,9,5,-4,-1
49,No,Travel_Rarely,259,Research & Development,6,3,Other,-2,1410,0,Female,52,2,1,Laboratory Technician,-4,Married,2953,17366,7,Y,No,10,0,6,81,2,7,1,-2,0,3,-2,4
39,No (Modified),Travel_Rarely,915,Research & Development,1,-2,Life Sciences,3,1259,6,Male,93,-3,1,Research Director,2,Married,19736,18627,0,Y,No (Modified),16,2,3,77,-3,28,4,-2,6,3,-4,6
30,No,Travel_Rarely,481,Research & Development (Modified),0,3,Life Sciences,0,1889,2,Female,93,5,-3,Research Scientist (Modified),6,Married,2933,14909,3,Y,Yes,13,0,-1,75,-4,4,5,1,-1,-2,5,4
28,No,Travel_Rarely,324,Sales,8,3,Life Sciences,4,1451,2,Male,31,6,5,Sales Executive,1,Divorced,10790,8384,3,Y,No,17,4,1,79,-1,16,2,-1,15,5,9,4
35,No,Travel_Rarely,337,Sales,11,0,Marketing,1,867,0,Male,64,1,5,Sales Executive,5,Divorced,6336,24559,4,Y,No,23,4,6,75,-2,11,6,3,3,0,-2,-4
28,Yes,Travel_Frequently,343,Research & Development,1,-2,Life Sciences,1,1056,5,Male,59,1,0,Research Scientist,-1,Married,2044,15344,10,Y,Yes,10,-1,-3,79,1,3,-3,0,4,3,3,1
28,Yes,Travel_Frequently,445,Sales,9,-1,Life Sciences,3,649,-3,Male,71,3,5,Sales Representative,1,Married,2028,14465,3,Y,No,14,1,-1,83,4,-4,4,2,-2,2,-4,2
44,No,Travel_Rarely,936,Research & Development,13,7,Life Sciences,5,201,2,Male,90,-2,4,Laboratory Technician,-2,Married,2233,6965,-2,Y,No,19,1,5,83,2,6,1,-1,9,4,-4,6
35,No,Travel_Rarely,1386,Research & Development,9,1,Medical,0,1617,2,Male,74,3,0,Manufacturing Director,4,Married,5379,3839,4,Y,No,16,6,0,78,2,6,0,1,2,4,7,2
23,No,Travel_Rarely,1107,Research & Development (Modified),12,-1,Life Sciences,-2,1243,0,Male,43,5,-1,Research Scientist,0,Married,2234,14379,-2,Y (Modified),Yes,9,4,8,82,6,6,3,4,13,3,5,11
33,No,Travel_Rarely,699,Sales,32,1,Marketing,-2,2038,6,Female,98,-3,-1,Sales Executive,-1,Married,6713,8982,-3,Y,No,20,3,-1,79,1,5,4,-2,8,2,3,6
33,No (Modified),Travel_Rarely,1238,Human Resources,11,5,Other,2,1792,-2,Male,84,5,0,Human Resources,-2,Divorced (Modified),4066,12831,0,Y,No,8,6,-1,84,-2,14,-1,6,7,0,2,2
24,No,Travel_Rarely,1105,Research & Development,32,0,Life Sciences,2,1121,-1,Female,94,7,2,Research Scientist (Modified),2,Divorced,2515,26966,-1,Y,No,21,4,-4,80,0,14,4,4,8,7,5,2
27,Yes,Travel_Rarely,954,Sales,3,7,Marketing,-3,398,0,Male,46,4,4,Sales Executive,6,Single,5830,8453,2,Y,Yes,12,-1,2,79,-2,5,-2,1,6,5,2,7
52,No,Travel_Rarely,719,Research & Development,27,0,Life Sciences,-2,1616,0,Female,85,6,-1,Laboratory Technician,1,Married,3211,22105,1,Y,No,17,4,-1,78,0,10,5,-3,6,6,1,-1
34,No,Travel_Rarely,461,Research & Development,2,0,Other,3,55,5,Male,78,1,1,Laboratory Technician,3,Divorced,1947,10905,3,Y,No,15,5,5,76,-3,-4,-2,2,-2,-1,-4,3
33,No,Travel_Frequently,1303,Research & Development,5,-1,Life Sciences,-3,1591,-3,Male,75,-1,0,Laboratory Technician,0,Married,5557,19708,4,Y (Modified),Yes,16,4,2,83,5,9,7,5,-1,2,-3,-3
24,No,Travel_Rarely,943,Research & Development,17,-1,Life Sciences (Modified),-2,1201,2,Female,68,0,2,Research Scientist,2,Married,2169,26934,3,Y,Yes,20,5,-1,83,-4,9,0,2,7,2,4,6
33,Yes,Travel_Frequently (Modified),459,Research & Development,2,0,Technical Degree,-1,513,-1,Male,36,7,1,Research Scientist,3,Single,2286,3427,5,Y,Yes,27,3,0,81,3,2,0,4,-2,-2,3,-4
34,Yes,Travel_Rarely,208,Sales,17,-2,Life Sciences,3,1754,5,Female,73,6,-2,Sales Executive,3,Single,8563,10095,5,Y,Yes,22,7,2,84,-2,11,0,6,4,1,4,4
48,Yes,Travel_Rarely,667,Sales,6,5,Medical,0,122,5,Male,62,0,0,Sales Executive,3,Single,9619,13593,1,Y,No,18,0,0,81,-4,12,6,1,6,9,4,4
43,No,Non-Travel,791,Research & Development,2,1,Life Sciences (Modified),2,1738,5,Male,74,2,2,Laboratory Technician,3,Married,6474,8991,4,Y,Yes,13,7,7,77,-1,11,-2,-1,13,10,0,8
29,No (Modified),Travel_Rarely (Modified),852,Research & Development (Modified),2,4,Life Sciences,2,105,2,Male,53,5,4,Laboratory Technician (Modified),4,Married,5130,15999,-3,Y,Yes,15,-2,7,79,4,11,3,0,5,8,7,-2
36,Yes,Travel_Rarely,767,Sales,19,2,Medical,-2,1649,-1,Male,56,3,6,Sales Executive,7,Divorced,5437,22101,10,Y,Yes,16,6,3,81,-2,11,6,1,2,1,1,5
31,No,Travel_Rarely,954,Sales,8,1,Marketing (Modified),4,1969,7,Male,45,-2,2,Sales Executive,7,Single,4108,5103,-3,Y,No,11,-2,-4,77,3,10,4,5,9,7,-2,11
56,No,Travel_Rarely,1214,Research & Development (Modified),-1,8,Technical Degree (Modified),5,124,-3,Female,62,2,1,Research Director,-1,Married,13544,23998,13,Y,No,10,-2,1,79,2,15,0,0,8,0,-5,5
34,Yes,Travel_Rarely,140,Research & Development,20,2,Life Sciences (Modified),3,1007,0,Female,46,5,2,Research Scientist (Modified),3,Married,2132,11536,4,Y,Yes,14,4,3,80,3,8,-1,-2,9,0,-3,5
44,No,Travel_Rarely,1310,Sales (Modified),14,7,Marketing,2,1757,1,Female,78,-2,-1,Sales Executive,0,Single,4503,8186,3,Y,No,11,5,-2,81,3,5,-2,5,7,0,-5,6
32,No,Travel_Rarely,825,Sales,3,4,Medical,-3,920,0,Male,93,-1,-1,Sales Executive (Modified),7,Single,4908,24247,3,Y,No,17,4,2,75,-2,0,3,1,7,4,1,5
46,No,Travel_Rarely,1235,Sales,15,4,Life Sciences,-3,1041,5,Female (Modified),91,2,4,Manager,3,Married,17648,5399,-2,Y,No,12,-2,6,82,5,22,2,6,13,7,1,2
44,No,Travel_Frequently,592,Research & Development,6,8,Medical,5,1167,-2,Female,92,1,-1,Research Director,4,Single,13494,13782,12,Y,No,17,6,5,80,-1,20,5,6,18,6,-2,9
32,No,Travel_Rarely,833,Human Resources,0,0,Human Resources,3,849,6,Male,88,3,4,Human Resources,7,Married,3736,2247,0,Y,No (Modified),21,3,3,76,0,3,-4,4,-2,6,1,6
19,No (Modified),Non-Travel,1125,Research & Development (Modified),1,-2,Life Sciences,2,1368,0,Female,101,0,-4,Laboratory Technician (Modified),7,Single,1606,19309,5,Y,No,13,5,3,77,2,-2,2,1,-4,0,4,-1
34,No,Travel_Rarely,389,Sales,5,3,Medical,4,1665,4,Male,88,0,-2,Sales Executive,6,Divorced (Modified),5505,3923,-2,Y,No,9,3,7,84,6,3,7,1,8,-3,-1,-1
37,No,Travel_Rarely,1426,Research & Development,16,5,Life Sciences,4,922,3,Male (Modified),66,3,3,Healthcare Representative,7,Married (Modified),6590,4817,-1,Y,Yes,17,5,0,81,0,17,-2,4,14,8,8,9
59,Yes,Travel_Frequently,777,Research & Development,0,3,Life Sciences,-4,914,8,Male,57,1,5,Laboratory Technician,7,Divorced,2378,13387,10,Y,Yes,13,7,7,75,2,0,2,3,-2,4,-1,4
39,No,Non-Travel (Modified),424,Research & Development (Modified),5,7,Life Sciences,-2,743,5,Female,60,3,5,Research Director,5,Married,11716,20339,6,Y,No,10,-2,-1,77,4,5,-1,0,7,4,-1,7
22,No,Travel_Rarely,606,Research & Development,2,-2,Medical,5,672,1,Male,69,-2,-2,Research Scientist,1,Married,2770,12141,3,Y,No,15,6,4,75,3,2,4,-2,-2,4,1,0
35,No,Non-Travel,439,Research & Development,9,-1,Life Sciences,-3,1129,-1,Male,70,-1,5,Laboratory Technician,0,Single,6784,8774,8,Y,No,12,-2,2,77,-5,8,-3,1,5,5,1,-1
35,No,Travel_Rarely,1471,Research & Development,8,6,Medical,-4,1641,-2,Female (Modified),72,7,-1,Research Scientist,3,Married,3939,9953,3,Y,No,10,7,0,82,1,5,5,3,9,8,5,9
43,No,Travel_Frequently (Modified),441,Research & Development,6,-3,Life Sciences,-2,600,7,Female,45,4,3,Laboratory Technician,6,Married,3752,17876,2,Y,No,14,7,1,82,-3,4,2,7,7,5,4,4
31,No,Travel_Rarely,437,Research & Development (Modified),12,4,Other,3,1540,5,Female,38,-4,6,Healthcare Representative,5,Married,9710,7283,-2,Y,No (Modified),14,7,-1,79,-4,13,4,-2,4,6,-4,8
31,No (Modified),Travel_Rarely,1353,Research & Development,27,4,Life Sciences,-4,7,2,Male,66,6,2,Laboratory Technician,3,Divorced,2694,13332,-2,Y,No,22,5,0,76,-1,-1,-3,7,5,4,3,3
38,No,Travel_Frequently,315,Research & Development (Modified),17,4,Medical (Modified),-1,529,3,Male,63,7,5,Laboratory Technician,2,Married,2253,15237,7,Y,No (Modified),21,-1,4,84,-1,9,3,3,6,4,-1,1
35,Yes,Travel_Rarely,203,Research & Development,12,7,Life Sciences,4,1437,-4,Female,36,0,-1,Research Scientist,0,Single (Modified),1264,22259,-4,Y,No,16,0,7,78,-1,-4,5,2,3,-3,0,3
42,No,Travel_Rarely,1497,Research & Development,-1,2,Medical,2,1690,3,Female,83,7,2,Laboratory Technician,4,Married,3307,26172,6,Y,No,22,-1,-1,78,-4,6,3,-2,-1,-4,4,-5
42,No,Travel_Rarely,858,Research & Development,16,1,Medical (Modified),0,1764,6,Male,52,1,2,Laboratory Technician (Modified),1,Divorced,2761,8952,12,Y,No,25,5,5,76,5,2,7,-2,7,2,-4,8
36,No,Non-Travel,571,Research & Development,5,2,Medical (Modified),-4,111,6,Female,82,4,6,Research Scientist,4,Divorced,5332,15717,9,Y,Yes,15,2,4,84,6,18,7,-2,15,15,-4,13
33,No,Travel_Frequently,457,Research & Development,-2,7,Life Sciences,0,1753,-1,Male,66,6,-1,Healthcare Representative,7,Single,6290,23058,5,Y,Yes,12,1,0,84,1,13,9,1,0,-1,-5,5
42,No,Travel_Rarely,1122,Sales,12,0,Marketing,-2,582,6,Female,97,3,2,Sales Executive,3,Married,9074,11559,0,Y,Yes,17,-2,5,81,-1,16,-1,7,6,-2,-3,2
26,No,Travel_Rarely,1380,Research & Development,5,0,Medical,0,1177,0,Male (Modified),86,0,-2,Laboratory Technician,7,Married,4415,13425,4,Y (Modified),No,20,0,5,81,-3,11,1,0,9,3,2,3
24,No (Modified),Non-Travel,1448,Research & Development,4,2,Medical (Modified),4,224,2,Male,80,-1,-3,Research Scientist,-2,Divorced,2562,25321,-1,Y,Yes,11,5,8,75,2,-4,1,0,1,1,-1,4
44,No,Travel_Rarely,1098,Research & Development,5,0,Medical,-2,1256,4,Male,89,-3,9,Manager,7,Married,18707,12119,2,Y,No,10,6,5,79,4,26,2,0,1,2,3,1
35,No,Travel_Rarely,924,Research & Development,4,5,Life Sciences,-3,152,5,Female,39,3,0,Laboratory Technician,4,Divorced,2832,2562,0,Y,No,22,-1,3,81,4,7,1,3,0,-5,4,4
46,No,Travel_Rarely,971,Research & Development,4,7,Medical,1,993,0,Female,87,5,3,Laboratory Technician,5,Divorced,2272,11008,2,Y,No (Modified),18,0,0,80,4,8,1,4,5,7,-2,4
39,Yes,Travel_Frequently,805,Research & Development,20,1,Technical Degree,3,1766,2,Male,36,-2,1,Research Scientist,0,Married (Modified),2439,15588,6,Y (Modified),Yes,18,0,4,80,5,1,8,4,-1,0,-4,-2
46,No,Travel_Rarely,1129,Research & Development,9,2,Medical,3,1799,4,Male,90,2,2,Healthcare Representative,-2,Married,5539,5693,0,Y (Modified),No,16,1,5,76,3,5,0,-2,-2,2,-2,-1
30,No,Non-Travel,696,Research & Development,6,3,Medical,1,1983,4,Female,42,3,3,Research Director,-1,Married,11030,26862,1,Y,No,23,8,7,78,-1,8,-3,7,6,8,6,7
26,No,Travel_Rarely,1326,Research & Development,-2,1,Life Sciences,-3,96,3,Male,76,5,1,Research Scientist,-3,Married,2707,4955,3,Y,No,19,-1,8,75,2,2,3,3,0,0,-3,1
39,No,Travel_Rarely,1134,Research & Development,18,2,Life Sciences,-4,942,2,Female,55,7,0,Healthcare Representative,5,Married,4015,19169,2,Y,Yes (Modified),20,4,3,82,-2,8,4,-2,7,7,2,11
23,Yes,Travel_Rarely,244,Human Resources,20,0,Human Resources,1,1715,-1,Male,56,3,2,Human Resources (Modified),1,Married,1550,11581,-3,Y,No,10,7,-1,83,5,5,6,4,5,0,4,-5
53,No,Travel_Frequently,1244,Human Resources,2,-1,Medical (Modified),-1,648,-3,Male,95,5,6,Manager,6,Married,18203,7995,-3,Y,No,10,7,7,76,-2,34,0,6,32,3,6,10
33,No,Travel_Rarely,1116,Sales,9,3,Life Sciences,0,1668,5,Female,71,3,5,Sales Executive,0,Married,5479,22591,2,Y,No,10,3,5,83,4,12,5,5,8,-4,-5,0
33,No,Travel_Rarely,292,Research & Development,17,0,Life Sciences,5,269,4,Male,64,2,3,Research Scientist,2,Married,3560,22972,3,Y,Yes (Modified),8,5,2,80,-2,6,3,2,10,3,-4,10
25,Yes,Travel_Rarely,412,Sales,19,0,Life Sciences,-4,1161,1,Female,46,-2,7,Sales Executive,5,Married,7334,11157,1,Y,No,14,2,0,80,3,13,2,3,8,8,5,6
25,No,Non-Travel,1266,Research & Development,2,0,Life Sciences,-2,888,-3,Male,50,0,3,Laboratory Technician,1,Married,3163,10781,-5,Y,No,15,0,8,82,1,7,3,-1,5,2,-2,2
27,Yes,Travel_Rarely,423,Sales (Modified),3,7,Life Sciences,-2,1703,1,Male,98,-1,3,Sales Representative,0,Divorced,2274,25099,5,Y,Yes,18,7,6,81,-4,1,3,-2,3,-2,3,-3
19,Yes,Travel_Rarely,1447,Sales,3,3,Technical Degree,1,551,-1,Female,60,4,2,Sales Representative,2,Single,3200,21975,-4,Y,Yes,12,3,0,76,0,4,8,5,7,2,-2,4
49,No (Modified),Travel_Rarely,151,Research & Development,6,3,Life Sciences (Modified),2,1967,-2,Female,67,3,2,Research Scientist (Modified),-1,Married,2899,22473,7,Y,No,11,0,-2,77,5,13,8,5,5,-1,2,0
45,No,Travel_Rarely,1315,Sales,15,6,Marketing,-2,1760,7,Female (Modified),79,3,-3,Sales Executive,8,Single,4505,8192,5,Y,No,15,4,-2,82,-1,11,4,0,3,-4,1,5
37,No,Travel_Rarely,443,Research & Development,20,0,Life Sciences,5,1639,0,Female (Modified),81,3,7,Manufacturing Director,8,Single,7943,19948,7,Y,Yes,10,-1,2,80,4,19,0,0,-1,-2,1,7
36,No,Travel_Frequently,1197,Research & Development,18,-1,Life Sciences,0,1391,8,Female,76,-1,6,Research Scientist,4,Divorced,5470,13951,6,Y,Yes,16,5,-1,80,-1,7,6,1,3,5,5,3
45,No (Modified),Travel_Rarely,717,Research & Development,17,-1,Life Sciences,-4,1725,-2,Male,38,4,-2,Healthcare Representative,6,Single,5558,9692,10,Y,No,14,0,2,84,3,17,6,6,12,5,-3,4
27,No,Travel_Rarely,1401,Human Resources,11,0,Medical (Modified),1,1460,-1,Female,93,8,-1,Human Resources,-3,Single,2107,24605,11,Y,No,21,-1,1,80,-3,8,0,2,-1,6,4,0
56,No,Travel_Rarely,709,Research & Development,4,-2,Life Sciences,5,241,3,Female,68,4,3,Research Scientist,-4,Divorced,4258,13940,1,Y,Yes,17,7,-1,80,5,17,7,4,-2,3,-1,1
36,No,Travel_Rarely,1368,Research & Development,6,1,Life Sciences,-4,1967,2,Male,59,-2,-1,Manufacturing Director,4,Single,9675,10138,8,Y,No,27,3,-2,79,3,9,-4,0,-4,-2,-1,-4
53,No,Travel_Rarely,1103,Research & Development,32,7,Life Sciences,1,567,5,Male,87,-2,1,Manager (Modified),3,Married,17049,9309,-4,Y,No,19,5,5,78,-4,29,3,-2,23,5,14,5
29,No (Modified),Travel_Rarely,856,Research & Development,-1,7,Life Sciences,3,832,4,Female (Modified),100,5,1,Manufacturing Director,5,Married,6166,19125,-3,Y,No (Modified),10,-1,3,84,0,10,7,6,17,9,1,11
17,Yes,Travel_Frequently,752,Sales,-1,-2,Technical Degree (Modified),-4,476,-2,Female,100,-1,0,Sales Representative,1,Single,2172,9152,-4,Y,Yes,7,4,3,78,0,1,5,0,-2,6,0,2
35,No,Travel_Rarely,125,Sales,4,-1,Marketing (Modified),3,1120,7,Male,30,-1,0,Sales Executive,2,Single,7351,20621,5,Y,No (Modified),19,2,6,75,-1,8,3,5,-4,3,-3,-4
37,No,Non-Travel,726,Sales,21,1,Life Sciences (Modified),4,988,0,Male,33,3,7,Manager,-2,Single,17445,20491,-2,Y,No,15,0,6,82,0,5,0,-2,14,9,1,-3
37,No,Travel_Frequently,307,Sales,6,2,Marketing,2,217,6,Female,77,0,-2,Sales Representative,7,Married,2232,11316,9,Y,No,18,6,8,78,-3,1,2,0,3,-2,-4,4
41,No,Travel_Rarely,1499,Research & Development (Modified),3,2,Medical,-4,1689,7,Female,91,7,1,Laboratory Technician,0,Married,3305,26171,5,Y,No,17,0,8,76,-2,9,3,-2,4,-3,-2,-2
34,No (Modified),Travel_Rarely,1344,Research & Development,4,6,Life Sciences,4,1604,4,Male,58,5,3,Laboratory Technician,3,Married,2689,7715,2,Y (Modified),No,15,7,5,77,1,-3,4,1,4,-1,-4,-4
39,No,Travel_Rarely,1318,Research & Development (Modified),3,-2,Medical,5,471,1,Male (Modified),50,6,3,Research Scientist,-4,Divorced,5971,17004,4,Y,Yes,16,-2,5,78,0,12,-3,7,4,8,9,3
41,Yes,Travel_Rarely,809,Human Resources,7,2,Human Resources,5,133,-2,Male,59,-2,0,Human Resources,-3,Divorced,2068,23646,8,Y,Yes,19,1,1,77,1,9,4,7,6,3,4,6
60,No,Travel_Rarely,813,Human Resources,6,1,Medical,4,323,1,Male,50,2,5,Human Resources,-2,Married,2265,25656,9,Y,No,15,7,7,77,1,4,1,3,0,2,6,3
44,No,Non-Travel,181,Human Resources,-3,0,Medical,3,1233,6,Male,79,1,-3,Human Resources,1,Married,6268,12854,4,Y,No,14,2,2,81,5,5,6,-1,1,6,-4,2
39,No,Travel_Rarely,1415,Research & Development,20,-1,Life Sciences,4,333,3,Male,39,6,-1,Research Scientist,-3,Divorced,3069,19881,2,Y,No,18,2,-1,81,3,16,5,3,0,-2,-1,3
36,No,Travel_Frequently,664,Research & Development,7,2,Other,-4,302,4,Male,43,5,1,Research Director,2,Divorced,12185,10058,-3,Y,Yes,18,7,7,79,5,5,-4,5,11,9,1,5
22,No,Travel_Rarely,1155,Research & Development,15,4,Technical Degree,-2,234,-1,Male,55,0,4,Research Scientist,-1,Married,3053,13366,3,Y,Yes,19,6,7,78,1,9,4,2,6,-2,-3,1
33,No,Travel_Rarely,321,Sales (Modified),10,2,Medical,4,378,-2,Female,43,4,-1,Sales Executive,2,Divorced,5603,19186,-3,Y,Yes,27,8,3,79,-1,3,6,-2,6,-3,7,4
37,No,Travel_Rarely,1095,Research & Development (Modified),5,3,Medical (Modified),-4,1497,2,Female,84,-3,-2,Laboratory Technician,-1,Married,3841,8194,4,Y,No,12,2,-1,83,3,5,1,4,1,5,1,6
21,No,Travel_Rarely,652,Research & Development,13,-4,Medical,-1,761,0,Male,34,-1,-4,Laboratory Technician,5,Married,2497,4342,3,Y,No,17,7,0,81,-4,3,2,5,1,6,2,6
32,No,Travel_Frequently,440,Sales,7,0,Marketing,-3,398,7,Female (Modified),84,-2,3,Sales Representative,4,Divorced,2787,3908,4,Y,No,15,1,2,83,4,3,4,5,5,-1,4,4
35,No,Travel_Rarely,1332,Sales,0,5,Life Sciences,0,179,6,Female,49,-1,-2,Sales Executive (Modified),4,Married,5898,14586,4,Y,No,16,7,5,80,0,18,-1,2,12,10,4,13
41,No (Modified),Travel_Rarely,932,Sales,11,0,Marketing,2,861,8,Male,71,0,-2,Sales Executive,0,Divorced,10764,19237,2,Y,Yes,13,-2,3,81,0,19,-2,7,3,0,-1,0
53,No,Travel_Rarely,688,Sales,26,7,Marketing,-3,1580,0,Male,64,0,8,Manager,8,Married,19586,23040,0,Y,No,17,5,0,78,4,33,1,1,32,5,1,12
36,No,Travel_Rarely,403,Research & Development,4,1,Life Sciences,-4,1443,7,Female,81,5,2,Laboratory Technician (Modified),0,Married,3296,3708,4,Y,No,21,4,4,79,-1,7,2,4,4,8,-3,4
38,No,Non-Travel,726,Research & Development,5,1,Medical,-4,384,-2,Female,82,1,6,Research Director,3,Divorced,13599,11672,1,Y,Yes (Modified),20,4,3,80,6,12,-3,1,0,5,-3,-1
38,No (Modified),Travel_Rarely,1290,Research & Development,18,-2,Life Sciences,4,1661,4,Male,64,2,6,Research Director,3,Married,17605,3521,1,Y,No,27,3,-4,75,3,16,1,7,9,7,5,6
45,No,Travel_Rarely,988,Human Resources,2,5,Life Sciences,0,1315,7,Female,41,2,0,Human Resources,-2,Single,3419,22954,3,Y,No,8,0,4,75,4,9,4,6,2,3,1,7
28,No,Travel_Frequently,563,Research & Development,1,-3,Technical Degree,0,1643,4,Female,28,1,4,Research Scientist,2,Single,3762,17220,0,Y,Yes,15,3,6,75,-5,5,6,-2,7,6,-3,7
56,No,Travel_Rarely,403,Research & Development,-3,-3,Life Sciences,2,1484,4,Male,97,8,4,Research Scientist (Modified),7,Married,4895,2717,2,Y,No,23,0,-1,83,-2,12,6,-2,14,4,4,6
45,No,Travel_Rarely,1095,Research & Development,1,5,Medical (Modified),4,1260,-1,Male,86,-3,0,Manager,1,Married,18706,12119,6,Y,No,9,3,3,81,1,19,3,4,1,1,3,1
34,No,Non-Travel,770,Research & Development,0,5,Technical Degree,-2,1771,2,Male,87,0,3,Research Scientist,6,Divorced,3055,6192,0,Y,No (Modified),16,0,7,78,-3,8,1,-1,7,12,4,10
31,No,Travel_Rarely,349,Human Resources,1,-2,Medical,4,1865,3,Male,86,4,-3,Human Resources,1,Married,2807,15435,3,Y,No (Modified),15,1,0,83,-3,4,1,5,-2,-1,-1,-1
27,No,Travel_Rarely,800,Sales (Modified),2,1,Marketing,0,2011,2,Female,52,5,6,Sales Executive,0,Married,10426,24030,-2,Y,No,16,3,3,81,2,13,5,2,13,10,9,8
34,No,Travel_Rarely,810,Sales (Modified),4,4,Technical Degree,5,1821,4,Male,92,2,0,Sales Executive,5,Married,6798,22127,3,Y,No (Modified),16,8,3,84,6,11,5,0,5,10,0,7
22,No,Travel_Frequently,1238,Sales,16,4,Life Sciences,3,295,3,Female,86,3,3,Sales Executive,0,Single,9980,12911,1,Y,No,12,1,8,79,0,5,3,2,8,11,-2,5
30,No,Non-Travel,1188,Sales,23,6,Marketing,0,950,5,Female,49,1,-1,Sales Executive,6,Married,6936,24402,-4,Y,No,12,7,4,82,3,5,3,5,7,12,-2,2
21,No,Travel_Rarely,605,Research & Development,9,4,Medical,3,671,-2,Male,64,2,-1,Research Scientist,5,Married,2771,12145,0,Y (Modified),No (Modified),21,4,7,79,1,4,0,1,-1,5,3,1
35,No,Travel_Rarely,534,Sales (Modified),6,3,Marketing,-1,1269,5,Male,83,2,4,Sales Executive,-2,Divorced,8375,21708,0,Y,Yes,10,5,5,77,6,10,4,7,6,9,2,9
30,No,Non-Travel,109,Research & Development,11,3,Medical (Modified),3,241,-1,Male,62,2,1,Laboratory Technician,2,Divorced,3072,11012,4,Y,No,9,4,-1,79,5,15,2,5,10,9,2,7
47,No,Travel_Rarely,229,Sales,5,-2,Life Sciences,2,1529,5,Female,53,2,2,Manager,-2,Married,16601,11380,10,Y,No,14,-1,3,83,5,26,0,2,10,14,4,-2
49,No,Travel_Rarely (Modified),1089,Research & Development (Modified),-4,4,Technical Degree,1,433,4,Female,92,6,5,Healthcare Representative,5,Single,13966,17805,5,Y,Yes,9,3,7,79,1,28,5,1,11,4,2,3
33,No,Travel_Frequently,886,Human Resources,5,8,Human Resources (Modified),5,1561,2,Male,69,6,6,Human Resources,-1,Married,6080,14809,2,Y,No,7,-2,0,78,4,11,2,-1,4,1,3,3
24,No,Travel_Rarely,442,Research & Development,9,5,Other (Modified),3,1545,6,Female (Modified),40,1,3,Healthcare Representative (Modified),3,Married,9717,7292,7,Y,No,10,2,3,81,-4,13,3,4,9,11,1,3
23,Yes,Travel_Rarely,425,Sales (Modified),6,-1,Life Sciences,0,1697,2,Male,97,-1,5,Sales Representative,5,Divorced,2272,25102,3,Y,Yes,18,2,5,84,-2,-1,-1,5,1,-3,-3,6
35,No,Travel_Rarely,1152,Sales,-3,6,Life Sciences,2,1992,5,Male (Modified),49,0,-1,Sales Representative,1,Married,3071,6392,-3,Y,No,15,7,5,84,-2,5,5,0,1,-2,-1,0
57,No,Travel_Rarely,429,Research & Development,7,-1,Medical,-3,1828,0,Female,64,0,5,Research Scientist,1,Married (Modified),6856,15692,4,Y,No,10,6,-3,79,1,11,4,2,2,2,1,10
42,No,Travel_Rarely,323,Sales,6,-2,Medical,3,379,3,Female,44,6,0,Sales Executive,4,Divorced,5604,19195,2,Y,Yes,28,1,-2,83,-2,4,1,1,12,0,3,9
34,No,Travel_Frequently,439,Sales,0,3,Marketing,-4,397,-1,Female,85,1,0,Sales Representative,-2,Divorced,2788,3909,1,Y,No,13,3,5,75,-4,-2,2,4,-1,6,3,-2
35,No,Travel_Frequently,509,Research & Development,-3,5,Technical Degree,4,342,6,Female,68,7,3,Healthcare Representative,6,Single,10939,6422,0,Y,No,23,4,6,80,1,21,-1,3,21,4,12,3
36,No,Travel_Rarely,1110,Research & Development,11,5,Life Sciences,4,519,1,Female,94,7,3,Laboratory Technician (Modified),0,Divorced,3038,26913,-2,Y,No,9,-1,0,77,-1,21,0,2,20,9,13,14
46,No,Travel_Rarely,663,Research & Development,11,5,Life Sciences,1,916,0,Male,62,-1,5,Research Scientist,2,Married,2557,7512,5,Y,Yes,14,4,0,77,-4,4,-3,-2,11,2,5,3
43,No,Travel_Rarely,109,Sales,9,6,Technical Degree (Modified),0,1237,-3,Female,85,2,-1,Sales Executive,2,Divorced,6853,11587,9,Y,No,12,-1,6,77,2,7,5,2,9,1,-4,-2
39,Yes,Travel_Frequently,508,Research & Development,5,2,Medical,2,338,3,Male,58,3,3,Manufacturing Director,7,Divorced,10044,22572,4,Y,No,11,0,-3,76,6,20,9,6,-1,-5,0,-5
47,No,Travel_Frequently,812,Sales,8,6,Marketing,-1,169,-1,Female,79,1,4,Sales Executive,-1,Single,9204,6647,7,Y,No (Modified),8,6,2,80,1,17,-1,1,5,-2,5,5
46,No,Travel_Rarely (Modified),849,Sales,2,0,Medical,-4,325,3,Female,67,5,5,Manager,8,Divorced,19518,24113,3,Y,No,14,1,6,76,-4,28,1,-2,6,-2,-4,3
27,No,Travel_Rarely,569,Sales,7,5,Medical (Modified),-4,1838,0,Male,46,-1,2,Sales Executive,8,Single,4680,9128,1,Y,No,9,-1,-2,81,4,1,1,5,7,6,3,-1
37,No,Travel_Rarely,1336,Research & Development,2,-2,Technical Degree (Modified),-3,951,3,Female,78,3,-1,Research Director (Modified),-3,Married,13577,16295,-1,Y,No (Modified),15,2,3,82,-2,11,5,3,17,8,9,15
51,No,Travel_Rarely,830,Research & Development,10,2,Medical,2,764,1,Male,81,3,8,Healthcare Representative,1,Married,11101,20417,8,Y (Modified),No,11,-1,-2,80,0,28,-1,-1,11,6,-4,5
54,No,Travel_Frequently,541,Sales,-1,-2,Marketing,2,1393,5,Male,56,-1,4,Sales Executive,1,Married,10598,15392,-1,Y (Modified),No,12,2,3,75,0,14,5,-2,6,6,5,-1
39,No,Travel_Rarely,344,Research & Development,12,-3,Life Sciences,0,456,3,Male (Modified),91,-3,-2,Research Director,8,Divorced,11510,15680,4,Y,Yes,10,2,1,84,5,8,1,-1,13,10,0,12
23,Yes,Travel_Rarely,239,Sales (Modified),6,2,Marketing,0,137,-1,Male,49,-1,3,Sales Executive,1,Single,5740,26963,0,Y,Yes,8,6,7,80,-2,7,-1,0,3,6,-5,4
41,No,Travel_Rarely,1315,Research & Development,2,7,Other,-4,671,4,Male,39,5,0,Manager,2,Married,19510,9358,3,Y,Yes,15,0,-4,77,-3,22,4,1,5,2,0,-3
46,No,Travel_Rarely (Modified),194,Research & Development,6,5,Life Sciences,5,543,2,Male,66,7,0,Research Scientist,6,Married,2649,9653,2,Y (Modified),No,25,3,1,81,1,5,4,-1,5,0,-5,6
56,No (Modified),Travel_Rarely,605,Sales,17,2,Life Sciences (Modified),5,1938,-1,Female,68,1,7,Manager (Modified),2,Married,17873,11758,2,Y,Yes,9,1,1,76,-2,33,3,-1,0,1,-2,-3
32,No (Modified),Travel_Frequently (Modified),484,Research & Development,8,0,Life Sciences,-1,1345,1,Male,82,5,5,Research Scientist,4,Single,4251,2694,-3,Y,Yes,11,5,2,80,0,9,2,0,9,2,3,5
22,Yes,Travel_Rarely,1215,Research & Development,7,4,Technical Degree,3,1105,-1,Male,30,3,2,Laboratory Technician,1,Married,3689,4605,-2,Y,Yes,14,6,1,79,-3,6,2,3,2,10,2,1
62,No,Travel_Rarely,692,Sales,11,8,Marketing,1,1237,4,Male,56,1,3,Sales Executive,4,Divorced,5219,10888,-1,Y,Yes,13,3,0,77,5,13,7,5,14,11,-4,4
43,No,Travel_Rarely,991,Research & Development,3,-1,Medical,-1,254,-1,Female,45,5,1,Manager,-1,Married,19036,6499,3,Y,No,18,3,3,81,-2,16,4,-1,18,5,6,12
37,No,Non-Travel,504,Research & Development,-3,6,Other,2,617,-3,Female,58,-1,2,Healthcare Representative,1,Single,6809,2116,2,Y (Modified),Yes,13,-1,-1,82,-4,11,1,3,11,6,0,2
47,No,Travel_Rarely,726,Research & Development (Modified),23,3,Life Sciences,5,1618,7,Female,86,4,0,Laboratory Technician,2,Married,3208,22103,0,Y,No,15,1,8,81,5,8,6,-1,11,9,4,2
26,No,Travel_Frequently,1096,Research & Development,8,-1,Other,5,1919,3,Male (Modified),63,5,-3,Laboratory Technician,4,Married,2545,7099,-1,Y,No,21,5,3,78,-2,4,3,6,4,11,3,2
27,No,Travel_Rarely (Modified),495,Research & Development,8,6,Medical,5,1513,1,Male,66,-2,7,Manager,1,Single,11240,21076,3,Y,No,26,-1,2,82,4,5,0,0,8,-3,-5,3
35,Yes,Travel_Rarely,1377,Research & Development,6,0,Other,-1,7,4,Male,87,4,-2,Laboratory Technician,2,Single (Modified),2094,2399,2,Y,Yes,18,-1,3,83,4,2,7,2,-3,0,-3,4
54,No,Travel_Rarely,158,Research & Development,10,0,Medical,-4,1983,0,Female (Modified),73,6,3,Manufacturing Director,0,Single,4436,25198,2,Y,Yes,17,4,6,83,0,8,7,0,1,1,-1,1
57,No,Travel_Rarely,688,Sales,24,6,Marketing,2,1577,4,Male,60,3,8,Manager,3,Married,19587,23040,3,Y,No,23,3,1,76,-2,33,-2,7,33,3,3,14
34,No (Modified),Travel_Rarely,1339,Sales,0,0,Life Sciences,4,225,2,Female,45,0,0,Sales Executive,1,Married,9422,8055,6,Y,No,8,5,-2,79,4,9,5,5,8,7,2,3
51,No,Travel_Rarely,318,Sales,6,5,Marketing,0,741,3,Male,57,6,1,Sales Representative,4,Married,3873,9987,10,Y,No,19,3,1,80,0,1,-3,6,0,-2,-1,1
30,No,Travel_Rarely,548,Research & Development,12,3,Life Sciences,-3,932,1,Male,81,6,4,Laboratory Technician,-1,Divorced,2003,6892,4,Y (Modified),No,18,-1,2,75,3,2,4,7,3,0,4,0
51,No,Non-Travel,1262,Research & Development,3,1,Medical,-2,1113,3,Male,39,0,4,Manager,-1,Single,16885,16154,1,Y,No (Modified),17,1,6,76,1,29,-2,1,6,8,0,2
46,No,Travel_Frequently,290,Research & Development,-1,7,Life Sciences,-4,1551,8,Male,37,7,6,Healthcare Representative,6,Married,10121,18614,6,Y,Yes,12,-1,2,84,-3,27,0,-2,15,7,8,11
45,No,Travel_Rarely,197,Research & Development,28,0,Other,-1,1227,-1,Male,28,5,1,Research Scientist,1,Single,4539,7745,3,Y,No,21,8,-3,77,-1,20,-1,5,15,13,8,13
35,No,Travel_Frequently,706,Research & Development,7,4,Medical,-3,1628,-4,Female,83,4,5,Manufacturing Director,7,Single (Modified),5040,3135,4,Y,No,17,2,0,81,3,13,-3,-4,5,-2,-2,12
33,No,Travel_Rarely,511,Sales,11,-2,Medical,-2,1351,3,Female,66,-1,0,Sales Executive,-1,Single,6124,23549,1,Y,No,8,2,4,84,-4,13,6,2,12,10,7,4
39,No,Travel_Rarely,715,Research & Development,2,7,Life Sciences,-4,1653,-2,Female,42,1,1,Healthcare Representative,0,Married,8007,22792,4,Y,No,15,7,6,77,4,13,4,1,-1,-3,2,-1
44,No,Travel_Rarely,1398,Sales,-2,6,Marketing,-4,1199,7,Female (Modified),65,2,0,Manager,0,Married,17043,24096,9,Y,No,26,3,-3,75,0,30,2,-1,21,15,11,11
41,No,Travel_Rarely,116,Sales,11,-1,Life Sciences,5,1599,0,Female (Modified),87,1,-3,Sales Executive,5,Married,4642,11261,2,Y,No,11,-1,-1,80,5,9,3,6,4,-1,-3,0
28,No,Non-Travel,1312,Research & Development,-4,6,Medical,5,1996,0,Male,55,-1,5,Laboratory Technician,1,Divorced,2009,20441,-3,Y,No,11,3,7,76,6,5,2,5,-1,2,4,3
37,Yes,Travel_Frequently,231,Research & Development,11,4,Life Sciences,-3,1811,5,Male,91,1,-1,Laboratory Technician (Modified),2,Married,5350,6204,1,Y,No,20,7,0,81,5,8,7,5,9,4,-2,4
30,Yes,Travel_Rarely,411,Sales,21,0,Life Sciences,5,1169,3,Female,40,3,-1,Sales Executive,4,Married,7332,11161,0,Y,No,15,3,2,79,-2,14,3,-4,14,9,2,14
53,No,Travel_Rarely,1311,Sales,12,0,Marketing,3,1752,4,Female (Modified),79,2,5,Sales Executive,1,Single (Modified),4510,8192,2,Y,No,16,-2,-2,84,-3,5,-3,7,7,-2,-2,7
60,No,Travel_Rarely,718,Research & Development,-1,4,Life Sciences,4,1027,0,Female (Modified),69,-1,4,Manufacturing Director (Modified),0,Single,13723,21828,2,Y,Yes,13,0,-4,75,-5,27,6,-2,1,2,3,7
32,Yes,Travel_Rarely,804,Research & Development,-4,-1,Life Sciences,5,815,0,Female,36,2,-1,Laboratory Technician,-4,Married,2314,6688,1,Y,Yes,6,1,-1,79,2,5,1,1,1,1,0,0
42,No,Travel_Rarely,271,Research & Development,-3,4,Medical,4,771,2,Male,88,7,5,Research Scientist,7,Married,3054,20472,2,Y,Yes,17,1,1,84,-3,4,-2,-3,3,-4,-5,3
36,No,Non-Travel (Modified),549,Human Resources,-1,4,Human Resources (Modified),1,1724,-2,Male,56,0,5,Human Resources,-1,Married,6428,20790,1,Y (Modified),No,14,5,5,82,4,7,5,-2,-1,3,-3,0
17,No (Modified),Travel_Rarely,958,Research & Development,-1,-1,Life Sciences (Modified),5,658,4,Female,84,6,-3,Research Scientist,0,Single,2835,11752,0,Y,No,13,6,2,75,1,-2,1,3,-1,-5,4,-4
27,Yes (Modified),Travel_Rarely,528,Research & Development,2,4,Life Sciences,-4,363,2,Male,76,3,5,Laboratory Technician,3,Single,3480,14934,0,Y,No,13,2,-1,84,-1,1,2,-2,-5,2,-5,-2
39,No (Modified),Travel_Rarely,135,Research & Development,1,1,Life Sciences,2,92,-2,Female,59,6,-3,Laboratory Technician,2,Married (Modified),3037,21999,4,Y (Modified),No,13,-2,0,78,-2,0,0,3,4,4,3,4
49,No (Modified),Travel_Rarely,1315,Sales,10,2,Marketing,-3,1752,4,Female,80,5,-3,Sales Executive,0,Single,4505,8189,-1,Y,No (Modified),10,5,6,79,-3,3,-3,7,5,-4,-3,5
46,No,Non-Travel,245,Research & Development,18,2,Life Sciences,5,1002,2,Male,44,7,4,Laboratory Technician,4,Married,3637,14035,-3,Y,Yes,11,3,4,78,4,4,1,6,12,5,-5,8
38,No,Travel_Rarely,130,Sales,-1,6,Marketing (Modified),2,1284,6,Female,87,2,3,Sales Executive,5,Single,4533,6035,4,Y,Yes,15,-2,3,78,3,2,0,6,7,1,-3,-3
27,No (Modified),Travel_Rarely,1351,Sales,-1,2,Other,3,130,5,Female,34,3,2,Sales Executive,7,Married,4997,17517,0,Y,No,16,6,-1,76,-3,-1,-3,2,4,2,1,1
37,Yes,Travel_Rarely,1203,Sales,3,3,Technical Degree,1,1095,-1,Male,89,3,2,Sales Executive,-1,Single,9583,10334,1,Y (Modified),Yes,26,2,2,81,-3,5,5,-1,3,2,2,2
43,No,Travel_Rarely,1132,Research & Development,5,2,Medical,-2,415,6,Male,47,2,0,Healthcare Representative (Modified),1,Divorced,9617,10942,2,Y,No,21,1,-1,82,0,15,3,6,22,5,7,6
32,Yes,Travel_Rarely,334,Research & Development,23,6,Medical,-1,1384,8,Male,94,7,6,Manufacturing Director,1,Married,6182,21053,4,Y,Yes,11,1,4,75,3,10,-1,-1,14,-3,9,2
32,No,Travel_Rarely,679,Sales,22,4,Medical,-3,1945,5,Male,68,7,1,Sales Executive,1,Married,5557,15979,-1,Y,No,20,2,3,83,2,1,3,2,7,3,0,6
29,Yes,Travel_Rarely,215,Sales (Modified),13,4,Life Sciences,-2,1761,5,Female (Modified),78,7,7,Sales Executive,-3,Single,8568,10091,3,Y,Yes,16,1,0,77,3,8,2,1,-5,-2,1,0
43,No,Travel_Rarely (Modified),964,Research & Development,0,0,Technical Degree,2,1257,3,Male,79,0,-3,Laboratory Technician,-3,Single,2563,16617,5,Y,No,15,4,2,77,-3,5,6,4,4,4,3,4
50,No,Travel_Rarely,246,Sales,1,-2,Marketing (Modified),-4,907,-1,Female,33,-2,5,Sales Executive (Modified),5,Married,4535,17785,2,Y,Yes,26,5,4,75,3,9,5,4,4,1,10,8
17,No,Non-Travel,1124,Research & Development,-2,5,Life Sciences,5,1369,7,Female,101,2,4,Laboratory Technician,5,Single,1609,19304,-1,Y,No,19,6,3,76,3,-3,7,-1,4,-5,0,4
40,No,Travel_Rarely (Modified),1451,Sales (Modified),26,1,Medical,-3,1040,6,Female (Modified),51,5,1,Sales Executive,7,Married,13319,11736,0,Y,Yes (Modified),14,2,7,76,3,24,-3,7,9,8,6,12
23,Yes,Travel_Rarely,1423,Sales,1,1,Marketing (Modified),-1,670,5,Male,88,7,3,Sales Representative,4,Divorced,3041,16342,-3,Y,No,11,5,1,75,-2,0,4,1,2,1,1,0
54,No,Travel_Frequently,234,Sales,9,1,Life Sciences,1,1280,6,Male,82,3,2,Manager,6,Divorced,19851,19197,0,Y,Yes,20,4,5,75,-1,33,2,0,24,13,10,6
29,No,Travel_Rarely,269,Research & Development,4,2,Technical Degree,5,848,0,Male,46,3,2,Research Director,3,Divorced,12811,8846,-3,Y,Yes,12,6,-3,81,-4,6,1,7,8,8,2,9
54,No,Non-Travel,581,Sales,31,7,Life Sciences,5,2022,-1,Male,38,7,0,Sales Representative,4,Divorced,3479,19784,5,Y,No,13,1,3,81,5,20,2,6,6,10,-5,-4
30,Yes,Travel_Frequently,573,Research & Development,1,2,Technical Degree,5,511,-1,Male,72,6,1,Research Scientist,0,Single (Modified),3097,6586,1,Y,No,17,2,4,75,1,9,4,-2,5,8,3,3
29,No,Non-Travel,283,Human Resources,1,-3,Life Sciences,-4,1858,0,Male,47,6,0,Human Resources,2,Divorced,2708,10497,5,Y,No,16,4,-1,81,-4,3,-3,5,6,4,4,4
28,No (Modified),Travel_Frequently,1134,Research & Development,16,-2,Life Sciences,1,1872,-1,Female,73,1,4,Research Scientist,-4,Married,4774,23841,3,Y,No,17,-1,3,78,4,9,5,-3,8,5,10,0
31,No,Travel_Rarely,952,Research & Development,4,0,Medical,0,1122,8,Female (Modified),93,1,0,Manufacturing Director (Modified),0,Divorced,7659,8035,-3,Y,No,19,2,2,79,-1,7,3,3,10,7,5,6
27,No,Travel_Rarely,975,Research & Development,11,5,Technical Degree,2,1594,8,Male (Modified),40,6,0,Research Scientist,7,Married,2070,12824,6,Y,No (Modified),20,7,8,84,2,2,-1,-1,5,0,1,-2
57,No,Travel_Rarely,1080,Research & Development,8,0,Medical (Modified),5,250,1,Female,52,7,0,Manufacturing Director,-3,Divorced,4448,26253,5,Y,No,15,7,4,79,-2,4,1,0,3,6,5,0
41,No,Travel_Rarely,1329,Research & Development,4,6,Other,4,479,1,Male,96,3,6,Healthcare Representative,6,Single (Modified),6781,17073,2,Y (Modified),No (Modified),20,3,3,82,3,17,3,-1,-3,-5,4,3
28,No,Travel_Rarely,1165,Human Resources,11,3,Medical,4,872,0,Male,60,-1,-1,Human Resources,4,Divorced,4932,23961,5,Y,No,12,-2,-1,82,0,7,4,6,7,2,-1,6
47,No,Travel_Rarely,1225,Research & Development,8,1,Life Sciences,3,1864,3,Male,90,-1,7,Research Director,-1,Married,19663,13585,-1,Y,No,16,6,0,75,4,29,1,1,19,6,9,9
25,No,Travel_Rarely,579,Research & Development,5,-3,Life Sciences,-4,1272,3,Male,56,1,2,Research Scientist,1,Single,2875,9976,1,Y,Yes,19,-1,1,78,1,11,2,-2,6,0,1,-2
25,No,Travel_Rarely (Modified),1180,Research & Development (Modified),16,5,Medical,-4,1213,0,Male,79,1,-1,Laboratory Technician,-1,Married,3200,12452,5,Y,No,9,-2,4,79,3,6,3,7,8,4,6,-1
28,No,Travel_Rarely,1284,Research & Development,10,4,Medical,-2,138,4,Male,66,3,0,Research Scientist,2,Married,2885,26897,0,Y,No,14,-2,3,83,-1,-2,6,-2,2,0,5,-1
39,No,Travel_Rarely,1130,Research & Development,13,1,Medical,1,1802,5,Male,95,8,5,Healthcare Representative,-3,Married (Modified),5538,5695,9,Y,No,17,7,7,76,5,9,0,3,4,-4,-3,0
40,No,Travel_Rarely,413,Research & Development,12,-1,Medical,1,1307,1,Female (Modified),94,-2,6,Manager,1,Divorced,17118,17330,8,Y (Modified),Yes,16,3,1,79,2,19,3,-1,14,4,19,4
24,No,Travel_Rarely,1356,Human Resources (Modified),20,-3,Life Sciences,0,173,2,Female,56,3,-3,Human Resources,2,Married,2937,8916,4,Y,No,26,7,-1,75,-3,12,2,6,11,10,3,4
53,No,Travel_Frequently,1238,Research & Development,13,3,Medical,4,1066,-3,Female,67,-1,-1,Research Scientist,1,Married,2942,12153,-1,Y,No,19,1,5,77,-3,14,1,7,7,2,-3,3
21,No (Modified),Travel_Rarely,1352,Research & Development,24,4,Life Sciences,-4,563,4,Female,86,0,2,Research Scientist,7,Divorced,2888,3033,-1,Y,No,20,5,-1,78,2,2,2,3,-2,1,2,3
32,No,Travel_Rarely (Modified),413,Sales,4,-3,Marketing,-3,581,3,Male,53,3,5,Sales Representative,3,Single,2985,18400,3,Y (Modified),No (Modified),13,4,-4,79,0,6,1,6,7,-3,0,-2
35,No,Travel_Frequently,465,Research & Development,4,6,Technical Degree (Modified),2,1259,6,Male,45,-2,5,Research Scientist,0,Married,3689,9257,4,Y,No,15,4,6,77,-4,10,4,2,14,14,-1,4
50,Yes,Travel_Frequently,564,Sales,6,-1,Technical Degree,1,718,6,Male,48,-2,6,Sales Executive,0,Married,6799,23450,3,Y,Yes (Modified),9,1,3,75,-3,14,4,3,4,3,-3,1
27,No,Non-Travel,1500,Research & Development,-3,-4,Technical Degree,2,212,7,Male,38,2,3,Manufacturing Director,1,Married,4314,26287,2,Y,No,9,1,-2,78,-4,7,0,4,14,11,-5,11
36,No,Travel_Rarely (Modified),1152,Research & Development,-3,1,Medical,-3,109,-2,Male (Modified),92,4,1,Manufacturing Director,1,Married,4322,17738,-1,Y,No,12,2,7,80,0,7,5,2,7,-3,2,-2
47,No,Travel_Rarely,1321,Research & Development,29,-2,Life Sciences,-2,1317,6,Female (Modified),40,2,3,Research Director,4,Married,16881,22426,6,Y,Yes,12,2,-2,78,-3,21,-1,-2,-2,1,-2,4
25,No,Non-Travel,212,Sales,3,0,Marketing,-1,445,2,Male (Modified),74,5,-2,Sales Executive (Modified),3,Married,6351,22105,3,Y,Yes,12,1,7,84,-3,9,0,6,9,6,-3,5
35,No,Travel_Frequently (Modified),874,Research & Development,13,1,Medical,-3,276,3,Male,46,4,1,Research Scientist,-2,Divorced,3816,5972,2,Y,Yes,12,4,6,84,0,1,1,6,9,4,4,-3
34,Yes,Travel_Rarely,1107,Human Resources,12,5,Technical Degree,-2,1466,5,Female,51,3,-3,Human Resources (Modified),1,Married,2744,3067,-4,Y,No,19,5,0,76,-2,0,-3,2,-1,-3,2,5
27,Yes,Travel_Rarely,107,Research & Development,23,2,Life Sciences,5,14,3,Male,52,1,0,Laboratory Technician,0,Single,2026,12949,2,Y,Yes,12,3,5,79,-1,1,2,0,0,-2,-3,4
22,No,Travel_Rarely,1051,Research & Development,3,0,Life Sciences,5,1024,-4,Female (Modified),46,2,-1,Manufacturing Director,0,Married,4225,4654,-2,Y,No,18,7,6,75,4,4,-2,-1,-1,3,6,6
26,No,Travel_Rarely,1283,Sales,29,2,Technical Degree,-4,1571,5,Male,31,6,-2,Sales Executive,0,Married,9248,17797,-2,Y (Modified),No,13,-2,6,79,3,12,2,2,0,-2,5,1
47,No,Non-Travel,984,Research & Development,9,6,Life Sciences,5,1471,-1,Male,86,-3,2,Laboratory Technician,5,Single,3158,7975,1,Y,No,11,-1,5,79,-4,7,9,1,0,5,3,0
40,No,Travel_Rarely,128,Research & Development,8,4,Life Sciences,0,101,-3,Female,58,1,2,Laboratory Technician,6,Married,3034,21997,4,Y,No,9,5,1,83,1,7,6,3,1,-4,0,-1
39,No,Travel_Rarely,720,Sales,1,5,Marketing,0,1838,4,Female,72,-1,-1,Sales Representative,2,Married,5403,4247,3,Y,Yes,22,7,4,79,6,16,7,1,6,-1,4,1
33,Yes,Travel_Rarely,1036,Research & Development (Modified),12,5,Medical,-3,194,5,Female,42,-1,4,Laboratory Technician,3,Single,4200,10228,9,Y (Modified),No,22,2,2,84,-3,10,2,6,8,7,-3,5
21,No,Travel_Rarely,975,Research & Development,11,6,Technical Degree,0,1592,7,Male (Modified),49,4,3,Research Scientist,2,Married (Modified),2073,12829,-3,Y,No,14,2,7,76,-4,3,3,1,-1,0,2,-2
31,Yes,Travel_Rarely (Modified),887,Research & Development,4,0,Medical,4,828,1,Male,49,0,2,Research Scientist,-2,Single (Modified),4385,16374,10,Y,No (Modified),12,4,-1,78,-4,6,3,-2,3,5,2,0
36,No,Non-Travel,574,Research & Development,5,-2,Medical,3,107,-1,Female,78,2,-2,Research Scientist,2,Divorced,5332,15715,9,Y (Modified),Yes,14,5,0,76,5,12,5,5,15,8,4,8
32,No,Travel_Rarely,699,Sales,30,0,Marketing (Modified),3,2033,8,Female,91,-2,2,Sales Executive,7,Married,6707,8976,-2,Y,No,21,4,2,80,-3,4,-1,4,9,9,3,3
34,No (Modified),Travel_Rarely,668,Research & Development,9,4,Other,4,137,-2,Female,38,-2,-2,Research Scientist,1,Single (Modified),4809,12482,4,Y,No,17,7,7,80,4,11,-1,7,17,11,6,14
31,No,Travel_Rarely,497,Sales,24,9,Marketing,4,745,4,Male,97,7,-2,Sales Executive,0,Divorced,5301,25278,5,Y,No,20,8,8,78,1,7,6,-2,5,10,8,7
58,No,Travel_Rarely,1254,Research & Development,3,3,Life Sciences,-3,1444,-1,Female,91,2,5,Research Scientist,2,Married,2062,10491,1,Y,No,21,2,3,84,1,5,5,6,1,-2,-1,4
29,No,Non-Travel,1398,Sales,18,0,Other,-2,566,6,Female (Modified),64,-1,4,Sales Executive,-1,Married,8409,2886,0,Y,No,7,-1,0,76,0,9,-2,6,13,8,9,8
42,No,Travel_Rarely,1308,Research & Development,3,7,Medical,5,1608,5,Female,27,-1,2,Research Director (Modified),5,Divorced,19044,3551,2,Y (Modified),Yes,10,0,5,83,1,18,3,3,26,8,-3,11
26,No,Travel_Rarely,404,Research & Development,6,7,Life Sciences,-3,488,1,Male,43,1,3,Research Scientist,0,Single,2659,7550,3,Y,Yes,19,1,6,76,-1,-2,4,7,0,-2,2,2
38,No (Modified),Travel_Rarely,448,Research & Development,-3,-1,Life Sciences,-4,630,2,Female,66,3,6,Manufacturing Director (Modified),-2,Married,6446,15696,3,Y,No,13,2,-2,84,4,8,-3,-2,2,3,3,-2
34,No,Travel_Rarely,1240,Sales,11,4,Life Sciences (Modified),-1,1561,0,Male,43,1,3,Sales Executive,-1,Married,6393,10590,0,Y,No,10,6,7,76,-4,12,2,-2,3,6,-3,3
30,Yes,Travel_Rarely,330,Research & Development,17,2,Medical,0,1389,0,Male,94,6,0,Manufacturing Director,1,Married,6176,21058,4,Y,Yes,10,7,6,75,1,8,-2,-2,9,4,1,4
34,No,Non-Travel,731,Research & Development,3,7,Life Sciences,-1,705,6,Male,36,0,2,Laboratory Technician,2,Married (Modified),1284,16895,-2,Y,No,21,7,5,75,-3,-2,1,7,1,1,-4,-4
31,No,Travel_Rarely,461,Research & Development,5,-1,Other (Modified),5,51,7,Male,75,0,3,Laboratory Technician,-1,Divorced,1947,10912,4,Y,No,11,5,4,82,-3,4,-1,-1,2,-1,2,-1
29,No,Travel_Rarely,1000,Sales,9,-2,Technical Degree,-4,1753,0,Male,52,-1,5,Sales Executive,5,Married,8348,20939,-4,Y,No,21,3,5,80,4,8,0,6,3,1,4,3
47,No,Travel_Rarely (Modified),1276,Research & Development (Modified),1,5,Medical,-1,46,2,Female,73,7,-1,Research Scientist,5,Divorced,2648,21926,0,Y,No,11,1,1,76,3,4,4,3,1,1,4,7
44,No,Travel_Rarely,1269,Research & Development,-3,-1,Medical,3,42,8,Female,72,7,0,Research Scientist,-2,Divorced,2644,21923,3,Y,No,16,6,4,81,4,1,7,-1,9,4,3,7
29,No,Travel_Rarely,1290,Sales (Modified),33,-1,Technical Degree,0,1566,5,Male,31,-1,4,Sales Executive,-1,Married,9252,17799,-2,Y,No,10,2,5,82,1,9,6,6,6,0,0,5
24,No (Modified),Travel_Rarely,1158,Research & Development,9,3,Medical,-4,378,7,Male,89,7,3,Research Scientist,4,Married,2065,2616,5,Y,No,24,-1,8,75,4,3,1,0,9,1,1,6
33,No,Travel_Rarely,1319,Research & Development,26,7,Life Sciences,-3,378,-3,Female,66,2,6,Manager,1,Divorced,11992,19103,11,Y,No,15,0,6,78,2,10,7,0,10,2,3,2
33,No,Travel_Rarely,743,Research & Development,11,4,Life Sciences,-4,102,7,Female (Modified),62,-2,0,Manufacturing Director,0,Single,4425,20677,3,Y,No,23,-1,7,84,-3,6,5,-2,15,10,3,10
43,No,Non-Travel,790,Research & Development,3,5,Life Sciences,-1,1733,-1,Male (Modified),73,1,-1,Laboratory Technician (Modified),8,Married,6474,8986,5,Y (Modified),Yes,10,-1,7,75,2,8,2,7,10,6,3,3
34,No,Travel_Rarely,924,Research & Development,-1,-2,Life Sciences,2,152,2,Female,39,-1,2,Laboratory Technician (Modified),8,Divorced,2836,2558,9,Y,No,20,6,-2,83,4,3,6,5,-2,3,-5,2
32,No,Travel_Rarely,935,Research & Development,0,7,Medical,4,962,6,Male,82,2,1,Laboratory Technician,5,Single,2516,12286,2,Y,No,24,5,7,78,-4,14,2,6,10,10,-2,12
40,No,Non-Travel (Modified),593,Sales,4,-1,Life Sciences,-1,1842,6,Female,62,-2,5,Sales Executive,7,Married,5149,19669,-1,Y,No,23,0,6,82,-2,9,6,1,8,8,8,2
24,No,Travel_Rarely,490,Research & Development,4,1,Medical,3,1645,4,Female,84,8,-2,Research Scientist,5,Married,3512,22487,3,Y (Modified),No,18,6,3,75,4,7,2,-2,1,2,0,-2
51,No,Travel_Frequently,280,Research & Development,6,0,Life Sciences,5,-3,2,Male,58,2,-3,Research Scientist,0,Married,5129,24903,5,Y,No (Modified),24,0,7,80,-2,10,-1,0,12,6,-4,11
40,No,Travel_Rarely,864,Research & Development (Modified),11,0,Medical,-4,1937,1,Male,88,0,-1,Manufacturing Director,4,Married,5147,12318,-4,Y,No,22,1,7,82,1,13,-1,1,7,-1,11,4
37,Yes,Travel_Rarely,117,Sales,15,-1,Marketing,5,821,-2,Female,71,-1,4,Sales Executive,-2,Single,5320,26502,1,Y,No,15,6,1,84,-1,7,3,-1,4,2,3,-3
37,No,Travel_Rarely,140,Human Resources,5,1,Human Resources (Modified),0,755,6,Female,47,7,2,Human Resources,5,Married,6390,18766,7,Y,No,19,-1,3,76,4,13,3,-4,4,6,5,7
31,Yes,Travel_Frequently,1338,Human Resources,22,2,Human Resources,3,1947,4,Female,55,6,1,Human Resources,2,Married,2858,19556,5,Y,No,11,6,-1,84,-5,1,-1,5,0,3,0,-2
32,No,Travel_Rarely,1397,Research & Development,10,-3,Medical (Modified),1,1196,3,Female,51,5,0,Laboratory Technician (Modified),3,Married (Modified),3134,26342,2,Y,No (Modified),16,1,5,77,3,13,1,-2,10,4,-4,11
45,No (Modified),Travel_Rarely,703,Sales,9,0,Marketing (Modified),-3,725,4,Male,45,-1,5,Sales Executive,5,Single (Modified),4957,11823,-2,Y,No,9,7,0,78,1,19,5,5,7,10,5,4
48,No,Travel_Rarely,992,Human Resources,3,0,Life Sciences,2,1312,-1,Female,44,7,0,Human Resources,0,Single,3422,22961,5,Y,No,9,5,3,78,-1,5,6,0,5,1,7,10
42,No,Travel_Rarely,1322,Sales,5,2,Technical Degree,0,1864,0,Female,44,6,4,Sales Executive,0,Divorced,13225,7739,0,Y,No,10,-2,6,77,0,26,7,5,21,14,6,11
27,No,Travel_Rarely,608,Sales,10,3,Medical,-3,1304,1,Male,53,7,6,Sales Executive,6,Married,6210,11691,5,Y,No,16,3,4,77,3,13,8,5,10,4,-5,10
27,No,Travel_Rarely,1054,Research & Development,-1,2,Life Sciences,-3,1029,4,Female,46,1,-3,Manufacturing Director,3,Married,4223,4662,1,Y,No,17,4,3,83,-1,8,0,5,-1,-2,4,5
36,Yes,Travel_Rarely,374,Research & Development,24,2,Life Sciences,1,906,-3,Male,83,-2,-2,Laboratory Technician,2,Single,2791,18014,-4,Y,Yes,20,8,2,81,-4,5,-2,2,3,-1,3,-3
39,No,Travel_Rarely,726,Sales,5,5,Marketing,1,1836,5,Female,73,2,-1,Sales Representative,6,Married,5406,4245,6,Y,Yes,17,7,3,77,3,21,5,-2,1,0,-5,4
55,No,Travel_Rarely (Modified),1371,Sales,4,-1,Medical,-2,979,4,Male,48,6,-1,Manager,1,Divorced (Modified),14852,13938,6,Y,No,8,6,7,82,5,20,-1,1,19,17,15,-1
35,No,Non-Travel,142,Sales,6,7,Medical,-4,629,0,Male,68,-2,-2,Sales Executive,5,Divorced,8837,24670,-4,Y,No,8,7,2,75,-3,7,3,1,11,5,3,4
42,No,Non-Travel,1331,Human Resources (Modified),3,-1,Human Resources (Modified),5,1800,2,Male (Modified),96,6,-4,Human Resources,1,Divorced,2594,7126,6,Y,No,12,-2,1,82,-1,15,-1,2,9,12,-1,4
42,No,Travel_Rarely,1130,Research & Development,12,5,Medical,4,1801,3,Male (Modified),98,8,2,Healthcare Representative,2,Married (Modified),5538,5692,0,Y,No,18,6,-2,84,-3,12,-3,-1,2,0,3,1
35,No,Travel_Rarely,192,Sales,0,4,Medical (Modified),3,622,-1,Female,75,2,4,Sales Executive,3,Single,4855,6701,-1,Y,No,17,3,3,81,-2,7,3,1,8,5,1,0
44,No,Travel_Rarely,895,Research & Development,4,7,Medical,0,1474,4,Male (Modified),66,2,5,Research Scientist,-2,Divorced,2342,8045,-3,Y,No (Modified),16,2,2,79,0,10,7,4,-2,-3,2,6
37,No,Travel_Frequently,887,Research & Development,7,-1,Medical,-4,406,-2,Male (Modified),57,1,4,Research Scientist,8,Married,2323,11406,-4,Y,Yes,14,2,3,78,5,5,5,6,6,1,3,3
30,No,Travel_Frequently,378,Sales,0,4,Life Sciences,0,884,-1,Male,48,2,-3,Sales Executive,4,Married,6520,8893,-2,Y,No,17,7,1,76,-3,8,-2,0,13,8,3,-2
30,No,Travel_Rarely,1357,Research & Development,4,3,Medical,4,149,2,Female,41,0,5,Manager (Modified),4,Single,11635,5619,6,Y,No,15,5,8,75,-3,14,1,1,11,12,0,9
33,No,Travel_Rarely,156,Research & Development,8,2,Life Sciences,3,2021,3,Female,43,5,3,Research Director,-1,Married,13743,15474,5,Y,Yes,26,-1,1,75,-3,15,2,3,18,14,7,4
34,No,Travel_Rarely (Modified),130,Research & Development,-2,2,Technical Degree (Modified),-3,366,6,Male,84,1,4,Laboratory Technician,2,Single,2177,19739,2,Y,No (Modified),16,-2,2,79,-4,12,6,-1,6,1,-2,1
36,Yes,Travel_Rarely,1214,Sales (Modified),8,0,Life Sciences (Modified),3,25,6,Male,81,6,-1,Sales Representative,-1,Single,3409,6984,11,Y,No,22,2,4,84,4,8,-1,2,4,6,-2,1
32,No,Non-Travel,1384,Sales,2,1,Marketing,0,523,2,Female,68,-2,5,Sales Executive,0,Married (Modified),6539,12738,9,Y,No,10,4,5,77,-2,9,6,5,-1,0,1,0
30,Yes,Travel_Rarely,1280,Research & Development,14,-1,Medical,1,583,-1,Male,58,2,3,Manager,5,Married,13612,24623,8,Y,Yes,9,4,-1,80,4,17,-1,3,6,3,5,4
31,No,Travel_Rarely,1475,Sales,1,3,Life Sciences,-4,1878,5,Male,64,3,4,Sales Executive,6,Married,9717,24445,0,Y,Yes (Modified),11,0,0,83,4,10,0,6,6,7,-3,-4
54,Yes,Travel_Rarely,1322,Research & Development,8,0,Life Sciences,5,1085,-4,Male,31,5,1,Research Scientist (Modified),1,Married,2458,10328,6,Y,Yes,14,6,6,77,5,19,4,4,10,-5,3,10
50,No,Travel_Frequently,278,Research & Development,6,-2,Life Sciences,-4,2,1,Male,60,-1,6,Research Scientist,2,Married (Modified),5133,24907,3,Y (Modified),No,23,6,8,82,0,7,4,1,9,2,-3,11
56,No,Travel_Rarely,819,Human Resources,4,4,Medical,-1,317,6,Male,50,-1,4,Human Resources,4,Married (Modified),2270,25659,9,Y (Modified),No,15,4,4,76,-2,9,4,-2,0,-2,3,0
43,No,Travel_Rarely,646,Research & Development (Modified),2,6,Medical,-3,283,-1,Male,96,7,3,Healthcare Representative,2,Divorced,9394,12365,10,Y (Modified),No,18,2,6,79,-1,16,2,-1,4,2,1,1
30,No,Travel_Rarely,531,Human Resources,8,2,Technical Degree,-3,1168,4,Male,98,-2,0,Human Resources,4,Single,4320,7104,0,Y,No (Modified),14,2,2,79,-5,5,-1,-1,3,5,0,1
49,No,Travel_Rarely,374,Research & Development,21,6,Medical,0,797,1,Female,92,0,2,Manufacturing Director (Modified),1,Divorced,5487,22666,7,Y,Yes,8,2,-2,75,2,9,0,4,4,5,-4,2
54,No (Modified),Travel_Rarely,942,Research & Development,26,7,Life Sciences,5,1000,5,Male,95,5,2,Manufacturing Director,5,Married,13970,4165,-2,Y,Yes,18,7,4,79,-2,22,-2,7,11,15,-1,7
37,No,Travel_Rarely,324,Research & Development,-1,7,Life Sciences,1,505,0,Female,95,-1,-2,Research Scientist,-2,Married,2546,11871,6,Y,No,17,3,-3,81,5,5,-1,3,4,5,3,-1
19,No,Travel_Rarely,1476,Sales (Modified),-1,2,Medical,5,1448,2,Female,38,4,-1,Sales Executive,6,Married,4166,15213,4,Y,Yes,14,4,5,81,2,4,4,0,5,4,-2,1
25,No,Non-Travel,276,Human Resources,-2,-2,Life Sciences,-3,1853,5,Male,42,6,-2,Human Resources,2,Divorced,2703,10489,-1,Y,No,18,1,6,75,2,6,6,6,4,6,3,0
33,No,Travel_Frequently,605,Sales,5,7,Marketing,5,1360,-3,Female,85,3,0,Sales Executive,3,Married,4637,2260,-1,Y,No,15,5,-1,82,-2,20,2,-1,18,9,7,11
39,No,Travel_Frequently,655,Research & Development,24,2,Life Sciences,-1,76,7,Female (Modified),47,4,1,Laboratory Technician,8,Single,2410,5452,4,Y,No,9,-2,1,82,-5,5,6,3,7,5,11,5
52,No,Travel_Rarely,1465,Research & Development,0,6,Medical,-3,1064,4,Male,66,2,2,Research Director,-2,Married,19237,12848,1,Y,Yes,8,3,7,84,-3,24,2,2,5,-2,8,8
49,No,Travel_Frequently (Modified),1425,Research & Development,5,4,Medical,-1,1211,5,Female,27,3,2,Manager,3,Married,17851,9486,-1,Y,No (Modified),20,4,-1,79,1,32,5,7,-1,4,2,-3
37,No,Travel_Rarely (Modified),897,Research & Development,5,2,Medical,-2,1472,6,Male,64,0,2,Research Scientist,1,Divorced (Modified),2340,8047,-2,Y,No,15,2,1,76,-4,7,2,3,-2,-4,4,0
43,No,Travel_Rarely,913,Research & Development,20,2,Life Sciences,0,343,1,Female,85,7,6,Research Scientist,2,Single,6543,23011,3,Y,Yes (Modified),13,0,5,84,-3,8,3,6,0,-3,-1,1
52,No (Modified),Travel_Rarely,635,Sales,23,6,Marketing (Modified),3,123,2,Male,66,-2,-3,Sales Executive,4,Single,5438,8419,-1,Y,Yes,23,0,7,77,0,13,3,-3,11,3,0,-1
18,No,Travel_Rarely,957,Research & Development,1,6,Life Sciences,0,653,8,Female,80,6,-3,Research Scientist,3,Single,2833,11755,-4,Y,No,14,6,2,81,-1,4,4,3,-2,-2,-3,3
23,No,Travel_Frequently,1132,Research & Development,19,4,Life Sciences,-4,1872,0,Female,72,3,3,Research Scientist,-2,Married,4770,23847,3,Y,No,19,6,0,78,0,11,5,-1,9,7,2,3
44,No,Non-Travel,355,Research & Development,13,0,Technical Degree,-4,1855,6,Male,35,2,-1,Research Scientist,7,Married,2932,6160,-1,Y (Modified),No,19,0,1,84,1,9,5,-1,9,4,-2,-1
28,No (Modified),Travel_Rarely,584,Research & Development,27,4,Medical,1,1617,-1,Female,43,-2,0,Manufacturing Director,-3,Divorced (Modified),4876,20457,-5,Y,No,25,5,1,77,-1,8,8,6,5,6,-4,1
34,No,Travel_Frequently,1294,Research & Development,2,2,Life Sciences,5,689,3,Male,33,1,-2,Healthcare Representative,1,Divorced,7724,5330,1,Y,No,24,7,5,76,2,12,0,2,17,14,1,7
27,No,Travel_Rarely,858,Research & Development,8,7,Other,-2,1100,0,Female,55,7,-2,Research Scientist,3,Single,3658,7912,5,Y,No,13,5,5,78,-3,8,3,6,7,4,4,7
25,No,Travel_Rarely,581,Research & Development,11,-1,Medical,2,1702,4,Male,60,7,0,Research Scientist,7,Married,4400,17616,2,Y,No,18,6,3,79,0,5,3,4,7,1,-2,3
34,No,Travel_Rarely,1307,Research & Development,10,5,Life Sciences,-4,521,1,Male,49,1,0,Manufacturing Director,6,Single,4196,21118,4,Y,Yes,9,1,2,78,-2,18,-3,4,0,1,2,-4
37,No,Travel_Rarely,808,Research & Development (Modified),6,5,Medical,4,758,0,Female,83,-1,-3,Research Scientist,-1,Single,2342,22929,-4,Y,Yes,18,1,4,80,1,4,1,3,3,-3,-3,2
51,Yes,Travel_Frequently,1096,Sales (Modified),6,7,Life Sciences,3,1713,-1,Male,78,-3,6,Sales Executive,-2,Married,12940,24160,6,Y,No,8,5,1,82,-4,26,-2,0,21,8,11,12
33,No,Travel_Rarely,1401,Sales,1,1,Life Sciences,4,1959,-4,Male,60,1,2,Sales Representative,-1,Single,2855,11472,-1,Y,No,18,2,2,81,-2,18,1,2,4,0,-1,-3
29,No,Non-Travel,1141,Research & Development,15,3,Medical,2,1951,3,Female,30,3,6,Healthcare Representative,0,Divorced,6671,16546,9,Y,No,21,-1,0,76,5,11,9,2,4,4,-2,2
51,No,Travel_Rarely,1305,Research & Development,0,-1,Medical,1,409,-1,Male,79,0,3,Manufacturing Director,5,Divorced,5481,16316,4,Y,No,19,3,7,80,0,16,6,-2,3,1,4,6
57,Yes,Travel_Rarely,432,Sales,-2,4,Medical,4,840,6,Male,39,7,-1,Sales Executive (Modified),3,Single,5156,21522,8,Y,No,12,0,4,76,0,7,-1,6,5,11,7,1
40,No,Travel_Rarely,853,Research & Development,1,5,Life Sciences,-3,50,1,Female,84,0,0,Research Scientist,-4,Married,3416,13075,7,Y,Yes,16,4,7,78,3,10,1,7,-2,3,-1,1
31,No,Travel_Rarely,1341,Research & Development (Modified),15,-2,Medical,3,19,-2,Male,88,-1,3,Laboratory Technician,4,Divorced (Modified),2656,8757,0,Y,No,7,5,0,83,2,5,-1,3,4,-3,0,-2
48,No (Modified),Travel_Rarely (Modified),919,Research & Development,2,-1,Life Sciences,4,1699,6,Female,92,2,6,Healthcare Representative,8,Married,7880,14807,4,Y,Yes,14,-2,5,79,-4,10,0,6,9,5,10,8
31,Yes,Travel_Rarely,406,Research & Development,27,5,Technical Degree,-3,569,4,Female,70,-2,3,Research Scientist,1,Married,2548,18297,9,Y (Modified),No,14,5,4,81,3,9,4,2,-2,4,-3,2
26,No,Travel_Rarely,741,Research & Development,3,6,Life Sciences,5,95,-2,Female,65,7,4,Manufacturing Director,6,Single,4421,20681,5,Y,No,18,4,2,83,4,7,-3,7,7,4,3,3
39,No,Travel_Rarely,1036,Human Resources,9,1,Human Resources,-4,829,-2,Male,35,2,-1,Human Resources,6,Married,2147,25527,0,Y,No,17,-2,-3,79,5,9,0,1,6,-1,0,4
41,Yes,Travel_Rarely,1368,Research & Development,3,3,Other,2,-1,2,Male,88,5,4,Laboratory Technician,-1,Single,2090,2391,4,Y,Yes,19,0,1,76,-2,10,5,2,-2,-5,-3,2
50,No,Travel_Rarely,1228,Research & Development,5,4,Life Sciences,0,1498,4,Male,32,0,6,Healthcare Representative,0,Married (Modified),4035,16141,-2,Y,Yes,18,6,4,81,-4,6,-3,3,1,3,5,0
32,No,Travel_Rarely,465,Research & Development,5,1,Other,-2,51,4,Male,79,4,-3,Laboratory Technician,8,Divorced,1946,10914,4,Y,No,14,6,3,77,4,-3,7,3,4,-5,2,-5
32,No,Travel_Rarely,396,Research & Development,-4,-2,Life Sciences,0,1443,2,Female,87,0,-2,Laboratory Technician,0,Married,3297,3705,4,Y,No,20,7,-1,82,1,5,4,-1,5,-1,-2,2
59,No,Travel_Rarely,717,Research & Development,5,4,Life Sciences,-2,238,-1,Female,65,3,1,Research Scientist,1,Divorced,4258,13940,8,Y,Yes,13,-1,6,81,2,14,-2,7,4,-2,-1,2
33,No,Non-Travel,1284,Sales,0,5,Marketing (Modified),-1,1759,6,Female,62,-2,6,Sales Executive,3,Single,5148,10696,6,Y,No,13,2,1,82,2,11,5,0,11,2,0,4
44,No,Non-Travel,341,Research & Development,9,5,Life Sciences,-2,1812,1,Male,56,3,4,Research Scientist,2,Single,2436,24978,6,Y,No,13,7,-2,84,-5,5,-2,1,2,2,2,-2
35,No,Non-Travel,531,Sales,18,-1,Life Sciences,-3,1682,-1,Female,36,4,4,Sales Executive,5,Divorced,5364,16132,2,Y (Modified),Yes,23,8,1,79,5,10,-1,1,5,6,-1,-2
32,No,Travel_Rarely,168,Sales,5,3,Medical,1,512,-1,Male,56,2,7,Sales Executive,0,Married,7592,3808,2,Y,No,9,5,3,80,-2,5,0,3,5,9,12,-4
39,No,Travel_Rarely,1215,Research & Development,-4,3,Medical,2,104,1,Male,34,3,0,Research Scientist,-1,Single,2854,26278,-3,Y,No,22,1,0,77,0,6,-2,3,1,2,-4,1
21,No,Travel_Rarely,161,Research & Development (Modified),0,5,Medical,-1,1953,0,Male,97,7,4,Laboratory Technician,5,Single,2869,20009,-4,Y,No,9,4,5,82,-5,4,1,3,5,6,7,3
42,No,Travel_Rarely,1335,Research & Development,10,-1,Life Sciences,2,87,4,Male,55,3,-2,Research Scientist,-1,Divorced,9725,18788,0,Y,No,14,-1,5,78,-1,28,-3,3,3,-4,3,-5
41,No,Travel_Rarely,1190,Research & Development,7,6,Medical,-1,464,3,Male,58,6,-3,Manufacturing Director,1,Divorced,6344,23173,11,Y,No,12,2,-1,75,3,4,-2,4,1,6,-1,1
42,No,Travel_Rarely,542,Human Resources,5,2,Technical Degree,3,470,0,Male,51,0,5,Human Resources,-2,Divorced,2694,24019,0,Y,Yes (Modified),7,3,-1,80,4,-1,4,6,7,2,2,3
26,No (Modified),Travel_Rarely,1081,Research & Development,-3,4,Medical,2,97,4,Male,86,4,-4,Research Scientist,5,Single,2501,18772,-1,Y (Modified),No,16,-1,0,82,3,-1,2,1,4,-4,-1,-4
52,No,Travel_Rarely,1487,Research & Development,8,1,Life Sciences,-3,1488,-2,Male,34,0,-2,Healthcare Representative,6,Divorced,10466,20945,3,Y,No,15,-1,1,76,2,27,4,-2,6,3,4,8
23,No (Modified),Travel_Rarely,999,Research & Development,4,-1,Medical,2,374,1,Male (Modified),101,4,0,Research Scientist (Modified),4,Single,3228,10530,-4,Y,No,20,-2,5,84,1,-1,4,7,0,-1,-3,0
37,Yes,Travel_Rarely,1455,Sales (Modified),14,3,Marketing,-4,1732,0,Male,100,2,5,Sales Executive,4,Divorced,6132,8662,4,Y,Yes,16,6,2,79,-1,12,4,0,3,1,1,-3
31,No,Travel_Rarely,400,Research & Development,1,1,Technical Degree,-3,1382,-1,Female,102,5,4,Healthcare Representative,7,Single,6686,6161,-4,Y,No,7,-2,4,76,4,13,1,7,11,6,5,11
30,No,Travel_Rarely (Modified),1358,Research & Development (Modified),1,4,Medical,4,156,-1,Female,41,-1,-1,Manager,-3,Single,11634,5615,0,Y,No,11,1,4,75,1,9,1,5,12,12,3,5
28,Yes,Travel_Rarely (Modified),210,Sales,14,7,Life Sciences,5,1761,-1,Female,70,1,4,Sales Executive,-2,Single,8568,10088,2,Y,Yes,19,3,4,78,-3,14,-2,5,-3,-2,3,-3
50,No,Travel_Rarely (Modified),992,Research & Development (Modified),7,-3,Medical,2,77,-3,Female,38,2,3,Research Director,2,Divorced,18739,16705,0,Y,Yes,8,5,8,82,-2,26,0,0,29,7,14,4
41,No,Travel_Rarely,344,Sales,16,3,Marketing (Modified),-2,872,5,Male,70,2,3,Sales Executive (Modified),-2,Divorced,6332,24554,-1,Y,No,23,5,3,80,-1,6,1,4,-2,2,0,-2
21,Yes,Travel_Rarely,422,Sales,4,3,Life Sciences,-3,1699,0,Male,101,0,1,Sales Representative,2,Divorced,2275,25105,-4,Y,Yes,21,-1,-1,83,3,3,-1,7,6,1,2,-1
29,No,Travel_Rarely,332,Human Resources,21,-2,Other,-1,1420,-1,Male,51,2,0,Human Resources,4,Single,7989,9770,-2,Y,No,14,3,0,81,2,9,3,-2,7,5,4,13
31,No,Travel_Rarely,1080,Research & Development,4,5,Medical,-2,1706,-1,Female,43,-1,2,Laboratory Technician,-2,Married,2973,25408,5,Y,No,14,2,1,77,-3,10,5,5,8,2,3,4
37,No,Travel_Rarely,884,Sales,1,-1,Life Sciences (Modified),-4,983,2,Male (Modified),93,7,1,Sales Executive,8,Divorced,7820,6811,9,Y,No,8,0,4,81,-2,8,-2,1,10,12,1,3
41,No,Travel_Rarely,556,Research & Development,4,4,Medical,-4,521,1,Female,73,-3,-2,Laboratory Technician,7,Married,3451,13434,10,Y,No,19,-1,-2,76,2,18,-1,-1,5,-3,-3,-3
23,No,Travel_Rarely,825,Sales (Modified),2,0,Medical,2,912,4,Male,94,6,1,Sales Executive,6,Single,4905,24248,5,Y,No,15,5,6,75,2,2,2,-2,-1,3,0,5
34,No,Travel_Frequently,138,Research & Development,23,6,Medical,2,1285,2,Female,42,2,0,Laboratory Technician,2,Divorced,4441,22534,4,Y (Modified),No,17,-1,5,80,-2,10,4,4,15,10,9,6
55,No,Travel_Rarely (Modified),427,Research & Development,9,5,Life Sciences (Modified),0,112,6,Male,97,6,4,Laboratory Technician,1,Married,2072,18722,0,Y,No,25,3,6,83,-2,13,3,1,8,3,1,6
24,Yes,Travel_Rarely,408,Research & Development,22,5,Technical Degree,-3,567,5,Female,70,2,4,Research Scientist,1,Married,2542,18301,4,Y,No,15,1,-2,76,2,9,1,1,6,-3,-3,1
21,Yes,Travel_Frequently,1307,Sales,9,4,Marketing,0,610,-3,Male,67,5,-1,Sales Representative,5,Single,1873,8054,3,Y,Yes,16,5,6,82,-5,1,-1,-1,-1,1,2,1
54,No,Travel_Rarely,322,Research & Development,4,-1,Medical,-4,539,-1,Male,38,5,7,Manufacturing Director,1,Married,7966,19604,3,Y (Modified),Yes,14,-1,7,83,2,30,-1,-1,4,6,-2,3
48,No,Travel_Rarely,1195,Research & Development,3,1,Life Sciences,2,1285,6,Male (Modified),95,2,5,Manager,2,Divorced,19188,17475,-4,Y (Modified),No,15,3,3,79,-3,25,5,6,26,5,9,16
21,No,Travel_Frequently,564,Research & Development,4,2,Technical Degree (Modified),3,1644,4,Female,33,-1,5,Research Scientist,6,Single,3764,17214,-3,Y,Yes,14,3,7,84,4,2,3,5,2,3,-3,-2
29,No,Travel_Rarely,730,Sales,20,-3,Medical,4,1863,-2,Female,32,0,1,Sales Representative,6,Married,3540,7014,4,Y,No,23,6,7,77,-1,8,4,2,11,10,2,10
31,No,Travel_Rarely,987,Research & Development,0,8,Medical,2,566,-1,Male,93,1,1,Research Director,3,Married,11936,21523,0,Y,No,16,1,0,78,-3,10,-2,-2,13,-1,-4,9
27,No,Non-Travel,117,Sales,0,6,Medical,-2,127,-3,Male,41,3,3,Sales Executive,-2,Married,4220,8867,2,Y,No,13,2,-3,75,3,0,6,-1,6,1,-3,5
39,No,Travel_Frequently (Modified),661,Research & Development,4,7,Medical,-3,85,5,Male,81,6,-3,Research Scientist,-1,Married,2197,5871,7,Y,No (Modified),13,-1,2,81,-1,1,0,-2,7,3,-4,3
45,No,Travel_Frequently,1418,Research & Development,5,5,Medical,4,1212,7,Female,32,4,8,Manager,2,Married,17854,9488,-1,Y,No,23,4,7,84,4,36,0,7,1,-3,6,2
47,No,Travel_Rarely,554,Research & Development,28,6,Life Sciences,-2,1889,6,Female,89,6,2,Manufacturing Director,7,Married,5906,23892,-4,Y,No,15,-2,4,82,6,14,-3,2,9,12,1,6
38,No (Modified),Travel_Rarely,1272,Research & Development,15,4,Life Sciences,-4,586,8,Male,67,4,2,Healthcare Representative,1,Married,7634,14294,-1,Y,Yes,15,4,1,77,2,6,-2,5,4,4,0,-5
46,No,Travel_Rarely,1129,Research & Development,16,7,Medical,1,1798,-2,Male,97,5,2,Healthcare Representative,2,Married (Modified),5534,5694,1,Y,No (Modified),16,6,5,84,3,9,3,4,-4,-3,-1,0
39,No,Travel_Rarely,657,Sales,6,6,Marketing,0,954,-2,Male (Modified),71,2,4,Sales Executive,6,Divorced,9702,20649,6,Y,No,13,7,6,84,-3,15,6,-1,3,2,-4,-2
38,No,Travel_Rarely (Modified),737,Research & Development,2,-4,Life Sciences,0,1291,5,Male (Modified),61,0,1,Research Scientist,7,Married,3509,6018,-1,Y,Yes,16,0,1,75,0,8,0,4,6,-1,3,5
58,No,Travel_Rarely,323,Sales,1,6,Life Sciences,5,1253,5,Female,43,3,2,Sales Executive,7,Single,5169,16490,1,Y,No,15,0,7,82,0,11,2,3,3,4,-4,7
19,Yes,Travel_Rarely,152,Sales,10,7,Life Sciences,1,498,3,Female,87,0,3,Sales Representative,-2,Single,2714,25425,0,Y,No,14,7,-1,75,4,-1,3,-1,-2,4,-1,-1
34,No (Modified),Travel_Rarely,1354,Research & Development,4,1,Medical,4,152,-1,Female,48,5,5,Manager,3,Single,11633,5618,1,Y,No,13,7,7,84,1,11,10,2,6,6,7,8
36,Yes,Travel_Frequently (Modified),504,Research & Development,14,2,Medical,3,339,-3,Male,65,-1,-1,Manufacturing Director,7,Divorced,10045,22572,5,Y,No (Modified),14,6,-2,76,0,17,7,-1,3,-3,2,1
38,No,Travel_Rarely,786,Research & Development,9,2,Other,-3,665,4,Male,46,6,8,Research Director,0,Divorced,16630,2669,2,Y,Yes,15,7,5,78,4,24,3,6,-2,-2,-1,-5
35,No,Travel_Rarely,1304,Research & Development,22,6,Technical Degree,2,332,-2,Male,63,7,2,Research Scientist,4,Divorced,3314,24448,-2,Y,No,20,1,-3,78,1,6,7,5,13,11,6,10
23,No,Travel_Rarely,1216,Research & Development,0,2,Life Sciences,-2,432,-2,Female,85,0,-2,Research Scientist,-2,Single,2479,20933,-4,Y,Yes,9,7,5,82,-4,5,0,3,2,-1,-1,5
39,Yes,Travel_Rarely,1102,Sales,-3,4,Life Sciences,0,-3,-1,Female,96,0,4,Sales Executive,5,Single,5994,19482,10,Y,Yes,12,5,2,80,-1,10,1,-4,2,4,-1,2
29,No,Travel_Rarely,633,Research & Development,30,3,Medical,1,247,8,Female,99,-1,-2,Research Scientist,1,Single,2307,5706,-1,Y,No,17,0,-1,77,0,12,0,3,5,3,2,6
51,No,Travel_Rarely (Modified),1250,Research & Development,-4,3,Life Sciences,3,1437,0,Female (Modified),92,-1,5,Research Scientist,1,Married,2061,10490,2,Y,No,22,1,-1,75,-1,9,0,-1,0,4,-4,-3
36,No,Travel_Frequently,1447,Human Resources,-3,6,Other,0,1974,4,Male,88,5,-1,Human Resources,4,Married,2994,5221,-4,Y,Yes,15,1,-2,79,2,6,1,5,3,-3,-3,4
30,No,Travel_Rarely,1353,Research & Development,3,3,Life Sciences,2,1603,2,Male,61,1,-2,Laboratory Technician,3,Married,2694,7709,-3,Y,No,16,6,1,75,1,3,9,6,-3,3,-1,3
27,No,Travel_Rarely,1373,Sales,17,-1,Life Sciences (Modified),3,1395,3,Male,95,7,5,Sales Executive,4,Married,6232,12480,5,Y,No,6,6,3,77,3,5,3,4,7,-1,5,2
31,No,Non-Travel,211,Research & Development,7,5,Life Sciences,-1,1630,7,Female,47,5,6,Healthcare Representative,5,Married,4144,12248,5,Y (Modified),No,8,2,6,79,2,12,4,7,17,13,5,7
33,Yes,Travel_Rarely,1176,Research & Development,31,1,Medical,-1,283,6,Male,69,5,3,Healthcare Representative,4,Married,6675,11352,2,Y,Yes,17,6,0,79,-2,12,0,7,-3,0,-3,2
35,No,Travel_Frequently,115,Research & Development,13,-1,Other,1,1236,1,Female (Modified),77,6,0,Laboratory Technician,1,Married,2744,7331,-3,Y,No,23,0,4,78,-1,2,2,7,6,-1,2,0
42,No,Travel_Rarely,1283,Research & Development,8,5,Medical,-1,1448,1,Male,85,8,2,Research Scientist,-2,Married,2123,5562,0,Y,Yes,7,1,5,83,-4,11,9,4,6,4,-1,7
37,No,Non-Travel,752,Sales (Modified),20,1,Marketing,-3,163,3,Male,90,4,4,Sales Executive,6,Married,6144,15479,-3,Y,No,17,1,-3,84,3,4,5,5,8,6,0,5
42,No,Travel_Frequently,843,Research & Development,9,0,Medical,1,1002,-1,Male,64,2,3,Research Director,-1,Divorced,19416,3731,5,Y,No,21,2,2,80,-3,21,6,4,14,17,-2,14
36,No,Travel_Frequently,1303,Research & Development,5,-1,Life Sciences,5,1595,1,Male,78,4,-2,Laboratory Technician,3,Married,5559,19706,5,Y,Yes,11,0,3,83,4,8,6,6,7,3,3,4
23,No,Travel_Rarely,214,Research & Development,4,1,Life Sciences,3,1022,4,Male,91,1,-3,Laboratory Technician,-1,Married,2447,6877,-2,Y,No,13,4,-2,82,0,2,1,5,4,-2,5,3
37,Yes,Travel_Rarely,298,Sales,23,5,Marketing,-2,1322,4,Male,55,-2,6,Sales Executive,0,Single,9096,17239,4,Y,Yes,13,7,2,76,4,8,0,6,3,1,5,1
36,No,Travel_Rarely,598,Sales,6,2,Marketing,3,1444,3,Male,92,5,6,Sales Executive,0,Married,9208,23346,5,Y,No,12,3,6,76,5,3,3,6,1,-1,-3,-1
34,No,Travel_Frequently (Modified),663,Research & Development,15,7,Other,-2,309,-1,Male,44,-2,-2,Research Director,6,Divorced,12185,10056,0,Y,Yes,13,5,-2,82,-1,7,-4,3,5,4,2,4
33,No (Modified),Travel_Rarely,211,Research & Development,4,2,Medical,-3,175,4,Male,83,5,-1,Manufacturing Director,2,Divorced (Modified),4936,2823,1,Y,No,23,4,7,75,0,11,-2,1,-2,6,1,-4
38,No,Travel_Frequently,1269,Research & Development,5,1,Medical,-4,871,6,Male,30,1,1,Research Scientist,3,Single,2517,9072,4,Y,Yes (Modified),10,2,2,80,-5,6,1,0,3,-4,-1,4
41,No,Travel_Rarely,1116,Research & Development,-1,0,Life Sciences,1,73,-4,Male,49,1,0,Manufacturing Director,6,Divorced,5995,2690,0,Y,No (Modified),16,-1,5,77,-4,11,5,-1,3,4,-4,6
33,No,Travel_Rarely,656,Research & Development,6,-1,Life Sciences,-2,77,6,Male,45,0,-1,Laboratory Technician,3,Divorced,5910,9525,2,Y (Modified),No,18,-1,7,82,3,14,4,6,2,6,2,8
58,No,Non-Travel,394,Research & Development,2,0,Life Sciences,5,426,2,Male,36,-3,3,Healthcare Representative (Modified),7,Divorced,5657,17058,2,Y (Modified),Yes,17,7,6,75,-2,16,-2,3,2,3,-1,5
34,No,Travel_Rarely,1144,Human Resources,25,0,Life Sciences,5,2036,6,Female,33,6,-2,Human Resources,6,Single,8838,16637,2,Y,Yes,20,5,3,75,-2,13,2,-2,7,-5,0,5
52,Yes,Travel_Rarely,865,Sales,1,6,Marketing (Modified),2,49,-1,Male (Modified),89,1,1,Sales Representative,1,Married,2678,3808,-1,Y,Yes,15,0,2,77,-4,2,2,1,7,4,3,-3
25,No (Modified),Travel_Rarely,567,Sales,9,1,Medical,2,1839,4,Male,44,4,6,Sales Executive,0,Single,4688,9125,2,Y,No,9,4,2,84,0,6,2,3,4,4,1,-1
46,No,Travel_Rarely,295,Research & Development,-2,2,Life Sciences,1,2034,3,Male,57,1,9,Manager,4,Married,18883,17316,6,Y,No,8,-2,0,81,-3,23,0,-2,22,9,1,18
35,No,Travel_Rarely (Modified),554,Research & Development,14,2,Life Sciences,3,1613,7,Female,77,-1,-3,Manufacturing Director,6,Married,4667,12417,12,Y,Yes,16,7,0,81,5,6,-1,-1,-2,-2,3,-1
33,Yes,Travel_Rarely,210,Sales,15,7,Life Sciences (Modified),-3,1754,4,Female,71,5,4,Sales Executive,5,Single (Modified),8568,10093,3,Y,Yes,24,6,0,80,0,10,5,6,-2,4,1,4
58,No (Modified),Travel_Rarely,1441,Research & Development (Modified),17,6,Technical Degree,4,1009,2,Female,55,-1,-1,Manufacturing Director,4,Married,10742,13944,8,Y,No,14,2,0,84,0,20,1,3,14,5,-1,8
27,No,Non-Travel,1106,Research & Development,16,6,Medical,-2,1947,3,Male,44,7,5,Research Scientist,7,Single,2144,2126,-4,Y,No,16,5,6,78,3,3,2,2,3,4,-2,7
30,Yes,Non-Travel,1363,Research & Development,19,-3,Technical Degree,-3,1085,2,Male,76,3,-1,Healthcare Representative,2,Single,8722,12352,2,Y,No,15,2,-2,81,2,10,-3,2,6,2,5,8
30,No,Travel_Frequently,716,Sales,3,3,Other,-4,1612,4,Male,53,3,3,Sales Executive (Modified),-4,Single,5335,21601,10,Y,No,9,7,5,78,-1,12,4,0,4,-3,-4,-1
48,No,Travel_Rarely,1096,Research & Development,3,5,Medical,-1,1257,1,Male,89,3,0,Manager,4,Married,18707,12127,4,Y (Modified),No,9,4,1,79,3,22,5,4,-3,3,-3,1
27,Yes,Travel_Frequently (Modified),1440,Research & Development,-1,2,Life Sciences,-2,1458,4,Female,96,4,5,Manufacturing Director,-2,Single (Modified),7445,8935,5,Y,No,8,2,3,79,1,7,2,2,10,11,2,5
30,No (Modified),Travel_Rarely,1298,Research & Development,19,-3,Medical,-3,535,1,Male,83,-1,-3,Laboratory Technician (Modified),0,Divorced,4560,13539,0,Y,No,8,1,8,83,-1,9,3,4,12,0,-1,5
39,No,Travel_Rarely,272,Research & Development,4,4,Medical,0,769,-1,Male,93,2,-3,Research Scientist,6,Married (Modified),3055,20473,1,Y,Yes,16,2,6,76,3,4,-2,-4,0,2,4,2
44,No,Travel_Rarely (Modified),641,Sales,-1,3,Marketing,-1,537,5,Male,52,6,1,Sales Executive,0,Married,8387,19566,-2,Y,No,18,3,5,83,0,13,-1,1,8,4,-3,7
36,Yes,Travel_Rarely (Modified),1256,Research & Development,4,2,Life Sciences,-3,1692,2,Male,96,0,5,Laboratory Technician,5,Single,1388,24848,4,Y,No,12,-1,2,77,0,1,-1,3,4,-5,3,-5
25,No,Travel_Rarely,351,Research & Development,24,3,Technical Degree,3,1551,2,Male,55,6,1,Laboratory Technician,4,Divorced,2295,10035,-1,Y,No,12,-2,-3,82,-2,6,-2,5,0,-4,-3,0
49,No,Travel_Rarely,191,Research & Development (Modified),9,4,Life Sciences,0,202,4,Male,58,0,-3,Laboratory Technician,5,Divorced,2344,10897,12,Y,No,17,5,5,83,-1,24,-2,5,18,12,2,10
34,No,Non-Travel,1181,Research & Development,2,1,Medical,5,1805,-3,Male,88,-2,-3,Manufacturing Director,6,Divorced,5764,24442,5,Y,No,10,-1,6,78,3,17,8,6,11,3,5,6
46,No,Travel_Frequently,368,Research & Development,4,1,Medical,-2,1646,0,Male,85,-3,5,Manager,8,Married,15199,5600,3,Y,No,29,0,5,82,2,19,0,2,1,3,5,-2
33,Yes,Travel_Frequently,744,Sales,20,2,Technical Degree,-2,1932,-1,Male,44,5,5,Sales Representative,2,Single,1087,10637,4,Y,No,18,5,8,83,2,-1,5,0,5,1,1,1
31,No,Travel_Rarely,658,Sales,-2,3,Marketing,-1,200,2,Male,96,7,3,Sales Executive,5,Married,7296,11434,-3,Y,No,12,3,4,75,-2,8,1,3,5,8,-5,2
34,Yes (Modified),Travel_Rarely,1460,Sales,9,9,Marketing,2,1737,1,Male (Modified),98,4,-1,Sales Executive,4,Divorced,6135,8661,9,Y,Yes (Modified),14,1,6,81,4,14,-1,5,1,-2,5,5
50,Yes,Travel_Frequently,721,Sales,22,1,Life Sciences,-2,788,1,Female,80,-1,4,Sales Executive,7,Single (Modified),6393,10343,-1,Y,Yes,15,0,3,82,0,12,4,3,6,7,2,1
25,No,Travel_Rarely,203,Sales,10,-2,Marketing,3,1405,7,Female,93,6,2,Sales Executive (Modified),8,Married,5770,7098,2,Y,Yes,13,1,-1,77,4,5,1,1,2,3,-1,7
46,Yes,Travel_Rarely,938,Research & Development,-1,-2,Life Sciences,-3,1331,2,Male,91,5,-2,Laboratory Technician,0,Married,2365,14667,6,Y,No,9,0,5,78,4,12,-1,7,5,-3,0,-2
25,No,Travel_Rarely,569,Sales,8,0,Medical,-2,1838,4,Male,42,3,3,Sales Executive,-1,Single (Modified),4679,9126,-3,Y,No,13,7,3,79,2,6,6,6,6,2,2,5
24,No,Travel_Rarely,391,Research & Development,14,6,Life Sciences,-3,29,-2,Male,100,-1,-3,Research Scientist,3,Single,1236,19285,1,Y,No,12,3,5,83,4,-2,1,-2,-3,1,-4,4
60,No,Non-Travel,392,Research & Development,1,6,Life Sciences (Modified),5,418,0,Male (Modified),31,3,2,Healthcare Representative,5,Divorced,5663,17053,0,Y,Yes,16,1,-1,76,-1,12,4,6,4,-1,0,0
32,No (Modified),Travel_Rarely,1252,Research & Development,20,6,Life Sciences,0,825,0,Male,77,3,0,Research Scientist,3,Married (Modified),2699,23783,4,Y,No,20,4,-2,77,2,11,6,1,5,3,-5,8
27,No,Travel_Rarely,854,Research & Development,8,4,Other,5,1098,-1,Female (Modified),61,2,1,Research Scientist,1,Single,3658,7910,-2,Y,No,13,1,4,75,4,5,6,-1,10,11,2,9
37,No,Travel_Rarely,416,Research & Development,8,2,Life Sciences,-1,25,-2,Female,52,1,3,Research Director (Modified),5,Single,11991,21295,-4,Y,No,11,5,0,79,-3,8,0,4,12,7,4,6
28,No,Non-Travel,640,Sales,27,-1,Technical Degree,5,474,5,Female,87,5,1,Sales Executive,2,Married (Modified),4731,6067,3,Y,Yes,10,-1,5,77,-1,8,6,3,5,0,2,-1
40,Yes,Travel_Rarely,1141,Research & Development,13,-2,Medical,-2,1034,3,Female,65,2,6,Healthcare Representative,0,Married (Modified),4779,14385,0,Y,No,17,3,1,84,4,13,-2,-4,3,3,-5,-3
33,No (Modified),Travel_Frequently,693,Research & Development (Modified),6,-1,Life Sciences,5,1383,3,Male,57,2,-1,Research Scientist (Modified),4,Divorced,2609,15749,-2,Y,No,9,5,2,82,1,6,1,5,5,2,3,2
24,Yes,Travel_Rarely,222,Research & Development,-2,4,Technical Degree,-2,1517,3,Male,104,3,4,Research Scientist (Modified),0,Single,2359,7566,5,Y,No,11,5,2,84,-2,11,2,1,7,4,3,2
36,No,Travel_Rarely,113,Research & Development,23,5,Life Sciences,-2,2016,-1,Male,52,5,0,Research Scientist,6,Single,4111,5336,11,Y,No,9,4,-2,84,4,17,0,4,9,4,2,9
25,No,Travel_Rarely,1227,Research & Development,5,1,Life Sciences,2,868,8,Male,34,-2,2,Manufacturing Director,-1,Married,4775,19141,8,Y,No,18,1,0,75,4,0,4,2,4,-3,0,4
37,No (Modified),Travel_Rarely,933,Research & Development,0,-2,Life Sciences,4,823,4,Female,47,6,2,Manufacturing Director,6,Married,6063,4047,12,Y,Yes,11,4,5,77,4,7,3,7,4,6,3,-3
26,Yes,Travel_Frequently,530,Research & Development,18,-2,Life Sciences,2,589,1,Male,70,1,1,Healthcare Representative,6,Married,9827,22907,6,Y,No,13,5,4,75,-3,14,5,-1,1,-2,1,-1
25,No,Travel_Rarely,687,Research & Development,1,7,Life Sciences,0,353,3,Female,61,-2,-1,Manufacturing Director,3,Married,4900,7500,1,Y,No,11,-2,8,81,-3,2,-2,7,2,-1,0,4
33,No,Travel_Rarely,466,Research & Development (Modified),2,-1,Life Sciences,-3,340,2,Male,79,5,-1,Manufacturing Director,4,Married (Modified),5960,23691,8,Y (Modified),No,8,6,-2,75,0,12,2,1,7,13,9,11
25,No,Travel_Rarely,1301,Research & Development,16,2,Medical,-3,531,7,Male,76,6,2,Laboratory Technician,4,Divorced (Modified),4558,13536,-1,Y,No,10,2,1,76,-4,9,-3,0,10,-5,-3,10
45,No,Travel_Rarely,266,Research & Development,-2,1,Medical,-4,1511,-2,Female,42,0,-3,Laboratory Technician,-2,Married,4788,23072,8,Y,No,25,2,4,83,2,8,3,5,0,6,0,1
40,No,Travel_Rarely,1010,Research & Development,1,3,Medical,1,1615,-2,Female,53,-4,6,Laboratory Technician,2,Single,5770,23444,0,Y,Yes,11,0,2,78,-3,5,6,-1,10,11,2,7
33,No,Travel_Rarely,168,Research & Development,7,7,Life Sciences,3,1437,1,Male (Modified),36,4,-1,Laboratory Technician,7,Single,5805,22601,-3,Y,No,12,7,0,83,-2,6,4,-2,10,0,-1,9
40,No,Travel_Rarely,359,Research & Development,3,6,Technical Degree,0,1235,3,Female (Modified),77,0,5,Manufacturing Director,3,Divorced,10249,4237,3,Y,Yes,21,-1,-2,79,0,20,1,3,6,9,4,5
36,No,Travel_Rarely,282,Research & Development,-4,6,Life Sciences,-1,2050,5,Female,62,-1,-3,Research Scientist,-1,Married,2981,8956,-3,Y,No,16,7,-1,83,-1,0,9,-2,2,-1,-3,4
35,No (Modified),Non-Travel (Modified),1107,Research & Development (Modified),33,7,Medical,1,1043,7,Female,67,1,-3,Laboratory Technician (Modified),2,Single,4025,11132,10,Y (Modified),No,7,6,5,80,-4,12,3,0,8,10,3,7
32,No,Travel_Frequently,1276,Sales,-3,1,Medical,2,1700,6,Male,31,1,4,Sales Executive,2,Divorced,9521,7673,3,Y,No,12,4,2,79,1,4,3,4,5,3,4,4
48,No,Travel_Rarely,1447,Research & Development,18,5,Life Sciences,3,1219,1,Male,54,1,2,Research Director,2,Married,19080,10844,1,Y,No,13,-2,-4,78,-2,22,4,-1,1,0,2,-1
25,No,Travel_Rarely,858,Research & Development,13,0,Other,-2,1095,7,Female,61,0,-3,Research Scientist,-1,Single,3658,7906,1,Y,No,10,7,1,78,4,13,4,5,12,6,0,10
24,No (Modified),Travel_Rarely,1374,Research & Development,12,6,Other,-3,2052,2,Male,41,-2,2,Laboratory Technician (Modified),1,Married,4021,23674,1,Y,Yes,13,0,0,84,3,10,-3,-1,4,-2,3,6
32,Yes,Travel_Rarely,1089,Research & Development,7,-2,Life Sciences,-2,1309,0,Male,79,2,-3,Laboratory Technician,7,Married,4887,22848,3,Y,No,19,0,-4,81,2,6,-1,1,9,6,0,5
29,No,Travel_Rarely,200,Sales,5,0,Marketing,4,1399,3,Female,97,-1,2,Sales Executive,2,Married,5773,7098,1,Y (Modified),Yes,15,7,1,81,-5,2,-2,4,3,1,3,4
43,No,Travel_Rarely,175,Human Resources,2,6,Life Sciences,3,1744,0,Female,60,-1,0,Human Resources,1,Married,9755,6591,6,Y,No,20,7,7,78,0,10,1,5,4,2,4,4
33,No,Travel_Frequently,656,Research & Development,5,4,Technical Degree,4,1594,7,Male (Modified),95,0,5,Healthcare Representative,-2,Married,5063,15329,-4,Y,No,11,-1,6,83,4,4,-1,-1,3,6,6,8
32,Yes,Travel_Rarely,466,Research & Development,5,2,Life Sciences,2,329,1,Female,34,5,4,Laboratory Technician,1,Married,2708,21506,5,Y,No,17,7,-3,81,3,17,0,5,6,5,2,10
40,No,Travel_Rarely (Modified),760,Sales,2,0,Marketing,0,513,-1,Female,43,3,-1,Sales Executive,-1,Divorced,5714,22551,10,Y (Modified),No,10,6,5,83,5,4,6,0,3,8,-4,0
34,No,Travel_Rarely,1226,Research & Development,5,-2,Life Sciences,1,60,1,Male,33,5,-2,Laboratory Technician,7,Married,2269,4895,5,Y,No,23,5,3,79,0,1,4,2,3,-5,4,-1
20,Yes,Travel_Frequently,541,Sales,6,1,Medical (Modified),0,1628,1,Female,69,0,-2,Sales Representative,-1,Single,1566,18423,4,Y,Yes,11,6,5,77,4,-2,4,0,-1,1,4,-2
31,No,Travel_Rarely,674,Research & Development,25,4,Life Sciences,1,18,-2,Male,31,-2,-1,Research Scientist,0,Divorced,2908,15166,-4,Y,No,12,2,6,75,0,5,-1,-3,0,-2,6,7
30,No,Travel_Rarely,1238,Sales,11,8,Life Sciences,5,1560,-4,Male,50,6,-1,Sales Executive,3,Married,6395,10587,3,Y,No,9,4,8,76,-2,7,1,1,5,0,4,-3
32,No,Non-Travel,1479,Research & Development,-2,0,Life Sciences,2,1312,7,Female,56,-1,3,Laboratory Technician,8,Married,6673,16392,1,Y,No,8,-1,5,79,0,5,4,2,13,10,3,4
32,No,Travel_Rarely,1019,Research & Development,1,6,Medical,5,339,1,Female,78,2,0,Research Scientist,1,Married,3920,18697,0,Y (Modified),No,17,-2,-3,77,1,16,-1,4,-2,3,4,0
43,No,Travel_Rarely,1220,Sales (Modified),1,7,Life Sciences,3,1676,-2,Female,50,8,2,Manager,6,Divorced,15972,21090,8,Y,No,12,7,-2,79,7,28,5,-2,1,2,3,1
24,No,Travel_Rarely,579,Research & Development,22,2,Medical,2,1617,-1,Female,42,-4,1,Manufacturing Director,2,Divorced,4880,20458,2,Y,No,18,3,1,84,-1,6,6,2,6,-2,3,2
28,Yes,Travel_Frequently,755,Sales,22,7,Marketing,-3,1965,-2,Male,65,6,5,Sales Executive,0,Married (Modified),5615,21079,-1,Y,Yes,6,7,4,84,0,5,1,4,9,10,4,5
37,No,Non-Travel,1142,Research & Development,6,-1,Life Sciences,3,1551,3,Male,67,7,-1,Healthcare Representative (Modified),3,Divorced,4069,8844,-1,Y,Yes,18,5,2,79,0,9,-3,5,0,4,-3,3
58,No,Travel_Rarely,1115,Sales,15,1,Life Sciences,3,600,4,Female,87,7,7,Manager,1,Single,16833,9870,0,Y (Modified),No,25,3,8,83,-5,40,5,3,12,9,3,4
38,No,Travel_Rarely,673,Research & Development,3,1,Other,-1,823,-1,Female,39,3,1,Manufacturing Director,6,Married,5225,23365,0,Y,No,18,0,-3,76,-3,10,-2,5,7,6,-5,1
28,No,Non-Travel,295,Research & Development,-4,-2,Life Sciences,1,877,1,Male,65,7,4,Laboratory Technician,7,Divorced,2309,9149,0,Y (Modified),No,12,-1,-1,82,-4,6,-2,3,-2,-3,4,2
26,No,Travel_Rarely,814,Sales,11,1,Life Sciences,-4,707,8,Male,54,0,2,Sales Executive,4,Married,4852,15674,-1,Y,No,17,7,5,83,3,0,4,3,0,-3,5,6
38,No,Travel_Frequently,1201,Research & Development,14,3,Life Sciences,2,2046,1,Male,81,4,3,Healthcare Representative,0,Married,5692,24589,5,Y,Yes,12,6,0,78,4,11,2,4,8,4,1,-2
40,No,Travel_Rarely,1458,Research & Development,3,5,Medical,-1,1192,-2,Female,83,-2,-4,Research Scientist,4,Married,4479,20097,6,Y,Yes,23,3,-1,78,-2,8,2,-1,3,4,2,4
16,No,Non-Travel,287,Research & Development,4,0,Life Sciences,-3,1016,6,Male,76,1,0,Research Scientist,2,Single,1049,13488,2,Y,No,12,6,0,75,1,-1,0,-2,2,0,3,0
23,No,Travel_Rarely,693,Research & Development,22,-2,Medical,-1,643,6,Male,88,5,-2,Research Scientist,-1,Married,2725,21628,-1,Y,Yes,14,2,5,77,-3,1,-2,1,8,6,-3,1
37,Yes,Travel_Frequently,145,Sales,8,-2,Marketing,5,486,4,Male,57,3,4,Sales Executive,1,Single (Modified),9352,9556,2,Y (Modified),No,20,1,2,81,-2,5,7,-1,12,9,8,10
41,Yes,Travel_Rarely (Modified),1165,Sales,4,5,Medical,-3,445,6,Female,36,6,-3,Sales Executive,0,Married,5237,17780,7,Y,Yes,22,-2,-4,75,2,8,5,-1,-2,-1,-2,-3
49,No,Travel_Rarely,1324,Research & Development,4,4,Other,5,1633,7,Female,56,-1,5,Manufacturing Director,3,Divorced,5767,5384,1,Y,No,19,0,5,78,4,12,6,5,9,4,7,11
28,No,Travel_Rarely,1326,Research & Development,2,1,Life Sciences,1,91,0,Male,72,2,3,Research Scientist,1,Married,2700,4958,2,Y,No,25,2,4,82,3,1,2,3,6,0,3,-1
28,No (Modified),Travel_Rarely,1421,Research & Development,4,1,Life Sciences,1,1501,4,Male,70,6,3,Research Scientist (Modified),-2,Divorced,1564,12525,0,Y,No,10,6,4,75,0,2,4,-1,1,-2,1,0
45,No,Travel_Rarely,418,Sales,28,-2,Medical,-1,1079,4,Male,76,0,-1,Sales Executive,2,Divorced,10798,5264,9,Y (Modified),No,15,3,3,83,3,13,9,5,-2,3,-1,2
39,No,Travel_Rarely,561,Sales,6,3,Marketing,4,652,1,Male,79,1,3,Sales Executive,7,Married,9597,3008,5,Y,Yes,10,4,-2,83,-2,21,7,2,1,-1,3,-1
34,No,Travel_Rarely (Modified),503,Sales,-3,4,Marketing,-1,1392,-2,Male,35,2,-1,Sales Executive,-3,Married,4074,20496,-3,Y,Yes,12,7,2,83,6,2,3,-3,3,-2,-3,6
46,No,Travel_Rarely,1036,Sales,15,6,Marketing,-4,325,6,Female,80,4,3,Manager,1,Married,16060,7744,1,Y,Yes,22,5,-2,81,-4,18,1,1,18,15,-2,7
37,No,Travel_Rarely,672,Research & Development,3,7,Other,2,819,-2,Female (Modified),36,7,3,Manufacturing Director,6,Married (Modified),5225,23360,-2,Y,No,11,-1,-2,77,-3,14,6,1,5,7,4,4
28,No,Travel_Frequently,893,Human Resources,11,2,Medical,5,1742,5,Male,62,5,-2,Human Resources (Modified),3,Married,2144,2098,0,Y,No,11,7,3,83,5,2,6,-2,2,-3,-2,3
14,Yes (Modified),Travel_Rarely,298,Research & Development,3,-1,Life Sciences,5,239,1,Male (Modified),46,-1,-3,Laboratory Technician,2,Single,1100,9239,5,Y,No,19,1,3,82,3,5,6,-3,1,-4,-4,4
24,No (Modified),Travel_Frequently,444,Sales,0,-3,Life Sciences,2,387,-3,Male,41,6,3,Sales Executive,0,Single (Modified),4554,20264,0,Y (Modified),No,19,5,4,77,-1,6,-2,2,9,9,3,8
48,No,Travel_Rarely,1236,Sales,15,-2,Life Sciences,5,1045,5,Female,89,1,5,Manager (Modified),1,Married,17652,5406,-2,Y,No,14,4,0,77,-3,28,1,3,4,7,3,3
25,Yes,Travel_Rarely (Modified),618,Research & Development (Modified),5,4,Life Sciences,4,922,1,Female,31,7,4,Manufacturing Director,7,Married,4169,10022,3,Y (Modified),Yes,19,4,2,80,1,5,0,0,0,2,0,6
21,No,Travel_Rarely,1124,Research & Development,17,4,Life Sciences,1,145,-2,Male,54,6,-3,Laboratory Technician,3,Married,2774,13261,-2,Y,No,15,4,2,81,2,2,0,1,2,5,-3,4
40,No (Modified),Travel_Rarely,410,Research & Development,12,2,Medical,-4,1311,6,Female,93,3,3,Manager,2,Divorced (Modified),17125,17331,9,Y,Yes (Modified),11,-2,0,84,6,20,-1,3,14,8,13,-1
25,No,Travel_Rarely,1385,Research & Development,-2,-1,Medical,-3,1173,0,Male,82,1,3,Laboratory Technician,2,Married,4417,13423,3,Y,No,18,8,-1,78,2,11,1,3,6,11,2,6
44,No,Travel_Rarely,1319,Research & Development,1,8,Other,4,674,7,Male,31,2,3,Manager,3,Married (Modified),19509,9358,1,Y,Yes,16,1,-2,79,-4,25,4,0,1,-3,-4,5
59,No,Travel_Rarely (Modified),690,Research & Development,16,2,Medical (Modified),-2,250,-2,Male (Modified),59,6,6,Research Director,0,Single,18723,13341,6,Y,No,8,-1,2,83,-5,38,-1,6,25,18,5,15
27,No,Travel_Rarely,656,Research & Development,5,-1,Life Sciences,5,77,8,Male,49,6,2,Laboratory Technician,2,Divorced,5912,9526,2,Y,No,17,4,-1,77,1,12,-1,-1,10,9,5,4
33,No,Travel_Rarely,1151,Research & Development,1,6,Medical,-2,110,4,Male,97,2,5,Manufacturing Director,-1,Married,4322,17738,4,Y,No,16,-2,7,77,-1,6,4,7,2,0,1,-2
32,No,Non-Travel,829,Research & Development,-3,2,Life Sciences,-3,292,6,Male,91,-2,0,Manufacturing Director,-1,Single,8471,20922,5,Y (Modified),No,18,2,4,79,-2,14,4,7,11,12,8,7
28,Yes (Modified),Travel_Rarely,107,Research & Development,23,-1,Life Sciences (Modified),2,14,5,Male,54,-1,-3,Laboratory Technician,3,Single,2025,12944,6,Y,Yes,12,5,5,77,4,10,0,2,-1,-2,4,7
42,No,Travel_Rarely,1242,Sales,13,3,Life Sciences,-3,1577,7,Male,77,1,-1,Sales Executive,4,Married (Modified),9921,12357,-1,Y,No,8,-2,3,78,1,12,2,5,12,4,8,6
34,No,Travel_Rarely,528,Research & Development,22,-1,Life Sciences,2,1321,1,Male,28,-2,6,Manufacturing Director,-1,Single,4532,13355,-1,Y (Modified),No (Modified),10,7,-2,84,-3,12,6,5,10,9,-3,11
26,Yes,Travel_Rarely (Modified),1417,Sales (Modified),0,-4,Marketing,4,670,0,Male,82,4,4,Sales Representative,-4,Divorced,3043,16342,2,Y,No,14,1,-2,75,2,6,0,7,6,4,-3,5
41,No,Travel_Frequently,571,Research & Development,3,2,Life Sciences,-4,810,3,Male (Modified),64,4,1,Manager,1,Divorced,18428,16221,5,Y,No,11,1,2,79,2,24,6,3,19,8,15,7
40,No,Travel_Rarely,896,Human Resources,3,3,Medical,-2,1547,2,Male,37,7,7,Manager,7,Single,16440,17382,0,Y,Yes,16,8,5,77,4,16,-1,1,18,9,8,8
44,No (Modified),Travel_Rarely,806,Research & Development,18,9,Life Sciences,-3,472,-2,Female,48,6,8,Research Director,4,Single,15996,15896,-1,Y,No,11,0,4,75,-4,19,4,2,5,-5,-2,1
49,No,Travel_Rarely,1455,Research & Development,5,7,Medical,1,1194,-3,Female,87,1,-1,Research Scientist,7,Married,4472,20101,1,Y,Yes,20,4,-1,79,0,7,0,-2,6,-2,3,1
47,No,Travel_Frequently,965,Research & Development (Modified),3,4,Medical,2,1297,-3,Female,40,-3,3,Laboratory Technician,2,Single,2833,4261,1,Y,No,16,7,-2,82,-3,9,6,2,2,1,4,4
39,No,Travel_Frequently,1279,Sales,0,-1,Medical,5,1702,2,Male,28,-3,1,Sales Executive,5,Divorced,9524,7679,3,Y,No,16,0,6,81,2,10,-1,1,10,3,2,-1
30,No,Travel_Rarely,650,Research & Development,6,7,Life Sciences,4,679,-4,Female,88,-1,-3,Research Scientist (Modified),0,Married,6326,18088,4,Y,Yes,7,0,5,77,3,7,5,2,3,5,2,2
27,No,Travel_Rarely,1222,Research & Development (Modified),6,3,Life Sciences,-4,895,6,Male (Modified),47,2,0,Research Scientist,8,Married,2352,14867,6,Y,Yes,22,3,-3,78,3,11,-2,3,3,0,1,3
44,No,Travel_Rarely,415,Sales,26,-1,Medical,3,1078,-1,Male (Modified),82,-1,-2,Sales Executive,3,Divorced,10795,5271,5,Y,No,11,2,7,75,2,22,9,4,0,-2,-5,3
44,No,Travel_Rarely,1141,Research & Development,3,2,Life Sciences,3,1896,-4,Male,98,0,3,Manager,-4,Divorced,16827,18988,-2,Y,No,9,-2,-3,84,-1,22,1,2,17,2,14,18
51,No,Travel_Rarely,719,Research & Development,26,3,Life Sciences,-4,1621,3,Female,80,-2,3,Laboratory Technician,3,Married,3210,22104,-1,Y,No,13,3,-1,78,4,7,6,0,5,1,-1,5
30,No,Travel_Rarely,1401,Sales,25,5,Life Sciences,-3,1558,-3,Female,98,0,5,Sales Representative,2,Married,2427,26202,3,Y,No,18,4,4,80,4,2,5,5,3,4,3,0
22,No (Modified),Travel_Rarely,1378,Research & Development,14,-1,Life Sciences (Modified),-1,1437,6,Male,86,0,-4,Laboratory Technician,-3,Married,2094,7675,0,Y,No,13,6,4,75,-2,2,6,4,7,-1,-3,1
34,No,Travel_Rarely,858,Research & Development,8,5,Life Sciences,0,831,2,Female (Modified),102,3,4,Manufacturing Director,6,Married,6164,19123,-2,Y,No,13,-1,2,80,-2,17,7,4,11,12,7,9
27,No,Non-Travel,1201,Research & Development (Modified),0,2,Technical Degree,-3,1574,1,Male,61,-1,-1,Research Scientist,2,Married (Modified),4084,25178,-1,Y,No,9,2,-2,76,0,4,7,6,2,8,3,-2
31,No,Travel_Rarely (Modified),819,Research & Development,2,-1,Life Sciences,-4,1185,5,Male (Modified),40,6,6,Manufacturing Director,6,Divorced,10270,19586,2,Y,No,14,0,5,84,-1,15,2,2,6,4,8,4
39,No,Non-Travel,1097,Research & Development,7,6,Medical,-2,65,5,Male,82,2,-1,Healthcare Representative,-1,Married,9879,8302,2,Y,Yes,9,6,7,77,-1,10,7,4,8,-2,5,0
30,No (Modified),Travel_Rarely,1380,Sales,0,5,Life Sciences,-3,433,3,Male,76,5,-1,Sales Executive,0,Single,4474,5246,4,Y,Yes,9,-2,0,82,3,5,4,-2,7,7,-5,0
34,No,Travel_Frequently,1235,Sales (Modified),23,0,Medical,0,896,3,Female,58,5,-3,Sales Representative,8,Married,2976,21226,6,Y,No (Modified),12,4,5,81,-2,11,0,0,6,0,1,-4
35,No,Travel_Rarely,1293,Research & Development,0,2,Technical Degree,4,461,5,Male,62,0,4,Manufacturing Director,4,Single (Modified),8094,18261,2,Y,No,17,0,3,78,-2,19,0,4,14,1,-4,11
33,No,Travel_Rarely,227,Sales,11,-3,Other,2,983,3,Male (Modified),65,2,7,Sales Executive,7,Divorced (Modified),7265,9981,6,Y (Modified),No,11,0,3,76,5,11,4,8,6,7,9,3
27,No,Travel_Rarely (Modified),941,Research & Development (Modified),0,1,Medical,0,837,3,Female,54,1,6,Manufacturing Director,2,Single,6874,20237,3,Y,Yes,24,8,1,83,-4,10,3,5,-2,-3,-1,-5
36,No (Modified),Travel_Rarely,109,Sales,14,3,Technical Degree,-2,1239,0,Female,83,1,6,Sales Executive,-1,Divorced,6849,11594,5,Y,No,16,6,0,83,2,8,-2,3,1,1,1,2
37,No,Travel_Rarely,1351,Research & Development,8,6,Medical,3,153,-1,Female,45,-2,1,Manager,-1,Single,11632,5618,5,Y,No,15,7,0,84,-5,15,1,6,14,10,2,11
32,Yes,Travel_Rarely,1143,Research & Development,6,4,Medical,2,1028,3,Female,56,1,5,Healthcare Representative,5,Married (Modified),4780,14383,6,Y,No,19,-1,-4,77,-1,18,3,2,3,-3,2,2
30,No,Travel_Frequently,571,Research & Development,3,4,Life Sciences,2,793,5,Female,71,-4,-3,Laboratory Technician,2,Divorced (Modified),4365,5286,4,Y (Modified),No,18,3,-3,82,5,0,4,0,1,5,5,-4
41,No (Modified),Non-Travel,253,Sales,13,4,Medical,-2,1324,0,Male,42,5,3,Sales Executive,3,Single,6148,22075,-2,Y,No,8,0,0,84,1,20,7,2,14,0,10,9
32,No,Travel_Rarely,1379,Research & Development (Modified),11,1,Life Sciences,-4,1794,4,Male,85,-2,-2,Healthcare Representative,-1,Married,8317,25951,6,Y,Yes,15,1,6,75,-2,11,5,2,11,3,3,5
28,No,Travel_Rarely,1289,Sales,33,3,Technical Degree (Modified),-3,1566,1,Male,32,-1,7,Sales Executive,3,Married (Modified),9251,17796,6,Y,No,15,6,-2,80,-3,8,3,7,7,6,3,-1
41,No,Travel_Rarely,250,Research & Development,2,-2,Other,-3,336,3,Male,70,8,2,Manager,7,Married,19205,15971,-4,Y,No,9,3,6,84,4,28,5,-1,22,-3,-2,10
29,No,Travel_Rarely (Modified),618,Sales,11,1,Medical,3,649,5,Male,38,-2,5,Sales Representative,5,Married,2091,26371,3,Y,No,8,6,5,76,-4,10,-3,6,7,8,4,1
33,No,Travel_Rarely,1277,Research & Development,26,6,Medical,-4,438,6,Female,64,-2,5,Research Scientist,1,Married,5778,11934,-3,Y,No,8,0,0,84,4,10,2,-1,8,8,-3,6
35,No,Travel_Rarely,541,Research & Development (Modified),28,-3,Other,1,647,2,Male,49,5,2,Laboratory Technician,8,Single,3680,14000,0,Y,No,13,0,-1,81,0,4,6,6,4,3,-4,0
17,No (Modified),Travel_Rarely,269,Research & Development,28,0,Life Sciences,5,1264,2,Female,56,5,4,Research Scientist,1,Single,2989,21222,5,Y (Modified),Yes,13,3,4,79,-4,-4,-2,1,1,2,4,5
30,No,Travel_Frequently,992,Sales,4,5,Life Sciences,-1,53,4,Male,41,5,-2,Sales Executive,4,Single,8721,2977,-2,Y,No,18,-1,-1,79,4,5,1,5,6,9,5,10
26,No,Travel_Rarely (Modified),1305,Research & Development,14,-2,Other,1,1623,4,Male,62,-1,5,Laboratory Technician,5,Divorced,4066,16287,1,Y,No,9,7,-4,80,-3,7,7,5,6,8,0,3
16,Yes,Travel_Rarely,421,Sales,17,-2,Other (Modified),4,954,5,Male,36,-2,2,Sales Representative,-3,Single,2119,9945,-3,Y,Yes (Modified),9,-2,3,80,0,0,0,0,-2,-1,-4,4
19,Yes,Travel_Frequently (Modified),1304,Sales,0,-2,Marketing,4,613,-2,Male,73,1,4,Sales Representative,0,Single,1881,8055,-1,Y,Yes,10,4,8,83,2,-5,3,-1,3,-5,-3,3
45,Yes,Travel_Frequently,704,Sales,11,5,Medical (Modified),-4,1695,-1,Female,99,0,2,Sales Representative,3,Married,2653,11736,-2,Y,Yes,8,-1,1,77,4,14,1,7,8,11,8,11
31,No,Travel_Rarely,1172,Sales,7,8,Marketing,0,1423,0,Female,99,-2,-2,Sales Executive,2,Single,9280,20762,5,Y,Yes,16,0,5,81,4,15,0,7,2,1,-3,2
41,No,Travel_Rarely,1488,Research & Development,23,-1,Technical Degree (Modified),5,1087,-3,Male,60,6,7,Healthcare Representative,1,Married,10323,26543,6,Y,No,24,3,4,81,3,14,1,7,6,9,15,-2
28,No,Travel_Rarely,1275,Research & Development,2,4,Medical,-4,139,2,Male,60,-2,0,Research Scientist,6,Married,2892,26901,4,Y,No,15,3,-1,80,1,4,3,0,0,-3,1,-3
32,Yes,Travel_Rarely,947,Sales,6,0,Medical,-3,1879,3,Male,84,1,2,Sales Representative,5,Single,1078,16023,2,Y,No,14,3,5,76,-3,2,3,-1,-4,-4,2,2
25,No,Travel_Rarely,1181,Research & Development,1,4,Life Sciences,1,1796,4,Male (Modified),86,3,-3,Research Scientist,2,Married,2041,5534,0,Y,No,14,0,-2,76,3,1,4,0,5,2,3,4
28,No,Travel_Frequently,1004,Research & Development,6,3,Life Sciences,4,12,2,Male,79,7,-2,Laboratory Technician,7,Single,3071,11865,-3,Y,No (Modified),9,1,0,84,3,9,2,3,4,10,4,9
25,No,Travel_Rarely,760,Sales,6,-1,Marketing,2,847,-1,Female,76,5,-1,Sales Executive,-3,Married,4774,3698,-3,Y,Yes,16,2,4,81,-4,10,2,7,12,9,9,2
34,No (Modified),Travel_Frequently,145,Research & Development,1,6,Medical,2,1707,0,Male,78,-2,5,Research Scientist,3,Single,4931,13968,-2,Y,Yes,14,6,2,79,3,8,2,5,9,3,3,1
39,No,Travel_Rarely,333,Sales,19,7,Marketing,4,1436,3,Female,95,5,-2,Sales Executive,-3,Married,5645,13496,8,Y,No,16,7,-4,79,-2,8,6,3,1,1,-2,5
18,Yes,Travel_Rarely,1329,Research & Development,8,7,Life Sciences,3,1075,7,Female,35,1,3,Laboratory Technician,3,Single,1411,17254,5,Y,No,15,4,-4,81,4,-3,4,-1,-1,4,-3,0
35,No,Travel_Frequently,825,Research & Development (Modified),-4,6,Other,-2,998,3,Female,79,3,0,Healthcare Representative,3,Married,5489,20163,5,Y,Yes,16,0,5,80,3,10,5,6,5,6,-2,-2
36,No,Travel_Rarely,397,Research & Development,4,0,Medical (Modified),-3,106,3,Male,26,7,6,Research Director,1,Single,13662,25257,6,Y,No (Modified),11,7,3,78,2,14,3,3,3,-2,-5,5
22,No (Modified),Travel_Rarely,582,Research & Development,-1,-1,Life Sciences,0,2005,-1,Male,58,3,1,Research Scientist,3,Single,3376,17627,-2,Y,No,9,5,-1,75,-3,1,1,-1,4,-1,-3,2
36,No,Travel_Frequently,676,Research & Development,3,6,Medical,3,447,-1,Male,58,-3,9,Manager,0,Married,19267,21140,0,Y,No,14,0,2,78,-2,23,2,6,17,12,11,4
28,No,Travel_Rarely,935,Research & Development,13,6,Medical (Modified),-2,253,-1,Female,70,6,3,Research Scientist,1,Married (Modified),2752,4673,3,Y,No,15,7,-1,77,5,12,5,1,3,8,-2,5
27,No,Travel_Rarely,948,Research & Development,1,3,Medical,5,1121,7,Female,91,3,-2,Manufacturing Director,0,Divorced,7657,8043,3,Y,No,15,5,0,78,0,6,3,-1,4,8,-2,11
26,Yes,Travel_Rarely,469,Research & Development,24,2,Technical Degree,-2,625,5,Male,64,-1,-3,Laboratory Technician,8,Single,2340,23216,-3,Y (Modified),Yes (Modified),22,2,1,80,3,-3,-2,-2,-4,3,4,-2
35,No,Travel_Rarely,1372,Research & Development,1,0,Life Sciences,-4,1969,4,Male,60,4,0,Manufacturing Director,2,Single,9682,10136,10,Y,No,28,0,5,81,0,10,-2,3,2,4,1,4
27,No,Travel_Frequently,794,Sales,1,-4,Life Sciences,-3,1375,-1,Male,44,1,-1,Sales Executive,-1,Single,5067,20388,1,Y,No,19,1,-3,82,3,9,7,-2,1,2,2,0
28,No,Travel_Frequently,431,Research & Development,20,6,Life Sciences,2,767,2,Male,83,-1,-2,Laboratory Technician,7,Married,5310,21141,1,Y,No,18,2,6,79,-3,12,5,6,8,5,8,11
33,No,Non-Travel,422,Research & Development (Modified),4,-2,Life Sciences,0,742,1,Female,64,0,5,Research Director,1,Married,11715,20334,13,Y,No,13,3,-1,76,-1,8,-3,5,10,3,2,6
33,Yes,Travel_Rarely,794,Sales,23,1,Medical (Modified),2,1486,2,Female (Modified),43,1,-2,Sales Executive,6,Single,4594,7814,-2,Y,Yes,22,1,6,80,-4,19,0,3,19,11,6,13
29,No,Travel_Frequently,1278,Sales,0,-1,Medical,-2,956,-1,Male,47,4,2,Sales Executive,4,Single,4294,11144,5,Y,No (Modified),11,-1,1,80,3,2,0,6,8,5,0,7
41,No,Travel_Frequently,219,Research & Development (Modified),20,7,Life Sciences,2,13,1,Male,47,2,0,Manufacturing Director,7,Single,9530,8789,-5,Y (Modified),No,17,0,-2,80,0,8,-3,-2,6,2,-3,7
46,No,Travel_Rarely,251,Sales,6,-3,Marketing,4,901,-2,Female (Modified),30,5,-2,Sales Executive,1,Married,4537,17779,3,Y,Yes,26,2,4,81,-2,4,-3,4,11,7,2,11
45,No,Travel_Rarely,427,Human Resources,13,4,Human Resources,-1,727,2,Male,70,1,8,Manager,1,Divorced (Modified),19144,8861,5,Y (Modified),No,14,3,2,84,3,25,5,2,18,5,14,8
13,Yes,Travel_Rarely,228,Research & Development,7,-2,Life Sciences,5,402,7,Male,55,2,-3,Laboratory Technician,7,Single (Modified),1416,25236,2,Y,No,8,-1,6,79,-4,-1,2,0,1,-3,-2,1
33,No,Travel_Rarely,779,Research & Development,11,4,Medical,5,1884,4,Male,79,7,-1,Research Scientist,-2,Married,4288,13588,4,Y,Yes,18,6,1,81,-2,20,0,7,1,-1,-3,8
53,No,Travel_Frequently (Modified),239,Sales,8,2,Life Sciences,-1,1281,5,Male,79,3,3,Manager,-1,Divorced,19851,19197,7,Y,Yes,25,2,0,79,4,34,8,-2,27,5,11,9
35,No,Travel_Rarely,527,Research & Development,15,2,Life Sciences,2,1319,2,Male,36,5,0,Manufacturing Director,5,Single (Modified),4537,13355,-2,Y,No,15,3,-3,79,2,8,4,6,10,6,-4,4
36,No,Travel_Rarely,1227,Sales,5,8,Life Sciences,4,1961,7,Female,59,-1,-1,Sales Executive,-1,Married,5205,13582,2,Y,Yes,9,3,1,83,0,7,-3,3,14,12,-4,12
46,No,Travel_Rarely,205,Research & Development,7,3,Life Sciences,5,1852,-1,Female,66,-1,2,Laboratory Technician,5,Single (Modified),2100,5408,2,Y,No,7,-1,2,82,4,8,5,2,-1,1,2,0
33,Yes,Travel_Rarely,621,Sales,0,0,Life Sciences,-2,965,2,Male,49,6,6,Sales Executive,-1,Married,10612,14923,7,Y,No,8,6,5,78,-5,18,1,-3,16,-2,14,2
34,No,Travel_Rarely,1360,Research & Development (Modified),24,-1,Life Sciences,-1,6,5,Male,66,5,-2,Laboratory Technician,6,Divorced,2697,13338,1,Y,No (Modified),23,0,5,79,0,5,2,4,0,-5,3,4
41,No (Modified),Travel_Rarely,1403,Sales,5,-2,Marketing,-1,1202,0,Female,67,6,7,Manager,3,Married,17045,24100,10,Y,No,22,-1,4,80,-4,29,5,7,28,16,12,11
44,No (Modified),Travel_Rarely,972,Research & Development,0,-3,Technical Degree,2,1255,6,Male,73,5,-4,Laboratory Technician,-1,Single,2555,16623,9,Y,No,8,6,4,75,-5,4,4,-1,-1,-3,3,4
33,Yes,Travel_Rarely,1018,Research & Development,22,-2,Medical (Modified),1,1111,-3,Male,52,3,-2,Research Scientist,2,Single,2317,2988,8,Y,Yes,17,3,-3,80,3,9,-3,0,-1,-2,4,6
24,No,Travel_Rarely,543,Research & Development,3,3,Medical (Modified),0,1621,-2,Male,98,7,-1,Research Scientist (Modified),-1,Single,3113,26010,1,Y,No,22,0,6,84,-5,3,6,-2,2,5,2,2
36,No,Travel_Frequently,708,Research & Development (Modified),6,4,Medical,-3,1628,1,Female,84,1,-2,Manufacturing Director (Modified),-1,Single,5041,3139,2,Y,No,8,0,0,75,2,9,1,-2,12,5,-2,7
35,Yes,Travel_Rarely,412,Sales,2,5,Marketing,5,1865,7,Male,79,5,2,Sales Executive,-1,Single,9910,26184,9,Y,Yes,14,2,1,75,1,6,6,-3,0,4,-3,2
41,No,Travel_Rarely (Modified),439,Sales,-1,6,Marketing,-2,1985,-2,Female,90,1,0,Sales Executive,-3,Married,5673,4259,0,Y,No (Modified),13,6,3,84,0,17,0,3,14,7,8,13
38,No,Non-Travel,1062,Research & Development,29,0,Medical,1,532,-2,Female (Modified),71,-2,0,Research Scientist,6,Married,4444,23864,-1,Y,Yes,15,4,5,79,2,18,-3,7,16,10,13,10
29,Yes,Travel_Rarely,1471,Sales (Modified),17,4,Marketing,2,1936,2,Female,87,4,4,Sales Executive (Modified),3,Single,9852,23351,5,Y,Yes,6,5,7,79,-5,9,3,-2,0,-1,1,4
27,Yes,Travel_Rarely,1004,Research & Development,1,5,Technical Degree,0,295,7,Female,88,5,-2,Research Scientist (Modified),-4,Single,2652,8558,0,Y (Modified),Yes,8,0,4,76,-5,5,8,0,0,6,4,7
34,No,Non-Travel,585,Sales,4,2,Life Sciences (Modified),5,1320,5,Female,54,-1,-2,Sales Executive,2,Divorced (Modified),9848,8936,-4,Y,Yes,18,-1,2,81,-2,11,2,2,6,8,9,10
27,No,Travel_Rarely,1325,Research & Development,-2,-1,Life Sciences,3,97,3,Male,71,6,0,Research Scientist,-3,Married,2705,4954,3,Y,No,18,0,6,78,-1,2,-1,0,5,-1,-2,8
41,No (Modified),Travel_Rarely (Modified),747,Research & Development,7,-2,Life Sciences,-2,1832,0,Female,47,1,-1,Healthcare Representative,5,Divorced,4444,10746,-1,Y,No,7,-1,-2,75,1,11,3,-2,4,8,3,7
53,No,Non-Travel (Modified),349,Sales,-1,3,Medical,-4,1828,-2,Male,49,2,1,Manager (Modified),2,Divorced,16289,22578,-1,Y,No,17,5,8,80,-2,32,-2,3,20,8,9,16
41,Yes,Non-Travel,596,Research & Development,0,5,Life Sciences,5,1454,2,Female,54,6,1,Laboratory Technician,-4,Single (Modified),3650,17183,0,Y,Yes,18,4,6,82,4,11,3,3,-2,-2,1,-2
26,Yes,Travel_Rarely (Modified),134,Research & Development,18,2,Life Sciences (Modified),3,1400,5,Female,53,5,0,Research Scientist,5,Single,2394,25682,2,Y,Yes,12,-2,1,80,-1,10,4,2,6,1,5,3
35,Yes,Travel_Rarely,1376,Research & Development,6,5,Other,1,7,7,Male,92,1,3,Laboratory Technician,7,Single,2086,2396,4,Y,Yes,11,0,4,79,-1,2,1,7,1,-1,-4,1
46,No,Travel_Rarely,1109,Research & Development,14,2,Other,3,1579,2,Female,66,6,-3,Research Scientist,-3,Married,2367,16530,9,Y,No,7,0,6,84,-4,11,0,6,11,1,6,5
27,No (Modified),Travel_Rarely,929,Sales,6,6,Marketing (Modified),-3,722,0,Male,59,1,-1,Sales Executive,6,Single,5399,21702,-2,Y,No,8,6,5,78,-5,8,3,5,12,3,-1,8
26,No,Travel_Rarely,647,Research & Development,6,4,Medical,3,759,5,Male,36,1,3,Laboratory Technician,4,Married,2498,4342,5,Y,No,9,-2,6,79,2,9,3,3,0,5,-2,6
24,No,Travel_Rarely,1081,Research & Development,13,5,Medical,3,1706,8,Female,46,-2,5,Laboratory Technician,-2,Married,2971,25410,12,Y,No,17,6,1,78,1,12,-2,2,3,-2,5,-1
40,No,Travel_Rarely,547,Research & Development,11,3,Other,1,447,7,Male,73,2,3,Research Scientist,8,Married,3701,9281,13,Y,No,15,4,5,75,3,14,4,7,10,4,9,10
57,No,Travel_Rarely,479,Research & Development (Modified),0,-2,Medical,0,1771,-2,Male,61,5,8,Research Director (Modified),-2,Married,19037,19800,6,Y,No,12,-1,3,79,4,35,-3,-1,3,2,-5,1
43,No (Modified),Non-Travel,337,Sales,23,0,Marketing,2,1613,5,Male,51,1,0,Sales Executive (Modified),-2,Married,4389,24163,-1,Y (Modified),No,16,5,-1,75,4,12,5,6,7,5,8,4
32,No,Travel_Rarely,1397,Research & Development,5,-2,Medical,1,1196,4,Female,56,5,-3,Laboratory Technician,6,Married,3129,26342,5,Y,No,17,4,-1,80,-3,5,8,5,5,10,3,12
29,No,Travel_Rarely,438,Research & Development,10,-2,Other,-3,1546,-1,Female,36,-2,3,Healthcare Representative,4,Married,9710,7283,1,Y,No,17,5,6,79,3,4,-2,-2,3,2,2,5
35,No,Travel_Rarely,527,Research & Development (Modified),21,1,Life Sciences (Modified),0,1324,2,Male,30,2,1,Manufacturing Director,3,Single,4534,13350,-2,Y,No,14,4,-1,82,1,8,4,4,4,4,-4,6
60,No,Travel_Rarely,1437,Sales,21,7,Life Sciences,-2,83,0,Female,103,0,5,Sales Executive,3,Single,7640,2358,5,Y,No,13,1,3,84,2,32,-1,1,22,13,2,7
28,No,Travel_Rarely,1468,Research & Development,5,4,Medical,-3,500,-1,Male,85,1,-1,Laboratory Technician,5,Divorced,3812,17876,-1,Y,No,9,1,4,78,0,3,-3,4,4,4,3,5
57,Yes,Travel_Rarely,151,Research & Development,22,5,Medical,-3,168,5,Female,96,-2,0,Healthcare Representative,6,Married,10314,3464,2,Y,No,11,6,5,81,2,35,7,6,35,10,12,3
41,No,Travel_Rarely,731,Research & Development,-2,-1,Medical,-1,1786,2,Male,48,7,7,Research Director,6,Divorced,19325,14214,10,Y,Yes,17,7,4,79,3,20,7,4,6,-1,4,-1
41,No,Travel_Rarely,784,Research & Development,11,0,Medical,1,1880,6,Male,78,2,-3,Research Scientist,-1,Married,4285,13592,0,Y,Yes,17,7,0,80,-1,18,5,6,3,1,-3,8
36,No (Modified),Travel_Rarely,919,Research & Development,10,1,Medical,2,488,5,Female,98,6,4,Laboratory Technician,-1,Married (Modified),3449,17658,4,Y,No,19,6,0,78,-4,18,4,7,2,1,-1,3
27,No,Travel_Rarely,629,Research & Development,15,8,Medical,-4,1322,4,Female,96,7,6,Manager,3,Married,11913,25928,1,Y,Yes,20,7,5,76,3,13,-3,-1,6,1,-4,6
24,Yes (Modified),Travel_Rarely,1447,Research & Development,16,5,Medical (Modified),-1,389,-4,Male,47,0,-4,Laboratory Technician,-3,Divorced (Modified),2374,14176,-3,Y,Yes (Modified),8,2,0,81,3,0,-1,-1,3,6,4,3
44,No,Travel_Rarely,317,Human Resources,-3,0,Human Resources (Modified),4,729,1,Male,62,-3,8,Manager,5,Married,19190,19566,1,Y,No,8,-2,4,78,0,21,3,6,26,9,-1,7
35,No,Travel_Frequently,555,Research & Development,3,-1,Other,2,1428,5,Male (Modified),95,2,-4,Research Scientist,1,Divorced,3000,20281,5,Y,No (Modified),12,-2,5,83,6,13,-2,6,3,-2,0,0
45,No,Travel_Frequently,806,Sales,10,3,Marketing (Modified),3,174,4,Female,78,2,5,Sales Executive,5,Single,9207,6648,6,Y,No (Modified),10,0,-1,78,-1,15,3,7,-3,-2,4,2
35,No,Travel_Rarely,102,Human Resources,4,0,Human Resources,5,422,-2,Male,61,-2,6,Human Resources,3,Married,6411,17824,1,Y,No,10,1,6,76,-3,10,-3,7,-3,1,0,2
44,No (Modified),Non-Travel,1263,Research & Development (Modified),-1,-1,Medical (Modified),2,1112,0,Male,32,5,5,Manager,7,Single (Modified),16889,16152,6,Y,No,17,1,1,80,-1,26,1,-3,7,8,0,1
46,No,Travel_Rarely,523,Human Resources,-1,3,Life Sciences,1,1681,6,Female,46,5,2,Human Resources,7,Divorced,3194,4167,-1,Y,Yes,19,1,-1,75,7,12,5,2,1,-2,-1,-2
48,No,Travel_Rarely,1238,Sales (Modified),10,-3,Life Sciences,2,1044,1,Female (Modified),94,1,8,Manager,0,Married,17648,5404,3,Y,No,15,7,2,78,5,22,5,2,10,6,1,5
25,No,Travel_Rarely,1346,Research & Development,26,4,Life Sciences (Modified),-4,560,0,Female,85,7,-3,Research Scientist,1,Divorced,2890,3036,0,Y,No,22,5,0,76,6,1,1,3,2,1,-3,6
33,No,Travel_Rarely,726,Sales,6,2,Marketing,1,1838,3,Female,75,-4,0,Sales Representative,0,Married,5401,4247,0,Y,Yes,16,0,-2,77,3,21,3,6,3,4,-2,3
30,No,Travel_Rarely (Modified),1345,Research & Development,10,1,Life Sciences,5,1603,-1,Male,60,3,-1,Laboratory Technician,7,Married,2689,7710,-2,Y,No,14,6,2,83,2,3,9,4,-3,1,-4,4
17,Yes,Travel_Frequently (Modified),1259,Research & Development,7,2,Life Sciences,-1,1202,-1,Male,51,6,0,Research Scientist,2,Married,2849,4226,3,Y,Yes,10,1,3,77,-1,2,2,-1,-2,4,-3,4
36,No (Modified),Travel_Rarely,558,Sales,5,6,Medical,0,2019,0,Female,93,3,3,Sales Executive,7,Married,7645,12690,1,Y (Modified),No,23,-2,1,82,0,14,0,2,6,5,3,5
32,No,Travel_Rarely,1376,Research & Development,-4,3,Life Sciences,5,394,4,Female,42,1,5,Research Scientist,5,Single,2115,15877,5,Y,No (Modified),9,0,3,79,0,12,6,0,21,12,4,7
42,No,Travel_Rarely,892,Sales,2,0,Life Sciences,0,295,-1,Female,73,3,0,Manager (Modified),2,Single,13587,14673,-1,Y,Yes,13,-2,4,79,-4,16,5,0,-1,-5,-4,3
37,No,Travel_Rarely,576,Research & Development,29,1,Life Sciences,-3,1546,1,Male,43,-1,0,Manufacturing Director,-1,Single,4320,24150,2,Y,No,9,5,1,84,3,0,2,4,4,5,-5,6
27,No,Travel_Rarely,823,Research & Development (Modified),8,-2,Life Sciences,0,1556,1,Female,63,-1,0,Research Scientist,-1,Married,5879,15624,2,Y,No,14,6,-4,78,-1,11,1,-2,10,0,-3,5
36,Yes,Travel_Frequently,235,Research & Development,9,5,Life Sciences,1,1805,7,Male (Modified),88,1,5,Laboratory Technician (Modified),-1,Married (Modified),5343,6209,2,Y,No,12,7,-2,82,0,9,3,1,10,-4,2,8
42,Yes,Non-Travel,1478,Sales,19,1,Life Sciences,-2,984,-2,Female,103,0,7,Sales Executive,3,Single,13193,17075,7,Y,Yes,18,-1,5,80,-2,25,-3,3,-2,-1,2,-3
39,Yes,Travel_Rarely,1183,Research & Development,27,5,Medical,5,286,-3,Male,66,1,3,Healthcare Representative,4,Married,6672,11355,7,Y,Yes,16,-1,-2,82,-2,17,1,-2,2,-5,2,-1
38,No,Travel_Rarely,1133,Research & Development,2,3,Life Sciences,-2,1660,0,Female,63,6,-1,Research Scientist,1,Divorced,5434,19328,4,Y,No,7,-1,3,83,1,12,2,-1,8,8,9,8
35,Yes,Travel_Rarely,570,Sales,19,1,Marketing,4,489,0,Male,67,3,0,Sales Executive,-2,Married,6376,6109,4,Y,Yes,14,-1,-2,83,5,12,5,3,6,4,4,1
29,No,Travel_Rarely,1147,Sales (Modified),12,-3,Medical,1,1055,-1,Male,73,0,-4,Sales Representative,-2,Married,1048,23387,-2,Y,No,26,2,0,83,-3,-2,0,4,-1,-1,-4,2
29,No,Travel_Frequently,702,Research & Development,19,7,Life Sciences,0,841,-1,Female,98,-1,2,Research Scientist,7,Single,2556,8308,4,Y,No,13,4,0,82,2,1,-1,3,6,0,1,0
32,No,Travel_Rarely (Modified),923,Research & Development,4,4,Life Sciences,1,153,3,Female (Modified),34,-2,-3,Laboratory Technician,2,Divorced,2831,2561,3,Y,No,26,8,2,78,5,3,0,5,5,-3,0,3
45,No,Travel_Frequently,280,Research & Development,6,1,Life Sciences,0,1,-2,Male,62,4,6,Research Scientist,4,Married (Modified),5125,24905,-4,Y,No,26,2,8,75,-4,10,0,7,13,5,2,2
28,Yes,Travel_Rarely,518,Research & Development,-2,4,Life Sciences,3,335,-1,Male,58,-2,-2,Laboratory Technician,4,Single,3727,9568,-1,Y,Yes,13,4,8,79,1,7,4,-3,4,6,1,-3
33,No,Non-Travel,841,Sales,4,9,Medical,1,474,1,Female (Modified),46,6,-1,Sales Executive,6,Single,6649,15272,7,Y,No,11,5,6,84,-4,11,9,4,4,4,1,1
37,No,Travel_Rarely,457,Research & Development,12,2,Life Sciences,2,998,-3,Female,51,-2,5,Research Scientist,-1,Single,3447,17245,6,Y,No,15,5,5,81,-2,5,1,-2,4,5,-2,5
34,No,Travel_Rarely,665,Research & Development,25,-4,Life Sciences,-1,19,1,Male,28,-1,-1,Research Scientist,5,Divorced,2913,15170,-3,Y,No,15,3,5,75,0,8,3,1,2,-3,6,7
55,No,Travel_Rarely,702,Research & Development,4,6,Life Sciences,0,254,-1,Male,61,6,4,Manager,7,Married,20000,5680,-4,Y,No,11,7,3,82,2,37,0,7,37,14,15,6
28,No (Modified),Non-Travel,1099,Research & Development,18,5,Medical,2,1948,5,Male,48,-1,1,Research Scientist,-2,Single,2140,2124,5,Y,No,17,-2,0,81,-2,5,5,4,6,4,-1,4
34,No,Travel_Rarely (Modified),553,Sales,1,0,Marketing,4,658,1,Male,71,5,4,Sales Executive,5,Married,9604,3005,8,Y,Yes,8,-2,2,75,5,18,5,6,-1,0,3,1
28,No (Modified),Travel_Rarely,623,Sales,11,1,Medical,0,649,4,Male,43,3,4,Sales Representative,0,Married,2091,26379,2,Y (Modified),No,10,0,7,84,1,2,2,5,4,4,4,7
30,No,Travel_Frequently,1141,Sales,27,4,Medical,0,1223,4,Female,77,4,4,Sales Executive,6,Married,4536,4903,3,Y (Modified),No,14,0,0,75,4,7,-2,-3,10,5,-5,5
38,No,Travel_Rarely,546,Human Resources,6,-1,Technical Degree,1,470,7,Male,51,4,-2,Human Resources (Modified),5,Divorced,2692,24016,-3,Y,Yes,15,1,0,79,-3,3,8,7,0,2,3,1
25,No,Travel_Rarely,1421,Research & Development,3,1,Life Sciences,1,1505,5,Male,73,1,5,Research Scientist,1,Divorced,1565,12532,2,Y,No,12,-1,7,82,4,-4,3,-3,0,-5,-2,0
41,No,Travel_Rarely,1323,Research & Development,6,-2,Medical,-4,475,-2,Male,46,2,0,Research Scientist,1,Divorced,5975,16997,1,Y,Yes,17,7,-3,81,0,15,6,2,7,9,4,11
35,No,Travel_Frequently,506,Research & Development,1,4,Technical Degree,4,347,7,Female,62,2,0,Healthcare Representative,3,Single,10936,6418,-2,Y,No,27,1,5,78,-3,17,2,6,21,4,11,10
53,No,Travel_Rarely,677,Sales,5,7,Medical,-3,135,5,Male (Modified),35,-2,7,Sales Executive (Modified),6,Single,13868,24411,2,Y (Modified),No,10,7,-1,77,-2,42,4,0,33,7,1,8
30,No,Travel_Rarely,1088,Sales,2,7,Medical,1,124,3,Male,84,0,2,Sales Executive,2,Single,5008,24297,-3,Y,No,14,-1,1,75,2,16,-1,3,11,3,1,4
35,No (Modified),Travel_Rarely,165,Research & Development,-2,2,Life Sciences,-1,738,4,Female,85,3,7,Manufacturing Director,-1,Single,7865,15394,-1,Y,Yes,14,4,5,81,4,10,6,0,-1,-3,-2,-1
33,No,Travel_Rarely (Modified),587,Sales,6,6,Marketing (Modified),-4,1788,-2,Male,50,1,3,Sales Executive,5,Married,4192,8797,2,Y,No,12,-1,4,76,1,4,-1,2,8,0,0,-1
55,No,Travel_Frequently,886,Research & Development,21,-1,Medical,0,869,-2,Female,84,-2,3,Manufacturing Director,8,Married,13825,19026,-1,Y,No,24,7,7,76,4,35,1,7,10,7,-5,3
37,No,Travel_Frequently,1209,Human Resources,4,-2,Human Resources,-4,1891,5,Male,95,4,5,Human Resources,3,Single (Modified),3885,4220,2,Y,No (Modified),18,0,5,76,-3,9,1,6,10,-1,-1,12
45,No,Non-Travel,345,Research & Development,4,0,Life Sciences,0,1812,-1,Male,47,1,4,Research Scientist,6,Single,2439,24973,1,Y,No,15,1,-2,82,3,4,-3,-1,3,-3,-2,1
42,No,Non-Travel,804,Research & Development,7,-3,Life Sciences,-2,975,-1,Male,56,5,6,Laboratory Technician,3,Married,4446,23160,-2,Y,No,13,1,-1,83,-4,4,9,-2,12,4,3,11
50,Yes,Travel_Rarely (Modified),431,Sales,1,3,Medical,0,844,7,Male,39,-1,0,Sales Executive,6,Single,5156,21521,4,Y,No,13,1,4,80,-5,13,4,6,8,4,5,4
26,No,Non-Travel,1118,Research & Development,4,6,Medical,-2,572,1,Female,53,7,-3,Laboratory Technician,4,Single,2565,7177,3,Y,No,16,1,5,84,1,12,2,3,8,10,8,11
35,No,Travel_Rarely,1225,Sales,2,8,Life Sciences,5,1966,-2,Female,57,7,-3,Sales Executive,7,Married,5199,13585,-4,Y (Modified),Yes,13,2,2,84,-3,9,4,-2,6,5,4,8
26,No,Travel_Frequently,790,Sales,21,6,Life Sciences,-3,1133,0,Male,71,3,-3,Sales Representative,4,Married,2786,21980,2,Y (Modified),No,7,7,0,84,3,-1,8,6,5,0,0,6
43,No,Non-Travel,112,Research & Development (Modified),14,-1,Life Sciences,5,1204,6,Male,69,-4,0,Research Scientist,5,Single,2286,4283,1,Y,No,10,7,2,78,0,2,2,1,0,3,-1,1
44,No,Travel_Rarely,1126,Sales,13,0,Marketing,-3,582,0,Female,95,1,5,Sales Executive,3,Married,9068,11564,-2,Y,Yes,16,6,6,81,-1,10,4,6,3,5,2,1
49,No,Travel_Rarely,429,Research & Development,-4,0,Medical,3,1071,8,Male,36,5,5,Research Director,1,Divorced,19628,21443,12,Y,No,19,0,0,82,3,26,-3,6,3,6,5,1
22,No,Travel_Rarely,1054,Research & Development,4,8,Life Sciences,3,1027,5,Female,44,-2,-2,Manufacturing Director,1,Married (Modified),4224,4656,-3,Y,No,20,0,2,79,3,8,1,-1,1,-1,-1,4
28,No,Travel_Rarely,1091,Sales,8,7,Marketing (Modified),0,765,7,Male,86,6,3,Sales Representative,1,Divorced,2294,17965,5,Y,No (Modified),18,4,6,78,-3,1,-1,7,-1,4,0,1
25,Yes,Travel_Frequently,248,Research & Development,8,4,Life Sciences,-1,1275,1,Female (Modified),40,-1,-4,Laboratory Technician,5,Single,2627,25312,1,Y,No,16,2,-1,78,-4,3,-2,1,4,1,6,2
48,No,Travel_Frequently,1249,Human Resources,2,-2,Medical,4,645,3,Male,95,-2,6,Manager,3,Married,18203,8002,0,Y,No,9,1,2,76,0,36,1,4,32,9,7,7
27,No,Travel_Rarely,690,Research & Development (Modified),24,4,Medical,3,642,1,Male,93,5,-2,Research Scientist,8,Married,2722,21627,2,Y,Yes,13,6,3,76,-1,3,1,3,10,9,0,1
33,Yes,Non-Travel,963,Research & Development,17,4,Technical Degree,0,1902,3,Male,86,4,-4,Research Scientist,2,Married,2307,14458,-1,Y,Yes,19,6,2,77,-3,3,-3,6,0,1,3,2
26,No (Modified),Travel_Rarely,1385,Research & Development,0,0,Medical,-3,1175,3,Male,79,1,-1,Laboratory Technician,8,Married,4422,13417,3,Y (Modified),No,26,2,1,84,3,7,6,1,12,9,-2,7
38,No,Travel_Rarely,686,Sales,20,1,Medical,5,1946,5,Male,66,-2,1,Sales Executive,4,Married,5560,15978,-3,Y,No,20,1,1,83,-1,10,-3,-3,3,6,-4,0
48,No,Travel_Rarely,1168,Research & Development,4,3,Medical,3,213,-1,Male,37,5,5,Manufacturing Director,5,Married,6133,13985,0,Y,No,18,7,3,75,-4,13,6,-1,3,0,-4,-3
25,No,Travel_Rarely,877,Research & Development,21,2,Medical,5,1353,8,Male,65,2,-2,Laboratory Technician,4,Married,3672,9073,7,Y,No,7,5,6,84,3,3,10,2,0,-1,2,0
44,No,Travel_Rarely,251,Research & Development,-2,6,Other,2,333,2,Male,72,1,0,Manager (Modified),5,Married,19202,15970,3,Y (Modified),No (Modified),11,4,-1,83,-4,25,6,4,25,-1,-2,7
36,No,Travel_Rarely (Modified),940,Research & Development,13,1,Life Sciences (Modified),3,1342,3,Male,82,6,0,Healthcare Representative,7,Divorced,8504,5493,0,Y,No,10,5,7,83,-2,7,-4,6,12,6,-4,8
47,No,Travel_Rarely (Modified),1019,Research & Development,9,2,Medical,-4,1615,6,Female,54,4,3,Laboratory Technician,-2,Single,5773,23450,0,Y,Yes,10,-1,5,81,2,9,7,4,13,4,-4,4
25,No,Travel_Rarely,1379,Research & Development,8,-1,Life Sciences,1,1437,1,Male,87,3,1,Laboratory Technician,3,Married,2097,7680,3,Y,No,15,5,3,78,-5,1,2,3,8,-3,4,7
21,Yes,Travel_Rarely,1451,Research & Development,17,3,Medical,0,394,-2,Male,45,6,-1,Laboratory Technician (Modified),1,Divorced,2376,14176,1,Y,Yes,14,0,1,76,5,1,4,4,3,2,2,-1
38,Yes,Non-Travel,1480,Sales,22,5,Life Sciences,0,986,6,Female,101,1,7,Sales Executive,3,Single,13193,17066,3,Y,Yes,14,-1,2,81,-3,22,4,0,-4,-3,1,3
49,No,Travel_Rarely,176,Human Resources,3,3,Life Sciences,4,1747,5,Female,56,-4,7,Human Resources,5,Married,9759,6599,6,Y,No,17,7,5,75,6,10,1,6,9,0,4,3
54,No,Travel_Rarely,586,Research & Development,21,1,Medical,-2,1668,4,Female,93,3,4,Manager,3,Married,17421,18681,2,Y (Modified),No,25,-1,0,78,-2,39,6,4,14,12,0,4
36,No,Travel_Rarely,1085,Research & Development,5,-1,Life Sciences,2,1526,-1,Female,31,-1,5,Manufacturing Director,2,Single,8380,9148,7,Y,No,16,0,7,84,-4,10,6,6,2,0,2,5
33,Yes,Travel_Frequently,295,Sales,8,5,Marketing,2,552,6,Female,32,-4,-1,Sales Representative,-2,Divorced,2350,12252,4,Y (Modified),No,18,5,5,80,3,-1,6,2,6,5,0,-5
17,Yes,Travel_Rarely,234,Research & Development (Modified),2,0,Life Sciences,2,405,-1,Male,55,7,0,Laboratory Technician,1,Single,1420,25235,-4,Y,No,8,3,-2,82,3,4,5,-1,-4,-1,0,0
20,No,Travel_Rarely,945,Research & Development,-4,1,Technical Degree,-3,1418,0,Male,79,3,0,Laboratory Technician,2,Married,3227,4905,4,Y,No,9,4,5,78,4,4,1,1,5,5,-1,3
30,No (Modified),Travel_Rarely,1300,Research & Development,14,-2,Medical,5,536,6,Male,74,3,2,Laboratory Technician,-2,Divorced (Modified),4556,13538,-2,Y,No,10,2,3,78,5,11,-2,-2,5,-4,1,6
27,No,Travel_Rarely,862,Research & Development,6,2,Life Sciences,-3,832,4,Female,99,-1,5,Manufacturing Director,-2,Married,6159,19119,2,Y,No,13,-1,1,77,0,9,-2,4,13,16,8,10
40,No,Travel_Rarely,933,Research & Development,6,2,Life Sciences,2,200,1,Male,89,5,-3,Laboratory Technician,4,Married (Modified),2242,6960,3,Y,No (Modified),16,-1,0,84,0,2,2,0,4,1,1,3
52,No,Travel_Rarely,1209,Research & Development,27,-3,Medical,4,713,2,Male,71,3,0,Laboratory Technician,7,Married,3219,3295,3,Y,Yes (Modified),7,2,6,77,-1,24,1,4,15,12,3,10
45,No,Non-Travel,140,Sales,-4,7,Life Sciences,5,1036,7,Female,91,6,-1,Sales Executive,1,Married (Modified),6348,24922,0,Y (Modified),No,7,-2,-3,77,-3,22,-2,3,22,6,2,8
33,No,Travel_Rarely,570,Sales,7,3,Marketing,2,458,2,Female,25,3,4,Sales Executive (Modified),6,Divorced,6121,5427,-2,Y,No,17,7,1,75,7,5,4,-2,11,11,5,-2
35,No,Travel_Rarely,470,Research & Development,2,6,Medical,1,1919,3,Female,65,8,0,Laboratory Technician,0,Divorced,3978,16029,3,Y,No,14,6,3,82,5,6,3,1,2,3,6,-2
41,No,Travel_Frequently,577,Sales,2,3,Life Sciences,0,724,1,Male,49,2,-1,Sales Executive,-4,Married,10471,23769,6,Y,Yes,25,-1,6,79,0,18,5,2,21,9,-4,11
27,No,Travel_Rarely,952,Research & Development,-2,2,Medical,-3,1123,8,Female (Modified),90,-2,-2,Manufacturing Director,3,Divorced (Modified),7653,8038,-1,Y,No,17,-2,6,76,5,12,0,2,7,8,-2,4
25,No,Travel_Rarely (Modified),221,Research & Development,9,3,Life Sciences,3,1015,0,Male,97,4,0,Laboratory Technician,4,Married,2446,6883,-1,Y,No,15,4,0,82,-2,4,3,-2,7,-1,-2,0
43,No,Travel_Rarely,567,Research & Development,7,-1,Medical,-4,1010,-1,Male,71,-1,7,Manufacturing Director,2,Divorced,10848,24206,3,Y,No,8,0,-3,77,3,14,5,-1,5,3,2,8
35,No,Travel_Frequently (Modified),692,Research & Development,5,0,Life Sciences,4,1378,1,Male,58,3,-3,Research Scientist,5,Divorced (Modified),2613,15747,0,Y,No,15,4,3,77,2,2,0,-1,8,4,-5,2
53,No,Travel_Frequently,280,Research & Development,10,1,Life Sciences,1,5,-2,Male,56,1,5,Research Scientist (Modified),0,Married,5130,24906,-1,Y,No,19,8,8,75,1,14,5,2,10,3,1,2
33,No,Travel_Rarely,1494,Research & Development,13,1,Medical,-3,636,6,Female,73,0,-2,Healthcare Representative,6,Married,9826,22173,1,Y,No,18,5,1,76,0,20,-1,1,0,-2,3,-1
30,No,Travel_Rarely,497,Sales,22,3,Marketing,-2,746,1,Male,100,0,-1,Sales Executive,0,Divorced,5299,25277,3,Y,No (Modified),24,2,7,84,5,5,6,-3,3,9,10,11
24,No,Travel_Rarely,654,Research & Development,5,0,Medical,5,755,3,Male,32,1,-1,Laboratory Technician,5,Married,2499,4339,0,Y,No,15,3,5,81,0,5,-2,0,1,4,-1,3
30,Yes,Travel_Rarely,369,Research & Development,27,8,Life Sciences,3,912,2,Male,83,-2,2,Laboratory Technician,3,Single (Modified),2793,18017,1,Y,Yes (Modified),24,4,-2,84,-5,1,2,3,-2,-2,-3,1
38,No,Travel_Frequently,1472,Research & Development,11,2,Medical,4,966,1,Male,38,5,1,Research Scientist,1,Divorced,3615,25058,6,Y,Yes,10,0,8,75,-3,-1,2,-2,-1,0,1,4
30,No,Travel_Rarely,212,Research & Development,9,7,Medical,-4,818,6,Male,45,2,4,Research Director,1,Married,11686,25990,1,Y,No,6,2,6,82,-1,18,3,6,15,12,-2,10
27,No,Travel_Rarely,234,Sales,12,2,Other,3,983,7,Male,65,0,7,Sales Executive,4,Divorced,7267,9973,4,Y,No,11,-1,-1,78,-1,14,0,4,8,0,3,6
54,No (Modified),Non-Travel,144,Sales,1,0,Life Sciences,0,1037,6,Female,97,3,4,Sales Executive,-2,Married,6351,24923,-1,Y,No,15,5,2,77,-3,14,-1,3,15,8,3,8
19,No,Travel_Rarely,975,Research & Development,5,7,Technical Degree,-1,1591,3,Male,47,0,0,Research Scientist (Modified),4,Married,2076,12828,1,Y,No,20,6,3,79,4,5,2,-1,-1,1,0,1
44,No,Travel_Rarely,333,Sales,-2,2,Life Sciences,5,405,-1,Male,87,5,4,Manager,-2,Single,16010,15898,3,Y,No,17,-2,1,77,-5,23,0,-1,20,9,2,7
27,No,Non-Travel,1499,Research & Development,4,3,Technical Degree,2,208,7,Male,39,7,4,Manufacturing Director,6,Married,4317,26280,-4,Y,No,11,7,-3,75,1,10,4,5,9,10,0,11
41,Yes,Travel_Rarely (Modified),1166,Sales,7,-2,Medical,4,447,2,Female,37,0,-3,Sales Executive,3,Married,5233,17774,7,Y,Yes,20,-2,3,79,4,14,1,1,3,0,-4,2
31,No,Travel_Rarely (Modified),1154,Sales,5,7,Life Sciences,-1,1560,-1,Male,73,-1,3,Sales Representative,7,Single,2639,16997,3,Y,Yes,22,0,3,78,0,11,5,2,7,-1,5,-2
25,No,Travel_Rarely,164,Research & Development,8,3,Medical,-1,1732,1,Female (Modified),47,5,5,Laboratory Technician,6,Single,3296,12862,5,Y,No,14,1,2,75,0,4,3,4,3,-3,1,-3
34,No,Travel_Rarely,500,Research & Development,-1,2,Medical,-4,970,5,Female,94,4,3,Manufacturing Director,0,Married,6728,13553,3,Y,No,13,7,-1,76,4,12,1,2,9,6,1,0
36,No,Travel_Frequently,575,Sales,5,-1,Life Sciences,-1,726,-1,Male,47,4,6,Sales Executive,3,Married,10474,23774,9,Y,Yes,24,6,6,84,-4,22,-2,-2,15,12,5,11
63,No,Non-Travel,1422,Human Resources,2,2,Human Resources,-2,138,6,Female,29,0,8,Manager,1,Married,18840,21922,4,Y,No,24,1,6,81,4,30,3,-1,5,0,-2,1
31,Yes (Modified),Travel_Rarely,617,Research & Development,9,3,Other,2,1012,1,Male,43,4,-4,Laboratory Technician,4,Divorced (Modified),3739,10074,-2,Y,Yes,22,4,4,80,0,9,5,5,5,1,-5,4
38,No,Travel_Rarely,523,Human Resources,9,1,Technical Degree,2,1161,5,Male,103,-2,-1,Human Resources,-2,Single,4323,7112,-4,Y (Modified),No,16,2,1,78,4,8,4,0,2,1,-2,3
19,No,Travel_Frequently,893,Human Resources (Modified),11,4,Medical,2,1743,4,Male,63,6,-3,Human Resources,7,Married,2147,2098,-3,Y,No,17,0,0,79,2,-2,5,-2,3,0,4,3
37,No,Non-Travel,1038,Research & Development,5,3,Life Sciences (Modified),4,134,5,Male,100,2,-3,Healthcare Representative,-1,Divorced,5164,15853,8,Y,No (Modified),18,0,1,75,3,14,2,4,5,2,3,-4
25,No,Travel_Rarely,1403,Research & Development,9,0,Medical,1,1193,0,Female,52,0,-4,Laboratory Technician,-1,Married (Modified),3133,26340,-1,Y,No,14,0,-3,81,-4,13,9,1,9,8,-4,3
28,No (Modified),Travel_Rarely,424,Research & Development,0,5,Medical (Modified),-4,74,3,Male,31,6,0,Manufacturing Director,3,Married,6158,10873,-3,Y,Yes,24,0,-1,83,-1,10,2,2,12,4,11,9
48,No,Travel_Rarely,1084,Research & Development,15,-1,Medical,-1,250,2,Female,57,5,0,Manufacturing Director,0,Divorced,4452,26253,-4,Y,No,13,1,3,82,0,9,1,4,2,1,-2,7
43,No,Travel_Rarely,415,Research & Development,11,5,Medical,-2,1304,4,Female,93,3,0,Manager,1,Divorced,17121,17331,7,Y,Yes,13,7,5,77,2,16,4,-1,23,4,13,-1
37,No,Travel_Rarely,545,Research & Development (Modified),5,3,Life Sciences,-3,1770,-2,Male,92,2,1,Laboratory Technician,5,Divorced,2289,20515,-3,Y,No,22,-1,1,83,3,6,-3,2,6,1,-5,1
25,No,Travel_Rarely,1428,Research & Development,5,-4,Medical,1,194,0,Male,31,3,5,Laboratory Technician,4,Single,2723,11163,4,Y,No,17,7,6,75,2,7,5,6,0,1,5,3
42,No,Non-Travel,151,Sales,9,5,Technical Degree,-4,980,-2,Female,84,0,-2,Sales Executive,-1,Single,5669,19901,1,Y,Yes,9,2,3,80,1,3,3,0,1,-1,-4,-2
43,Yes,Travel_Frequently,720,Sales (Modified),22,-3,Life Sciences,0,784,2,Female (Modified),75,2,-3,Sales Executive,2,Single,6400,10336,5,Y,Yes,12,0,7,77,4,3,-3,5,6,2,3,0
26,No,Travel_Rarely,655,Research & Development,26,-2,Medical (Modified),-1,789,0,Female,70,-2,5,Healthcare Representative (Modified),5,Married,4332,25549,3,Y,No,8,4,2,83,2,13,-2,4,3,11,1,0
30,Yes,Non-Travel,1362,Research & Development,20,2,Technical Degree,3,1078,2,Male,67,0,4,Healthcare Representative,-3,Single,8724,12356,-3,Y,No,15,5,5,81,4,7,2,-1,7,5,-4,7
39,No,Travel_Frequently,765,Sales,21,7,Life Sciences,0,1811,0,Male,78,1,2,Sales Executive (Modified),0,Divorced (Modified),4129,19192,5,Y,No,14,3,-1,75,2,8,1,1,6,0,1,-2
35,Yes,Travel_Frequently,1060,Sales,-2,-1,Life Sciences,5,1332,1,Female,53,-1,4,Sales Representative,5,Single,2299,8320,-2,Y,Yes,15,1,5,80,1,5,1,6,1,-3,4,-3
53,No (Modified),Travel_Rarely,270,Research & Development,-2,5,Medical,-1,1506,5,Female,41,2,3,Laboratory Technician,5,Married,4793,23067,2,Y,No,24,6,-1,84,0,14,3,4,5,-1,-3,0
42,No,Travel_Rarely,1457,Research & Development,5,5,Medical,0,1196,4,Female,80,7,5,Research Scientist,7,Married,4477,20095,4,Y,Yes (Modified),15,3,4,83,-2,8,1,6,-2,3,-5,-3
41,No,Travel_Rarely,1110,Research & Development,1,2,Life Sciences,4,74,3,Male,55,0,-1,Manufacturing Director (Modified),3,Divorced,5995,2687,-1,Y (Modified),No,15,6,1,78,5,11,6,-1,4,5,-1,9
41,No (Modified),Non-Travel,377,Research & Development,20,3,Medical,-1,740,0,Male,51,5,4,Laboratory Technician,6,Single,3709,2101,2,Y,No (Modified),14,1,2,78,4,4,8,-1,1,1,0,1
35,No,Non-Travel,1103,Research & Development,23,0,Life Sciences,3,423,5,Female,50,6,1,Laboratory Technician,-1,Married,5670,6926,9,Y,No,18,4,7,84,5,15,2,7,13,9,1,5
57,No,Travel_Rarely,836,Research & Development,12,6,Medical,4,757,5,Male,82,3,0,Healthcare Representative,2,Married,11099,20415,11,Y,No,9,1,7,82,-1,27,3,2,14,11,0,-2
18,Yes,Travel_Rarely,307,Research & Development,4,-1,Life Sciences (Modified),5,243,6,Male,50,6,-3,Laboratory Technician,6,Single,1099,9242,3,Y,No,18,1,6,75,1,1,-1,2,4,-5,-4,-4
25,No,Travel_Rarely,196,Research & Development,7,-2,Technical Degree (Modified),5,196,0,Female,87,2,-1,Research Scientist,-4,Divorced,3203,10411,9,Y,No,14,0,-1,84,5,3,-1,0,5,5,6,3
33,No,Travel_Rarely,342,Research & Development (Modified),15,2,Life Sciences,2,465,6,Male,87,6,7,Research Director (Modified),8,Divorced,11508,15685,3,Y,Yes,11,4,1,81,4,7,5,-2,9,5,6,13
52,No,Travel_Rarely (Modified),1086,Research & Development,13,1,Medical,1,250,4,Female,54,0,-2,Manufacturing Director,0,Divorced,4446,26245,-4,Y,No,9,-1,7,79,6,0,1,4,8,5,4,6
36,No,Travel_Rarely,1294,Research & Development,27,-1,Medical,2,13,5,Male,97,2,1,Healthcare Representative,2,Married,5233,16572,1,Y,No,8,1,-3,84,0,16,0,-2,7,8,4,11
60,No,Travel_Rarely,1396,Research & Development,3,5,Life Sciences (Modified),-1,111,0,Male,51,4,-2,Manufacturing Director,3,Single,7255,21700,6,Y,No (Modified),15,2,1,79,3,41,4,2,2,4,0,3
46,No,Travel_Rarely,649,Sales,-1,2,Marketing,1,1174,1,Male,40,5,0,Sales Executive,2,Single,5154,2256,9,Y,No,13,4,3,78,3,5,0,4,1,5,2,2
34,Yes,Travel_Frequently,293,Sales,8,2,Marketing (Modified),-3,553,-1,Female,30,-4,1,Sales Representative,5,Divorced,2346,12251,-5,Y,No,20,-1,1,82,5,2,6,2,-2,0,2,-5
40,No,Travel_Rarely,545,Research & Development,-3,4,Life Sciences (Modified),0,2016,0,Male,79,5,-3,Laboratory Technician,2,Married,2408,4061,12,Y,No,21,3,-2,84,6,8,1,5,0,4,-1,0
46,No,Non-Travel,1262,Research & Development,-1,5,Medical,-1,1111,-2,Male,38,2,5,Manager,2,Single,16886,16158,2,Y,No,26,7,2,81,-5,31,5,5,0,6,4,-1
50,No,Travel_Rarely,1323,Research & Development,9,6,Life Sciences,0,809,7,Female,78,3,3,Laboratory Technician,7,Married (Modified),3150,21825,5,Y,No,15,1,-3,77,5,9,0,7,2,-3,1,7
50,No (Modified),Travel_Frequently,1305,Sales,3,4,Medical (Modified),-2,466,2,Male,97,1,0,Sales Representative,4,Single,2972,25749,3,Y,No,15,2,0,76,-3,3,0,7,-3,-1,-1,3
29,Yes,Travel_Rarely,1006,Research & Development,3,7,Technical Degree,-3,292,7,Female (Modified),88,0,0,Research Scientist,0,Single (Modified),2653,8560,8,Y,Yes,15,2,2,76,0,6,1,-1,0,4,2,2
40,No,Travel_Rarely,1402,Sales,-1,5,Life Sciences,0,558,0,Female,83,1,7,Manager,-1,Married,18044,13019,4,Y,No,12,4,7,80,-3,16,2,5,22,16,4,13
27,No,Non-Travel,1185,Research & Development,-4,2,Life Sciences,2,952,1,Female,74,0,-3,Laboratory Technician,-1,Married,2329,3971,2,Y,No,18,8,1,78,4,7,-1,-1,2,-3,2,2
36,No,Non-Travel,694,Research & Development,-1,7,Life Sciences,3,1111,2,Male (Modified),37,3,3,Research Scientist,4,Married,2982,22473,7,Y,No,21,2,4,79,1,10,0,7,-3,2,4,1
31,No,Travel_Rarely,1178,Research & Development,14,2,Medical,3,1219,4,Male,74,-1,1,Laboratory Technician,3,Married,3198,12451,1,Y,No,13,-2,1,81,1,8,1,7,10,2,1,4
19,No,Travel_Rarely,1206,Research & Development,15,-2,Medical,-3,1011,5,Female,39,0,-1,Manufacturing Director,-1,Divorced,4373,24121,5,Y,No,11,6,0,75,-2,1,4,1,4,4,6,2
37,No,Travel_Frequently,844,Research & Development,6,-1,Medical (Modified),-1,1000,-2,Male,60,5,3,Research Director,0,Divorced,19422,3738,-3,Y,No,12,-1,3,83,1,16,1,1,22,19,3,15
39,No,Travel_Frequently,137,Research & Development,-1,4,Medical,2,264,2,Female,38,7,-3,Laboratory Technician (Modified),4,Single,4421,15987,9,Y,No,11,4,8,80,3,5,8,5,9,5,1,6
42,No,Travel_Rarely,925,Sales,4,4,Life Sciences,1,2034,-1,Male,61,6,5,Sales Executive,6,Divorced,8941,12226,2,Y,No,14,6,-2,76,4,12,7,3,3,1,-1,0
31,No,Non-Travel,534,Sales,16,5,Life Sciences,1,1683,4,Female,34,2,6,Sales Executive,8,Divorced,5364,16129,0,Y (Modified),Yes,20,2,-1,83,1,6,-2,4,10,9,-4,1
39,No,Travel_Frequently,1190,Research & Development,4,3,Medical,3,1492,4,Male,89,0,1,Manufacturing Director,7,Single,10205,19722,4,Y,Yes,14,-2,5,80,-2,15,1,-2,3,2,5,2
25,No,Travel_Rarely,307,Research & Development,17,2,Life Sciences,5,1763,3,Male,61,5,-2,Healthcare Representative,4,Married,5295,9130,7,Y,No,18,6,4,76,3,12,7,6,5,1,-3,6
39,Yes (Modified),Travel_Rarely,735,Sales,9,2,Medical,4,1637,0,Male,55,-1,7,Sales Executive (Modified),4,Married,10301,21534,4,Y,No,19,3,0,77,-2,14,6,1,8,13,2,-5
23,Yes (Modified),Travel_Rarely,1417,Sales,-3,3,Marketing,0,664,0,Male (Modified),80,7,1,Sales Representative,0,Divorced,3041,16348,-2,Y (Modified),No,11,-1,1,83,4,3,4,2,-1,4,-1,3
32,Yes,Travel_Frequently,876,Sales,12,4,Other,3,1671,7,Male,33,7,2,Sales Executive,-1,Single,4582,10410,2,Y,Yes,27,8,-1,80,-1,12,4,-1,8,5,2,2
48,Yes,Travel_Frequently,875,Sales,2,5,Life Sciences,3,2041,1,Male,98,0,-2,Sales Executive,-1,Divorced,6723,14256,6,Y,No,11,-2,5,81,1,10,7,7,7,7,0,-3
35,No,Travel_Rarely,120,Research & Development,22,-3,Life Sciences,0,2015,4,Male,49,3,6,Research Scientist,-1,Single,4112,5340,5,Y,No,17,2,3,79,4,16,2,2,10,6,-3,11
28,No,Travel_Rarely,622,Research & Development (Modified),-1,5,Life Sciences,0,928,3,Female,77,-2,5,Research Scientist,-2,Single,2320,17808,0,Y,No,22,1,6,80,-4,2,4,0,-2,-3,-1,1
31,No (Modified),Travel_Rarely,689,Research & Development,3,7,Technical Degree,4,425,7,Male (Modified),89,1,0,Research Scientist,-1,Married,4823,10073,-5,Y,Yes,8,-1,-1,80,-2,2,-1,7,7,5,-5,6
35,No,Travel_Rarely,362,Research & Development (Modified),4,0,Technical Degree (Modified),3,1238,5,Female,79,-3,2,Manufacturing Director,2,Divorced,10250,4233,4,Y,Yes,16,8,-1,83,-2,17,3,3,6,5,7,7
23,No,Travel_Frequently,1413,Sales,-2,-4,Medical,-2,717,2,Female,72,1,-1,Sales Executive,5,Divorced,4646,16676,-4,Y,Yes,17,8,4,82,-3,4,6,2,10,9,4,3
33,No,Non-Travel (Modified),1432,Sales,5,4,Life Sciences,-1,790,-3,Male,73,5,1,Sales Executive,-3,Single (Modified),7589,14225,-3,Y,No (Modified),19,0,4,78,-5,5,-1,0,8,5,1,11
35,No,Travel_Frequently (Modified),691,Research & Development,7,2,Life Sciences,5,1377,0,Male,53,0,3,Research Scientist,0,Divorced,2606,15749,0,Y,No,7,7,1,84,6,6,6,7,6,1,-4,0
32,No,Travel_Rarely,1320,Research & Development (Modified),4,4,Medical,-1,472,2,Male,52,5,3,Research Scientist,1,Divorced,5978,16998,0,Y,Yes,13,1,-4,82,-3,14,1,5,7,10,5,7
39,Yes,Non-Travel,903,Research & Development,8,5,Life Sciences,5,1212,1,Male,97,1,1,Research Scientist,-4,Divorced,2103,20290,7,Y,No,12,1,-2,76,5,5,-3,-1,-1,2,-3,-2
22,Yes (Modified),Travel_Rarely,242,Human Resources (Modified),23,-3,Human Resources,-3,1718,6,Male (Modified),60,-4,-1,Human Resources,5,Married,1557,11587,5,Y,No,7,0,4,82,-1,-2,2,5,-3,3,4,4
20,No,Non-Travel,1427,Research & Development,10,2,Medical,1,1836,-2,Female,29,4,3,Research Scientist,2,Single,1510,8020,2,Y,No,12,2,-2,78,-1,-2,3,3,1,4,-1,-3
50,No,Travel_Rarely,331,Research & Development,-1,2,Medical,4,248,-1,Male,90,3,5,Laboratory Technician (Modified),7,Married,3693,3423,-1,Y,No,19,5,7,83,1,4,0,2,-2,6,0,-3
37,No,Travel_Rarely,561,Research & Development,8,6,Life Sciences,4,1612,2,Female,73,-2,2,Manufacturing Director,3,Married,4660,12424,12,Y,Yes,10,-1,-2,79,4,11,5,0,5,6,0,-2
28,No (Modified),Travel_Rarely,1174,Research & Development,18,2,Other,3,1087,3,Male,82,5,5,Manufacturing Director,3,Married,9955,9099,2,Y,No,16,1,0,76,4,10,4,3,10,-3,1,-3
36,No,Travel_Frequently,1317,Sales,8,6,Marketing,-3,1854,1,Male,74,0,5,Sales Executive,3,Single,4647,26075,3,Y,No,10,5,2,84,2,2,0,7,-1,1,0,-4
30,No,Non-Travel,983,Research & Development,-3,2,Medical,-2,307,0,Male,87,5,2,Manufacturing Director,1,Married,4346,4385,-4,Y,No (Modified),14,0,5,76,-1,3,-1,3,5,8,-2,2
53,No,Travel_Rarely,435,Research & Development,4,3,Medical,4,1826,4,Female,68,-2,6,Research Scientist,-1,Married (Modified),6857,15691,1,Y,No,12,7,0,79,0,14,1,0,3,2,-3,5
38,No,Travel_Frequently,711,Research & Development,5,2,Medical,-4,1631,1,Female,78,-2,3,Manufacturing Director,7,Single,5040,3139,0,Y (Modified),No,16,7,2,79,2,10,-1,4,10,4,-2,7
45,No,Travel_Rarely,715,Research & Development,8,6,Life Sciences (Modified),5,1724,-1,Male,29,7,4,Healthcare Representative,5,Single,5564,9696,6,Y,No (Modified),17,6,6,76,-4,16,2,-2,11,8,-1,6
38,No,Travel_Rarely,898,Human Resources,5,-3,Medical,4,1547,1,Male,37,3,8,Manager,6,Single,16432,17379,-1,Y,Yes,23,4,-1,79,-4,18,1,1,24,11,4,3
55,No,Travel_Rarely,1272,Research & Development,2,-1,Technical Degree,-4,940,2,Female,38,3,3,Healthcare Representative,-2,Divorced,10548,9254,-2,Y,Yes,13,1,6,77,3,25,1,-2,9,4,0,0
21,No,Travel_Rarely,1275,Research & Development,10,-2,Medical,3,144,-1,Male,65,-1,2,Research Scientist,2,Married,2884,26896,5,Y,No,15,-2,0,84,5,2,1,5,-3,4,0,5
35,Yes,Travel_Rarely,1256,Research & Development,-2,1,Life Sciences,5,1688,1,Male (Modified),98,4,-3,Laboratory Technician,-1,Single,1394,24850,-3,Y (Modified),No,7,6,-2,79,-3,-2,5,3,4,-2,3,2
25,No,Travel_Rarely,1241,Research & Development,4,7,Life Sciences,-4,52,6,Female,31,-1,1,Laboratory Technician,1,Divorced,2344,19718,4,Y,No,14,2,8,76,-3,5,1,7,5,-5,4,4
42,No,Travel_Rarely,316,Research & Development,23,2,Medical,0,607,2,Male,51,0,2,Manufacturing Director (Modified),4,Married,7405,6952,3,Y,Yes,19,2,0,77,2,8,6,-1,14,8,7,11
27,No,Travel_Rarely,1081,Sales,7,3,Technical Degree,1,529,0,Female,87,-2,-2,Sales Executive,2,Single,6572,19553,2,Y,No,14,-1,5,84,4,3,10,5,2,4,4,8
31,No,Travel_Rarely,1153,Research & Development,8,4,Medical,4,375,4,Male,95,7,2,Research Scientist,1,Married,2068,2613,-4,Y (Modified),No,22,5,6,81,-3,9,-1,4,3,3,-1,1
37,No,Travel_Rarely,1312,Research & Development,21,2,Life Sciences,0,384,-1,Female,71,7,0,Manager,-2,Divorced,12000,19103,11,Y,No,15,6,6,80,5,8,10,5,10,11,8,4
31,No,Non-Travel,827,Research & Development,-4,1,Life Sciences (Modified),0,293,0,Male,87,-2,1,Manufacturing Director,3,Single,8475,20928,0,Y,No,18,3,6,76,0,7,1,7,10,7,3,6
30,Yes,Travel_Frequently,447,Sales,15,2,Life Sciences,-1,652,1,Male,72,5,4,Sales Representative,4,Married,2034,14474,-3,Y (Modified),No,15,3,3,82,4,4,6,4,-1,0,0,3
52,No,Travel_Rarely,473,Research & Development,21,7,Medical (Modified),5,171,-2,Female,95,6,-2,Manufacturing Director,-1,Married,6566,5545,-1,Y,No (Modified),11,5,1,80,-3,14,2,-1,19,11,3,15
37,No,Travel_Rarely,306,Sales,10,1,Life Sciences,2,1108,7,Female,87,3,4,Sales Executive,8,Divorced,6694,24220,0,Y,Yes,11,1,2,76,2,7,8,2,4,3,-3,0
32,Yes,Travel_Rarely,318,Research & Development,13,-2,Medical,-2,87,0,Male,83,1,4,Research Scientist,4,Married,3391,21780,3,Y,Yes,18,-2,1,79,4,2,-5,-3,-2,-3,2,2
44,No,Travel_Rarely,1220,Sales,4,5,Life Sciences,3,1680,-1,Female,46,5,0,Manager,-2,Divorced,15967,21083,10,Y,No,17,0,3,76,-1,24,4,5,2,2,3,1
45,No,Travel_Rarely,319,Sales,11,7,Marketing,1,735,3,Male,50,0,0,Sales Representative,3,Married,3875,9983,8,Y,No (Modified),12,7,3,78,1,4,6,0,-3,4,2,0
33,No,Travel_Rarely (Modified),289,Research & Development,-2,8,Life Sciences,-2,2048,-2,Female,59,0,4,Research Scientist,2,Married,2973,8947,5,Y,No,13,4,5,83,-1,3,5,7,7,3,1,-4
42,No,Travel_Frequently,1004,Research & Development,8,7,Medical,-2,663,6,Male,71,3,3,Laboratory Technician (Modified),3,Divorced,5675,19625,1,Y,Yes,15,0,4,76,5,10,4,6,10,7,2,6
33,No,Travel_Frequently,970,Sales,7,3,Marketing,3,207,1,Female,38,4,1,Sales Executive,5,Single,8993,15584,2,Y,No,11,5,7,82,-1,12,0,-1,10,6,-2,10
43,No,Travel_Rarely,649,Sales,2,5,Marketing (Modified),-4,1174,3,Male,43,0,0,Sales Executive,4,Single,5150,2251,4,Y,No,15,-2,7,82,-3,4,7,0,6,7,-3,8
31,No (Modified),Travel_Rarely,166,Sales,3,-2,Medical,-4,517,6,Male,59,-1,2,Sales Executive,-2,Married,7591,3805,-2,Y,No,8,4,2,78,4,8,1,2,14,7,11,-3
25,No,Travel_Rarely,1360,Sales,13,-1,Life Sciences,3,1241,1,Male,54,-1,3,Sales Executive,-1,Single,4953,20620,-4,Y,No,9,5,5,75,1,3,5,4,3,6,-4,4
48,No,Non-Travel,1199,Research & Development,3,5,Medical,-2,264,-2,Male,69,-2,5,Manager,4,Married,16787,20460,11,Y,No,26,8,1,78,5,23,1,4,21,11,9,10
35,No,Non-Travel,747,Sales,22,6,Marketing (Modified),-2,158,3,Male,90,6,2,Sales Executive,-1,Married,6150,15476,1,Y,No,16,-2,1,75,5,9,-2,6,3,2,-4,9
39,Yes,Travel_Frequently,937,Research & Development,14,3,Medical,2,750,2,Male,60,3,3,Research Scientist (Modified),-2,Divorced,2757,20364,10,Y,Yes,12,1,1,78,-2,4,3,6,0,3,4,-2
32,No,Travel_Rarely,510,Sales,0,-2,Life Sciences,-4,1777,0,Female,28,-4,0,Sales Executive,1,Single,6031,25356,3,Y,No,11,-2,-4,75,-4,8,0,4,6,4,-2,5
39,No,Travel_Rarely,793,Sales,7,-2,Marketing,0,1811,1,Female,77,3,2,Sales Executive (Modified),3,Divorced,10444,26453,-1,Y,Yes,9,-2,0,78,-2,26,3,0,21,18,12,9
30,No,Travel_Rarely,1304,Research & Development,16,5,Other,-4,1619,7,Male,68,-2,3,Laboratory Technician,2,Divorced,4067,16287,2,Y,No,6,5,-4,80,-2,11,4,0,8,6,1,9
32,No,Travel_Frequently,137,Research & Development,16,4,Medical,-2,1289,-2,Female,44,1,4,Laboratory Technician,3,Divorced,4443,22538,1,Y,No (Modified),14,0,-2,82,6,11,5,4,10,9,7,10
40,No (Modified),Travel_Frequently,1188,Research & Development,-1,4,Medical (Modified),-4,1494,6,Male (Modified),83,-1,4,Manufacturing Director,-2,Single,10210,19721,4,Y,Yes,13,-1,3,81,-1,14,-3,0,4,3,0,-1
54,No (Modified),Travel_Rarely,865,Sales,9,0,Marketing,2,893,4,Male,68,7,-1,Sales Executive,8,Married,11835,22785,1,Y,No,18,0,0,82,-3,32,5,7,4,2,0,5
34,No,Travel_Frequently,710,Sales,1,8,Other,0,1612,-1,Male (Modified),54,4,-1,Sales Executive,2,Single,5332,21600,3,Y,No (Modified),10,0,0,77,1,12,1,0,8,4,-3,6
59,No (Modified),Travel_Frequently,1501,Sales,25,-2,Marketing,2,574,7,Female,75,4,2,Sales Executive,-2,Married,10263,2840,4,Y,No,23,6,4,78,4,26,1,4,21,11,9,14
32,No,Travel_Rarely,1400,Research & Development (Modified),0,4,Life Sciences,-4,306,-1,Male,59,4,4,Laboratory Technician,5,Single,5917,9948,9,Y,No,16,2,7,75,0,18,4,7,14,8,7,10
27,No,Travel_Rarely,604,Research & Development (Modified),3,0,Life Sciences,0,721,-2,Female,69,6,7,Manufacturing Director,1,Married,7410,6005,1,Y (Modified),No,11,7,5,83,3,7,-1,1,13,3,2,2
21,Yes,Travel_Rarely,1447,Sales,-1,-4,Technical Degree,3,553,2,Female,65,5,-2,Sales Representative,5,Single,3200,21975,4,Y,Yes,19,3,4,81,1,7,3,6,7,6,-4,5
35,No (Modified),Travel_Rarely,844,Research & Development,20,-3,Life Sciences (Modified),-3,420,2,Female,85,6,0,Research Director (Modified),-1,Married,12062,26704,0,Y,No,21,7,2,76,-3,22,5,3,6,10,3,0
33,No,Travel_Rarely,499,Sales,6,2,Marketing,-1,1399,4,Male,35,4,-3,Sales Executive,-1,Married,4074,20498,0,Y,Yes,13,-2,2,75,5,2,2,5,-1,-1,0,0
43,Yes,Travel_Frequently,306,Sales,30,0,Life Sciences,5,688,-2,Female,100,-1,2,Sales Executive,2,Married,4284,5626,-1,Y,No,11,2,2,79,6,4,1,2,-3,-1,-5,1
44,No,Travel_Rarely,1207,Sales (Modified),27,-2,Life Sciences,1,1680,5,Male,75,6,-1,Sales Executive,3,Single,7086,11592,5,Y,Yes,17,1,0,81,-4,18,1,0,2,0,2,2
32,Yes,Travel_Rarely,738,Sales,0,-1,Life Sciences,-2,1562,2,Male,67,0,1,Sales Executive (Modified),-2,Married,9717,5326,-1,Y,No,8,-2,0,81,2,10,3,4,12,9,6,5
42,No,Travel_Rarely,1193,Research & Development,-1,7,Medical (Modified),-2,2052,1,Female (Modified),98,4,2,Research Scientist,5,Married,2005,12552,4,Y,No,13,3,0,79,7,16,-2,3,0,2,0,5
34,No,Travel_Frequently,605,Sales,5,7,Marketing,2,1358,-4,Female,78,1,6,Sales Executive,-4,Married,4643,2256,2,Y,No,20,3,6,78,4,16,2,2,12,3,8,10
36,Yes,Travel_Rarely,1121,Research & Development,6,4,Medical,3,928,3,Male,71,5,-3,Laboratory Technician,1,Married,2402,4298,11,Y,Yes,18,-1,2,76,-2,8,5,2,2,-1,4,6
36,No,Travel_Rarely,833,Research & Development,13,3,Medical,0,1765,4,Male,57,0,1,Healthcare Representative,1,Married,5810,24537,6,Y,Yes,12,6,1,79,1,14,2,5,-1,2,5,-4
28,Yes,Travel_Rarely,803,Research & Development,1,0,Life Sciences,-2,816,-3,Female,35,2,-4,Laboratory Technician,4,Married,2318,6684,-3,Y (Modified),Yes (Modified),11,4,5,79,0,-4,0,-2,-3,0,-5,1
30,No,Travel_Rarely,214,Research & Development,15,0,Other,4,1884,5,Female (Modified),44,4,4,Manufacturing Director (Modified),-3,Married,4784,25387,-2,Y,Yes,8,2,1,76,-1,3,-2,-1,5,5,0,3
18,No,Travel_Rarely (Modified),984,Research & Development (Modified),4,2,Technical Degree,3,1126,8,Female,66,1,2,Research Scientist,0,Single,2069,25321,-3,Y (Modified),Yes,12,5,4,78,-3,5,6,3,-3,-3,1,3
45,No,Travel_Rarely (Modified),465,Research & Development,9,5,Life Sciences,0,1664,-2,Female,40,-2,8,Healthcare Representative,2,Married,13963,11648,4,Y,Yes,17,-2,1,80,-2,29,-2,7,17,15,2,15
43,No,Travel_Frequently,118,Research & Development,19,0,Medical,-2,1895,8,Female,56,7,8,Manager,2,Divorced,17171,2439,6,Y,No,10,4,4,81,-2,25,1,2,19,16,6,10
25,No,Travel_Rarely,1460,Research & Development,-4,4,Medical,1,1238,7,Male,60,3,5,Research Scientist,-2,Married,3575,9370,0,Y,Yes (Modified),23,0,0,79,0,14,1,2,10,12,4,5
34,No,Travel_Rarely,1079,Research & Development,24,4,Technical Degree,1,275,3,Male,53,1,1,Manufacturing Director,7,Married,6256,4189,2,Y,No,17,-1,4,82,-1,11,2,0,10,11,0,8
34,No,Travel_Rarely,404,Research & Development,-3,6,Technical Degree,-2,719,5,Female,82,-3,0,Healthcare Representative,6,Single,4556,20976,2,Y,No,8,6,3,78,2,20,7,-1,24,4,13,13
35,No,Travel_Rarely (Modified),373,Research & Development,-3,4,Life Sciences,0,22,1,Male (Modified),44,0,4,Research Scientist (Modified),5,Single,3941,4305,6,Y,Yes,12,2,-1,83,2,3,4,-1,2,-2,4,-1
42,No,Travel_Rarely,1260,Research & Development,5,3,Life Sciences,-1,271,0,Male,83,0,-2,Manufacturing Director,0,Married,6549,7255,8,Y,No,11,3,-1,80,-3,13,7,7,-4,-2,0,-4
31,No,Travel_Rarely,1407,Research & Development,10,6,Life Sciences,0,374,2,Male,50,0,-1,Laboratory Technician,1,Married,3214,20248,-5,Y,No,8,0,2,83,2,19,-1,-1,12,15,12,13
46,Yes,Travel_Rarely,1448,Sales,-3,7,Marketing,1,1274,5,Female,95,4,0,Manager,3,Single,18819,2496,-3,Y (Modified),Yes,15,4,-2,79,-5,24,0,1,19,11,1,11
55,No,Travel_Rarely,1402,Research & Development,14,4,Technical Degree (Modified),3,1363,2,Female,82,1,7,Manufacturing Director,-2,Single (Modified),13139,24438,1,Y,No,11,4,5,77,2,27,2,6,2,2,-1,0
43,No,Travel_Frequently,1084,Research & Development,24,6,Life Sciences (Modified),0,1128,1,Female,85,6,1,Manufacturing Director,-3,Married,10820,11538,3,Y,No,6,2,5,81,5,21,-3,-1,12,9,-5,1
51,No,Travel_Rarely,197,Research & Development,-2,4,Other,1,817,1,Female,35,-1,7,Manager,6,Married,16755,12978,1,Y,Yes,6,7,0,77,4,28,1,6,27,9,6,-2
36,No,Travel_Rarely,499,Research & Development,4,8,Medical (Modified),-1,965,3,Female,96,-2,4,Manufacturing Director,-3,Married,6722,13549,1,Y,No,16,-2,6,79,0,9,5,8,3,8,6,-1
30,No,Non-Travel (Modified),745,Sales,-1,7,Life Sciences,-4,469,3,Male,65,0,3,Sales Executive,7,Married,4650,16928,-1,Y,No (Modified),14,3,-3,76,1,4,-2,-1,2,3,2,3
27,No,Non-Travel,1404,Research & Development,0,1,Life Sciences,0,559,6,Male,56,4,5,Laboratory Technician,-1,Married,2098,16733,4,Y (Modified),No,10,2,4,81,2,8,-2,4,7,0,4,4
32,Yes,Travel_Frequently,659,Sales,15,6,Marketing,-3,1376,3,Female,71,2,-2,Sales Executive,6,Married,4615,23285,4,Y,Yes,18,0,1,80,1,9,-3,3,-1,1,6,3
32,Yes (Modified),Travel_Frequently,456,Research & Development,20,0,Life Sciences,-2,1870,3,Male,70,1,0,Research Scientist,-1,Single,2436,14756,0,Y,Yes,21,4,5,77,0,-4,2,5,-1,-4,5,0
30,Yes,Travel_Rarely,428,Sales,9,2,Marketing,3,1754,3,Female,56,-4,0,Sales Representative,4,Single (Modified),2762,14634,-2,Y,No,8,2,-1,80,-4,3,3,7,-2,-1,-3,5
44,No,Travel_Rarely,1319,Research & Development,30,0,Medical,4,191,6,Male,85,-2,1,Research Scientist,8,Single,3450,9754,2,Y,No,9,1,2,79,-3,12,6,0,7,0,-4,5
49,No (Modified),Travel_Frequently,635,Research & Development (Modified),-3,5,Medical,1,122,2,Male (Modified),41,0,1,Healthcare Representative,-4,Married,10670,3138,0,Y,Yes,16,7,0,80,-1,17,1,-2,9,4,5,2
20,Yes,Travel_Frequently,1372,Research & Development,2,-3,Technical Degree,4,591,-1,Male,98,4,2,Laboratory Technician,5,Single,3897,9130,3,Y,No,17,6,6,78,4,-1,3,-2,1,3,5,0
35,No (Modified),Travel_Rarely,1006,Sales,-2,5,Life Sciences,3,1350,2,Female,34,7,5,Sales Executive,5,Divorced,6893,19461,1,Y,No,15,3,7,81,-1,11,1,6,4,6,5,2
45,Yes,Travel_Frequently,922,Research & Development,20,1,Life Sciences,-3,396,3,Male,39,5,-1,Laboratory Technician (Modified),1,Divorced,3157,19915,3,Y,Yes (Modified),18,0,7,75,-3,20,-5,4,-1,1,4,2
35,No,Travel_Rarely,1348,Research & Development,8,0,Life Sciences,2,1596,-1,Male,66,-2,4,Laboratory Technician (Modified),6,Married,2694,7712,2,Y,No (Modified),18,5,7,77,2,0,8,-3,-4,2,4,-3
49,No,Travel_Rarely,106,Research & Development,27,-1,Life Sciences,5,899,5,Female,71,5,4,Research Director,2,Single,14274,20207,4,Y,No (Modified),14,5,3,80,-2,31,1,0,11,9,-2,3
30,No,Travel_Rarely,730,Research & Development,6,-4,Life Sciences,2,1292,2,Male,63,-2,2,Research Scientist (Modified),1,Married,3505,6022,0,Y,Yes,10,6,5,77,-2,1,2,3,0,6,-3,4
33,No,Travel_Rarely,327,Research & Development,2,4,Life Sciences,-1,534,5,Male,101,5,1,Laboratory Technician,-2,Married,2218,16190,2,Y (Modified),No,9,4,-1,76,-2,6,2,4,7,2,5,3
34,No,Travel_Frequently,636,Research & Development,7,6,Other,0,1181,8,Male,47,-2,3,Laboratory Technician,2,Married,2377,26532,1,Y,No (Modified),17,-1,3,75,-2,-2,5,8,4,-1,3,-2
36,Yes (Modified),Travel_Rarely,517,Research & Development,3,-2,Life Sciences,0,335,4,Male,58,-3,3,Laboratory Technician (Modified),7,Single,3730,9568,-3,Y,Yes (Modified),16,6,0,78,0,7,-2,5,2,-2,5,0
24,Yes,Travel_Rarely,1088,Research & Development,5,5,Medical,5,2025,-3,Male,33,-1,5,Research Scientist,7,Married,4787,26121,10,Y,Yes,11,4,6,84,0,8,5,3,-1,1,5,-1
34,No (Modified),Travel_Rarely,506,Research & Development,3,6,Technical Degree,5,396,-2,Male,27,5,0,Research Scientist,6,Single,4480,26287,4,Y,No,10,5,-1,76,-2,5,1,0,7,-5,4,9
41,No,Travel_Rarely,1269,Sales,7,3,Life Sciences,3,235,-2,Female (Modified),32,6,0,Sales Executive,-3,Divorced (Modified),5003,6323,1,Y,Yes,12,7,4,76,3,10,6,2,3,6,-3,0
33,No,Travel_Rarely,213,Sales,5,4,Marketing,2,1049,5,Male,75,5,0,Sales Executive (Modified),6,Divorced (Modified),9728,12273,-2,Y,No,12,3,0,78,-3,20,3,5,16,5,-4,8
30,No,Travel_Rarely,987,Research & Development,8,-2,Life Sciences,1,690,-2,Female (Modified),71,2,-3,Laboratory Technician,1,Married,2660,17762,0,Y,Yes,13,2,1,80,-4,0,-3,-1,-2,1,-3,-3
43,No,Travel_Rarely,1264,Sales,2,6,Life Sciences,-4,244,5,Female,25,3,2,Sales Executive (Modified),1,Divorced,5006,6316,8,Y,Yes,13,2,0,83,5,5,2,8,7,5,-4,4
39,No,Travel_Frequently,423,Research & Development,1,2,Life Sciences,-4,903,0,Female,32,4,2,Healthcare Representative,2,Married,5562,21784,1,Y (Modified),No,13,2,5,79,-2,13,-3,3,8,6,-3,2
37,Yes,Travel_Rarely,1279,Research & Development,15,-3,Medical,-1,578,0,Male,52,2,1,Manager (Modified),2,Married,13614,24621,7,Y (Modified),Yes (Modified),9,1,-1,83,-1,19,-2,8,3,4,11,11
30,Yes,Travel_Frequently,234,Research & Development,0,6,Life Sciences,3,1938,2,Female,48,0,-2,Research Scientist,-1,Single (Modified),2430,15321,1,Y,Yes,10,5,0,77,-4,9,5,5,6,-4,-5,1
38,No,Travel_Frequently,1444,Human Resources,3,5,Other,-3,1974,7,Male,88,2,3,Human Resources,3,Married,2989,5224,0,Y,Yes,12,1,5,77,-3,8,-3,7,9,-1,2,5
29,No,Travel_Rarely,122,Research & Development (Modified),8,6,Medical,2,45,5,Male,81,3,4,Laboratory Technician,6,Single,2206,16121,4,Y,No,13,3,-4,78,-3,7,1,2,14,-3,5,5
49,No,Travel_Rarely,685,Research & Development,0,1,Life Sciences,5,1252,2,Male,88,5,7,Research Director,-1,Married,17780,23471,6,Y,No,10,0,0,84,4,36,-1,6,8,5,-4,13
18,Yes,Travel_Frequently,1366,Research & Development,8,3,Technical Degree,5,591,2,Male (Modified),94,0,0,Laboratory Technician,7,Single (Modified),3896,9133,9,Y,No,19,3,-1,82,-4,1,0,6,4,2,4,-2
35,No,Travel_Frequently (Modified),849,Sales,15,9,Life Sciences (Modified),4,73,3,Male,71,-1,2,Sales Executive,1,Married,9072,11035,2,Y (Modified),No,18,5,7,84,-3,9,-1,1,13,11,5,9
42,No,Non-Travel,498,Research & Development (Modified),2,2,Life Sciences,2,1330,5,Male,36,1,6,Manager (Modified),7,Married,17865,26585,-5,Y,Yes,17,-2,5,77,-1,20,0,6,15,7,-2,9
49,No,Travel_Frequently,1307,Sales,3,3,Medical,-1,467,-2,Male,95,2,-3,Sales Representative,5,Single,2978,25750,1,Y,No,19,2,0,81,-2,7,7,1,1,0,-5,-5
42,No,Travel_Rarely,414,Sales,23,7,Medical (Modified),5,1079,2,Male,78,3,5,Sales Executive,2,Divorced,10793,5272,0,Y,No,15,-1,4,78,-2,19,7,5,-1,0,2,-5
52,No (Modified),Travel_Rarely,688,Research & Development,6,1,Life Sciences,2,1251,7,Male,81,7,-1,Research Director,0,Married,17778,23475,7,Y,No,11,6,1,78,-4,40,1,-2,13,5,2,4
34,No,Travel_Rarely (Modified),712,Research & Development,4,6,Life Sciences (Modified),-1,1648,4,Female,38,6,7,Healthcare Representative,1,Married,8011,22795,2,Y,No,10,1,7,79,4,5,1,4,0,3,0,-2
39,No (Modified),Travel_Rarely,1312,Research & Development (Modified),2,-1,Medical,-2,1607,4,Female,31,6,7,Research Director,0,Divorced,19046,3551,-1,Y,Yes,15,2,1,79,4,25,8,3,19,5,4,14
38,No,Travel_Rarely,1465,Research & Development,9,0,Medical,0,1409,0,Female,89,-1,-4,Laboratory Technician,0,Single,3633,19107,4,Y,No,19,-2,-3,77,-2,8,2,3,5,-1,4,4
28,No,Travel_Rarely,578,Research & Development,8,3,Medical,3,1709,4,Male,60,4,4,Research Scientist (Modified),3,Married,4400,17618,5,Y,No (Modified),15,2,7,76,-1,7,0,3,0,-2,3,6
44,No,Travel_Rarely,957,Sales,-3,0,Technical Degree,4,778,5,Male,43,3,5,Sales Representative,6,Single,6636,12383,-4,Y,No (Modified),13,0,-1,77,2,12,-2,5,8,8,6,0
28,No,Travel_Rarely,1214,Research & Development,5,5,Medical,-2,1838,2,Female (Modified),69,4,0,Research Scientist,-2,Married,3589,12716,1,Y (Modified),No,25,2,7,78,1,2,3,7,6,4,-3,0
36,No (Modified),Travel_Frequently,466,Research & Development,5,1,Technical Degree,3,1252,0,Male,44,5,-3,Research Scientist,5,Married,3696,9252,3,Y,No,10,-2,-1,79,-1,8,-1,3,8,14,2,10
45,No,Travel_Rarely,971,Research & Development (Modified),-2,0,Technical Degree,-3,1256,4,Male,78,0,4,Laboratory Technician,1,Single,2563,16622,0,Y,No (Modified),6,1,-1,82,3,4,2,-3,-4,4,-1,1
54,Yes,Travel_Rarely,148,Research & Development,23,3,Medical,0,161,1,Female,94,5,1,Healthcare Representative,-1,Married,10315,3461,-3,Y,No (Modified),12,0,7,78,1,42,-1,-3,37,12,13,9
32,No,Travel_Rarely,1112,Research & Development,11,-3,Life Sciences,-4,390,-1,Female,62,0,2,Research Scientist,4,Single,3314,4488,2,Y,No,23,2,1,78,-2,3,0,5,7,-2,4,6
39,No,Travel_Rarely,1394,Research & Development,5,4,Medical,1,1912,2,Male,86,4,6,Research Director,-1,Married (Modified),13351,14838,11,Y,No,9,6,-3,82,4,22,-2,5,13,9,0,11
44,No,Non-Travel,1165,Research & Development (Modified),10,1,Technical Degree,2,1936,3,Male,63,3,6,Research Scientist,3,Married,5471,2128,9,Y,No,16,3,6,78,-2,12,6,8,4,5,-4,8
27,No,Travel_Frequently,467,Sales,8,3,Life Sciences (Modified),-3,1506,-1,Male,52,-2,4,Sales Executive,5,Single,4894,11829,-5,Y (Modified),No,9,-2,1,77,-3,0,4,4,8,4,-2,7
27,No,Travel_Rarely,159,Research & Development,3,-2,Life Sciences,2,2063,1,Male,85,4,6,Manufacturing Director,-1,Married,6139,5173,4,Y (Modified),Yes,21,0,-3,75,4,7,0,7,5,0,-5,3
30,Yes,Travel_Rarely,1094,Research & Development,3,1,Medical,1,2026,0,Male,35,0,-2,Research Scientist,-1,Married,4790,26122,9,Y,Yes,12,0,2,80,3,6,1,8,-3,-2,2,3
22,No,Travel_Rarely,1132,Sales,10,1,Marketing,2,453,-3,Female,60,4,3,Sales Executive,4,Married,6212,3417,-3,Y,No,18,3,2,83,0,3,0,6,11,8,1,10
41,No,Travel_Rarely,112,Research & Development,21,1,Life Sciences,-4,2010,2,Male (Modified),53,7,2,Research Scientist,6,Single,4112,5343,8,Y,No,14,4,3,84,-5,15,2,1,4,8,-4,5
36,No,Travel_Rarely,121,Research & Development,-1,7,Other,3,1062,1,Female,32,3,6,Healthcare Representative,4,Single,4110,13846,0,Y (Modified),No,18,7,2,76,-2,9,2,5,5,-2,4,5
25,No (Modified),Non-Travel,1105,Research & Development,20,5,Medical,0,1948,4,Male (Modified),47,-2,1,Research Scientist,0,Single,2143,2121,2,Y,No,10,-1,4,80,-3,5,5,-1,6,-2,-3,0
51,No,Travel_Rarely,317,Research & Development,2,4,Medical,0,542,6,Male,35,-2,1,Manufacturing Director (Modified),2,Married,7965,19609,4,Y (Modified),Yes,12,3,6,75,1,29,7,7,6,5,-1,-1
50,Yes,Travel_Frequently,879,Sales,4,8,Life Sciences,-3,2042,-3,Male,94,0,3,Sales Executive,6,Divorced,6730,14259,6,Y,No,11,2,4,79,6,7,3,-1,7,5,-5,2
34,No,Non-Travel (Modified),637,Sales,11,5,Medical,1,595,4,Male (Modified),30,2,0,Sales Executive,-1,Single (Modified),9980,15319,1,Y,No (Modified),10,-1,5,81,4,13,6,0,14,-2,8,2
30,Yes,Travel_Rarely,1046,Sales,6,1,Medical,4,293,1,Male,35,4,5,Sales Executive,1,Married (Modified),10404,25808,-3,Y (Modified),No,12,-1,0,79,-2,14,0,3,18,11,12,12
51,No,Travel_Rarely,275,Research & Development,10,4,Life Sciences,3,1024,3,Male,98,5,-3,Healthcare Representative,1,Single,4240,13116,6,Y,No,13,3,3,79,-2,22,1,7,-2,2,2,5
34,Yes,Travel_Frequently,1077,Research & Development,7,1,Life Sciences,-2,702,-1,Male (Modified),72,3,-2,Research Scientist,4,Single,3352,3161,2,Y,Yes,11,-2,0,83,1,5,4,5,7,7,10,6
37,No,Travel_Rarely (Modified),612,Sales,8,2,Medical (Modified),-2,1741,-1,Male,88,2,4,Manager,3,Single,19835,4345,-3,Y,No,17,0,-2,75,3,19,4,6,20,12,10,9
56,Yes,Travel_Frequently,780,Research & Development,-1,2,Life Sciences,4,915,6,Male,57,3,0,Laboratory Technician,6,Divorced,2375,13385,11,Y,Yes,14,2,0,76,-4,0,-2,0,-4,3,-4,4
53,No,Travel_Frequently,1051,Research & Development,13,0,Medical,5,1522,4,Female,86,-1,0,Manager,5,Divorced,16035,24460,7,Y,No,19,4,-4,79,-3,27,6,1,11,5,5,8
40,No,Travel_Rarely,571,Research & Development,15,-2,Life Sciences,-4,1971,2,Male,26,7,6,Healthcare Representative,1,Married,7508,16875,2,Y,No (Modified),18,-2,-3,77,2,11,1,-1,6,9,-4,11
36,No,Travel_Rarely,285,Research & Development,21,-1,Life Sciences (Modified),1,269,-1,Male,67,7,0,Research Scientist,4,Married,3563,22978,-2,Y,Yes,8,7,-4,84,-2,11,0,-1,8,9,0,2
29,No,Travel_Rarely (Modified),989,Research & Development,9,5,Life Sciences,5,689,-2,Female,75,2,2,Laboratory Technician,1,Married,2657,17755,3,Y,Yes,15,-1,0,82,-2,-1,-1,0,7,6,2,6
25,No,Travel_Rarely,1355,Research & Development,27,-1,Life Sciences,5,9,6,Male,68,3,2,Laboratory Technician,1,Divorced,2691,13333,2,Y,No,24,0,-1,75,-1,-2,-2,3,3,-5,0,2
40,No,Travel_Frequently,764,Sales,16,0,Life Sciences,3,1809,0,Male,80,7,6,Sales Executive,0,Divorced,4129,19185,-3,Y,No,15,7,2,79,4,6,6,7,6,-3,4,-3
52,No,Travel_Rarely (Modified),320,Sales,8,-1,Marketing,3,741,3,Male,52,-1,-4,Sales Representative (Modified),3,Married,3878,9985,7,Y,No,19,0,4,79,-2,1,4,0,3,6,-3,-1
34,No,Travel_Rarely,1037,Sales,4,1,Life Sciences (Modified),-2,1039,4,Male,41,-2,-1,Sales Executive,5,Single,6858,4979,3,Y,Yes,13,6,3,81,1,17,-3,6,0,1,-4,-3
16,No,Travel_Rarely,810,Sales,9,2,Medical,-4,408,7,Female,65,3,-4,Sales Representative,7,Single,1196,9722,0,Y,No,14,0,0,76,-4,3,-2,0,-3,-1,1,-2
18,Yes,Travel_Frequently,548,Sales,2,-1,Medical,3,1628,0,Female,69,-1,-4,Sales Representative,2,Single,1569,18424,2,Y (Modified),Yes,7,2,-1,80,-1,-2,5,1,2,-3,3,1
31,No (Modified),Travel_Rarely,1423,Research & Development,13,0,Life Sciences,-4,921,1,Male,70,3,3,Healthcare Representative,3,Married,6582,4816,-2,Y,Yes (Modified),16,1,-4,79,-3,13,1,2,15,11,5,9
54,No,Travel_Rarely,935,Research & Development,26,-2,Life Sciences,5,1005,0,Male (Modified),95,0,7,Manufacturing Director,1,Married,13975,4165,1,Y,Yes,20,1,8,75,-4,24,2,3,9,8,-3,2
44,Yes,Travel_Rarely,1452,Sales,4,1,Marketing,4,1281,-1,Female,94,4,6,Manager,6,Single (Modified),18826,2495,2,Y (Modified),Yes,14,7,-4,83,4,23,-3,4,28,10,-2,14
37,No,Travel_Rarely,212,Research & Development,4,1,Medical,2,178,6,Male,83,-1,6,Manufacturing Director,-2,Divorced,4937,2819,7,Y,No,20,7,4,79,0,4,-1,0,6,4,-1,-2
46,No,Travel_Rarely,165,Sales,-3,3,Marketing,2,596,-2,Female,40,6,4,Sales Executive,2,Married,4049,19657,-1,Y,No,15,2,5,78,2,15,4,0,5,3,8,10
29,No,Travel_Frequently,722,Research & Development,0,2,Medical,-3,57,2,Female,56,7,5,Laboratory Technician,5,Single,4009,10782,5,Y,No,21,3,8,76,-1,15,5,0,16,3,2,6
38,No,Travel_Rarely,320,Sales,2,4,Medical,5,379,-1,Female,40,5,-2,Sales Executive,-3,Divorced,5603,19186,2,Y,Yes,22,0,2,82,4,5,4,7,8,-3,7,7
40,No,Travel_Rarely,136,Human Resources,-2,2,Human Resources,4,756,5,Female,45,1,3,Human Resources,-2,Married,6392,18767,6,Y,No,16,-2,3,75,-2,13,7,5,10,5,1,9
30,No,Travel_Rarely,865,Research & Development,10,3,Life Sciences,3,1795,4,Male,90,4,2,Research Scientist,-3,Married,3144,6077,1,Y,No,17,3,-2,77,0,17,-2,4,7,7,3,7
45,Yes,Non-Travel,669,Research & Development,33,7,Life Sciences,-1,374,-3,Male,86,5,2,Manager,1,Married,11852,10265,-2,Y,Yes,10,2,1,76,5,12,-3,4,11,6,7,7
39,No,Travel_Frequently,609,Sales,11,5,Marketing,-3,1357,-3,Female,83,3,-3,Sales Executive,1,Married,4635,2259,2,Y,No,16,7,2,84,4,18,3,2,11,6,3,11
31,No,Travel_Rarely,579,Research & Development,27,-1,Life Sciences,2,1540,4,Male,43,-3,6,Manufacturing Director,-3,Single (Modified),4324,24151,0,Y,No,17,5,0,82,1,9,3,1,0,0,1,-1
34,No (Modified),Travel_Frequently,1217,Research & Development,-2,4,Life Sciences,0,533,4,Male,48,4,2,Manager (Modified),7,Divorced,19195,8217,2,Y,Yes,12,-1,2,84,4,23,0,5,24,5,-3,4
35,No,Travel_Frequently,632,Research & Development,18,-2,Medical,-1,282,-1,Female (Modified),73,-2,2,Laboratory Technician (Modified),3,Single,2151,7703,0,Y,No,14,7,-1,78,3,5,6,2,8,-2,0,9
41,No,Travel_Rarely,450,Research & Development,3,5,Life Sciences,-1,1816,-2,Male,87,2,0,Healthcare Representative,2,Single (Modified),6871,15531,7,Y,No,9,7,-2,78,0,15,-1,3,2,1,-2,3
46,No,Travel_Rarely,812,Research & Development,18,3,Life Sciences,3,472,1,Female,41,-2,2,Research Director,8,Single,15992,15898,1,Y,No,16,-2,-2,76,-4,18,-1,7,-4,2,-4,2
38,No,Non-Travel,1353,Research & Development (Modified),9,5,Life Sciences,4,1948,-3,Male,65,2,1,Laboratory Technician (Modified),2,Married,2811,9237,5,Y (Modified),No (Modified),24,4,-2,83,-3,9,2,6,5,2,-5,1
33,No,Travel_Rarely,128,Sales,4,1,Marketing,-3,1279,-2,Female,83,-1,3,Sales Executive,4,Single (Modified),4541,6038,2,Y,Yes,8,3,0,77,-5,2,6,5,7,-3,2,0
40,No,Travel_Rarely,1387,Human Resources,4,4,Life Sciences,-2,910,3,Female,41,-2,3,Human Resources,-1,Married,5207,7793,4,Y,No,12,7,6,80,2,9,4,3,4,5,1,8
56,No,Travel_Rarely,695,Sales,11,0,Marketing,-3,1235,4,Male,50,5,0,Sales Executive,5,Divorced,5223,10896,1,Y,Yes,14,1,2,81,-1,7,3,-1,11,6,2,10
37,No,Travel_Rarely,263,Research & Development,19,-1,Medical,3,1695,6,Male,80,4,3,Laboratory Technician,-1,Married,2026,13632,2,Y,No,22,2,2,82,6,9,2,5,12,6,1,12
29,Yes,Travel_Rarely,136,Research & Development,15,7,Life Sciences,5,1408,1,Female,49,5,3,Research Scientist,1,Single,2397,25683,0,Y,Yes,12,2,1,79,0,6,0,4,5,3,11,10
34,No,Travel_Rarely (Modified),401,Research & Development,5,-2,Medical,1,1640,1,Female,58,-1,-1,Manufacturing Director,4,Married,7758,14202,7,Y,Yes,17,5,6,84,-2,14,8,0,1,5,-3,3
29,No,Travel_Frequently,793,Sales,3,1,Life Sciences,0,1371,6,Male,39,2,6,Sales Executive (Modified),-1,Single,5068,20390,-1,Y,No,17,4,0,77,0,10,-1,-1,1,4,0,-2
31,Yes,Travel_Rarely,582,Research & Development,12,4,Medical,1,581,-2,Male,38,3,1,Laboratory Technician,2,Divorced,3409,6706,6,Y,No,14,0,-2,78,0,9,-3,5,8,-1,5,4
41,No,Travel_Rarely,193,Research & Development,12,-2,Life Sciences,0,209,0,Male,61,6,0,Laboratory Technician,0,Divorced (Modified),2349,10898,6,Y,No,17,-2,-1,84,2,22,4,4,16,10,0,16
19,No,Travel_Rarely,1351,Sales,6,-2,Other,-3,131,-4,Female,35,2,1,Sales Executive,-1,Married,5001,17520,1,Y,No (Modified),20,-1,-4,80,5,8,3,0,0,6,2,6
44,No,Non-Travel,269,Sales,12,3,Life Sciences,5,599,4,Male,56,3,-1,Sales Executive,5,Single,6232,13425,11,Y,No,14,3,-1,82,1,17,4,-1,12,2,3,5
33,Yes (Modified),Travel_Rarely,373,Research & Development,5,1,Medical,5,1810,-1,Male,62,2,6,Manufacturing Director,2,Single,4208,4995,0,Y,No,17,4,3,78,4,7,1,-3,14,5,2,12
22,No,Travel_Rarely,805,Sales,5,5,Life Sciences,4,702,8,Male,61,0,-1,Sales Executive,-3,Married,4849,15675,3,Y,No (Modified),20,7,2,79,0,6,3,6,3,1,1,-1
32,No (Modified),Travel_Rarely,467,Sales,8,3,Medical,2,1652,3,Male,43,-1,5,Sales Executive,-2,Single,5867,23415,8,Y,No,6,3,3,79,-5,8,2,-1,9,-3,5,4
52,No,Travel_Rarely (Modified),1082,Sales (Modified),4,3,Life Sciences,-3,1070,5,Female,41,6,-1,Sales Executive,3,Married,10690,8391,3,Y,No,10,-1,-3,80,3,8,-1,-1,8,6,2,-5
53,No,Travel_Rarely,1065,Research & Development,2,8,Medical,0,382,-1,Male,47,4,5,Research Director,4,Married,17584,21016,3,Y,Yes,16,3,1,80,-2,16,8,-1,0,4,-1,7
36,Yes,Non-Travel,1476,Sales,22,5,Life Sciences,4,984,6,Female,103,1,5,Sales Executive,2,Single,13190,17075,7,Y,Yes,13,0,6,83,2,24,0,0,5,2,0,-1
49,No,Travel_Rarely,254,Research & Development,-4,4,Other,1,333,7,Male (Modified),70,8,2,Manager,3,Married,19205,15972,3,Y,No,9,4,0,83,1,28,2,5,20,3,-4,4
61,No,Travel_Rarely,850,Research & Development,25,5,Life Sciences,5,1312,4,Male (Modified),85,6,4,Research Scientist,6,Divorced,2371,26074,0,Y,No,7,4,1,81,2,4,0,7,-2,-1,-2,2
33,No,Travel_Rarely,308,Research & Development,5,1,Life Sciences,-4,1662,-1,Male,81,1,-4,Laboratory Technician,5,Single,2010,10953,1,Y,No,11,-2,4,82,0,18,8,-1,0,1,1,5
34,No (Modified),Non-Travel,1398,Research & Development,0,7,Life Sciences,2,563,7,Male (Modified),56,-1,0,Laboratory Technician,5,Married,2094,16730,3,Y,No,10,6,1,80,5,11,3,2,9,4,3,2
47,No,Travel_Rarely,1095,Research & Development,29,8,Life Sciences,5,571,2,Male,84,3,0,Manager,0,Married,17046,9312,-2,Y,No,11,0,0,77,-3,25,-3,-2,26,6,17,8
32,No,Travel_Rarely,430,Research & Development,5,6,Other,4,1848,7,Female,68,4,6,Research Scientist,1,Married (Modified),6961,19574,0,Y,Yes,24,2,7,79,1,17,5,6,-2,-3,4,-3
38,Yes (Modified),Travel_Rarely,1117,Research & Development,4,5,Medical,3,930,-1,Male,74,5,4,Laboratory Technician,2,Married,2403,4305,10,Y,Yes,19,8,5,82,0,6,5,-3,6,-3,5,4
29,Yes,Travel_Frequently,346,Research & Development,-3,7,Life Sciences (Modified),1,1057,-1,Male,57,0,1,Research Scientist,5,Married,2043,15341,3,Y (Modified),Yes,11,4,-1,76,3,3,-1,1,4,5,4,-3
30,No,Travel_Rarely,970,Research & Development,3,6,Medical,3,763,3,Female,51,2,3,Healthcare Representative,-3,Single,6808,23395,5,Y,No,14,0,3,82,1,4,-3,-1,2,6,-4,2
36,No,Travel_Rarely,1332,Sales,13,1,Life Sciences,3,1057,3,Female,89,6,2,Sales Representative,6,Married,2217,18412,4,Y,Yes,20,1,0,83,5,3,-1,4,-3,0,4,-3
26,No,Travel_Rarely,1466,Research & Development,2,3,Medical,-4,1240,0,Male,66,4,0,Research Scientist,4,Married,3576,9365,-4,Y,Yes,17,1,2,84,5,12,2,6,7,6,6,7
36,No,Travel_Rarely,1278,Human Resources,12,5,Life Sciences,-2,875,-4,Male,80,-2,3,Human Resources,4,Married,2341,8633,3,Y,No,24,3,3,79,-4,2,-2,-1,0,0,-4,0
19,No,Travel_Rarely,768,Research & Development (Modified),-4,0,Life Sciences,3,1976,2,Male,45,-2,-1,Healthcare Representative,-2,Single,4617,14117,3,Y (Modified),No,13,1,-1,83,3,4,2,-2,3,-1,4,5
48,No,Travel_Rarely,623,Research & Development,4,5,Medical,2,848,5,Male,50,6,0,Healthcare Representative,1,Single,5929,5194,6,Y (Modified),No,15,-2,4,80,-5,8,2,-3,0,0,5,3
32,No (Modified),Non-Travel,118,Sales (Modified),3,5,Medical,-4,124,-3,Male,44,5,2,Sales Executive (Modified),4,Married,4223,8859,-2,Y,No (Modified),14,4,3,77,1,1,7,8,4,5,-2,7
44,No,Travel_Frequently,634,Research & Development,-4,3,Medical,-2,124,7,Male,35,-3,-1,Healthcare Representative,1,Married (Modified),10672,3146,6,Y,Yes,9,5,-1,84,1,17,5,2,6,12,11,3
33,No,Travel_Frequently,1147,Sales,22,-2,Medical,-3,1218,-2,Female (Modified),83,-1,4,Sales Executive,-2,Married,4542,4909,3,Y,No,9,5,4,84,-1,11,4,-3,7,5,1,4
37,No,Non-Travel,255,Sales,13,-3,Medical,-1,1329,4,Male,40,-2,3,Sales Executive,4,Single,6146,22074,4,Y (Modified),No,17,-2,-3,84,2,14,3,1,17,2,9,10
36,No,Travel_Rarely (Modified),882,Sales,3,3,Life Sciences,4,1585,-1,Female,74,-2,2,Sales Executive,1,Single,6811,21442,5,Y,No,15,6,2,77,-5,18,8,4,1,-4,0,1
45,Yes,Travel_Rarely,623,Research & Development,19,6,Medical,1,1296,-2,Female,68,1,1,Healthcare Representative,6,Married,7979,14075,5,Y,No,6,6,7,80,1,10,4,3,6,2,1,6
31,Yes,Travel_Rarely,902,Research & Development,10,-2,Life Sciences,-4,991,1,Female,88,5,-4,Research Scientist,3,Single,2402,11481,1,Y,Yes,23,6,7,83,-5,3,6,2,-2,2,2,4
25,No,Travel_Rarely,586,Research & Development,2,5,Medical (Modified),0,6,1,Male (Modified),42,1,0,Laboratory Technician,5,Married,3469,16632,8,Y (Modified),No,15,2,5,77,-2,8,4,-2,2,2,3,6
39,No (Modified),Travel_Frequently,398,Sales,22,3,Life Sciences,2,153,5,Male,95,0,5,Manager,1,Married,16960,19495,5,Y,Yes,10,3,8,82,4,24,5,1,24,13,-1,15
53,Yes,Travel_Frequently,959,Sales,-2,6,Other,0,1116,5,Male,79,3,-2,Sales Executive,3,Single,4728,17248,3,Y,Yes,11,0,7,84,-4,4,2,0,-5,4,-3,1
41,No (Modified),Non-Travel,1146,Research & Development,10,5,Medical,-4,488,6,Female,32,5,4,Manufacturing Director,4,Married (Modified),5259,16040,0,Y,No,12,7,5,76,4,10,1,1,0,4,1,-4
38,No,Travel_Rarely,1131,Research & Development,16,3,Medical (Modified),5,1802,1,Male,95,2,-2,Healthcare Representative,-3,Married,5540,5694,9,Y,No,21,5,-1,76,-2,6,3,6,-4,1,2,-1
35,No,Travel_Rarely,409,Research & Development,-1,8,Technical Degree,3,721,2,Female,76,5,3,Healthcare Representative,0,Single,4553,20981,4,Y (Modified),No,12,5,4,76,4,15,0,1,19,11,15,13
30,No,Travel_Frequently,196,Research & Development,-2,5,Life Sciences,0,1297,5,Male,49,2,3,Laboratory Technician,2,Married,3864,14219,-1,Y,Yes,16,6,-3,81,-3,6,2,-1,6,0,1,6
32,No (Modified),Travel_Rarely,978,Research & Development,1,5,Medical,4,1673,2,Male,40,7,-3,Research Scientist (Modified),-1,Divorced,5473,25519,4,Y,No,16,6,7,78,0,14,1,4,11,7,5,10
47,No,Travel_Rarely,1003,Research & Development,7,1,Life Sciences,-4,1823,-1,Female,91,5,6,Manufacturing Director,6,Divorced,10331,19274,10,Y,Yes,12,1,1,76,-3,24,3,6,24,15,10,6
39,No (Modified),Non-Travel,551,Human Resources,0,1,Human Resources,-1,1721,1,Male,58,5,-3,Human Resources,-3,Married,6426,20789,1,Y,No,16,0,3,76,0,12,7,6,3,2,-4,6
55,Yes,Travel_Rarely,150,Research & Development,22,1,Medical,-4,165,5,Female,89,3,7,Healthcare Representative,6,Married,10312,3462,1,Y,No,15,0,2,83,1,37,3,0,35,8,18,4
32,No,Travel_Frequently,301,Sales,0,8,Marketing,3,213,6,Female,78,3,4,Sales Representative (Modified),0,Married,2228,11317,6,Y,No,16,-1,3,81,0,6,6,3,1,7,0,2
29,No (Modified),Travel_Frequently,1296,Research & Development,1,-1,Life Sciences,-3,1852,3,Female,57,1,-3,Laboratory Technician,6,Single,2379,19824,0,Y,Yes,12,4,4,78,-3,1,6,-2,0,0,-2,2
37,No,Non-Travel,498,Research & Development,1,-3,Life Sciences,-3,1333,-2,Male,35,1,6,Manager,3,Married,17864,26584,4,Y,Yes,8,1,4,80,-5,19,-2,-2,15,7,-3,7
41,No,Travel_Rarely,805,Research & Development,-3,-4,Medical,5,760,6,Female,81,5,3,Research Scientist,8,Single,2346,22928,1,Y,Yes,16,5,5,80,-5,3,-2,6,3,1,3,4
59,No,Travel_Rarely,1140,Research & Development,-4,3,Medical,1,1425,0,Male,78,0,0,Research Director,7,Divorced,14735,12416,-2,Y,No,13,6,8,80,1,30,2,-1,9,9,1,-1
41,No,Travel_Rarely,1114,Research & Development,0,-1,Life Sciences,3,80,-4,Male,54,4,-2,Manufacturing Director,-2,Divorced,5994,2692,5,Y,No,13,6,5,80,3,8,6,4,3,1,-2,9
26,No,Travel_Frequently,1326,Research & Development,3,2,Medical,-4,338,-1,Male,72,5,3,Research Director,5,Divorced,13673,13527,7,Y (Modified),No,7,5,-4,76,2,13,2,2,-3,0,0,3
36,No,Travel_Rarely,1355,Research & Development,5,6,Medical,3,154,1,Female,44,2,5,Manager,3,Single,11627,5617,6,Y,No,13,5,0,79,2,15,1,4,7,13,7,8
31,No,Travel_Rarely,1402,Research & Development,9,-2,Medical,4,1196,-3,Female (Modified),53,2,3,Laboratory Technician,6,Married,3126,26344,-1,Y,No,8,-2,2,76,5,11,2,-2,6,9,3,5
42,No,Travel_Rarely,645,Research & Development,2,5,Life Sciences,-3,1994,4,Male,74,0,1,Research Scientist,-1,Married,2779,21411,-1,Y (Modified),No,23,7,-4,83,5,10,7,-1,3,-1,4,3
52,No (Modified),Travel_Rarely,1395,Research & Development,6,0,Life Sciences,-4,115,3,Male,46,-4,5,Manufacturing Director,7,Single,7258,21693,5,Y,No,10,1,-2,79,-3,35,7,3,2,8,-2,6
44,No,Travel_Rarely,614,Research & Development,2,0,Life Sciences,-4,1800,5,Female,95,0,4,Laboratory Technician (Modified),-2,Married (Modified),3373,25601,7,Y,No,17,-1,4,75,1,10,8,-3,3,7,0,2
38,No,Travel_Frequently,317,Sales,5,4,Marketing,3,314,-3,Male,44,-2,1,Sales Representative,7,Divorced,2791,2539,4,Y,No,16,5,1,80,3,17,0,5,5,12,0,4
44,No,Travel_Frequently,1209,Sales,5,0,Marketing,-2,60,3,Male,100,7,-3,Sales Executive,-1,Single (Modified),5771,20442,6,Y,Yes,23,-1,2,78,0,18,2,-2,13,3,3,6
39,No,Travel_Rarely,1175,Sales,-2,5,Medical,1,1701,4,Male (Modified),69,2,1,Sales Executive,4,Married,7844,6066,2,Y,Yes,12,0,-3,81,4,10,-2,5,9,6,12,8
33,No,Travel_Frequently (Modified),439,Sales,2,1,Marketing,-1,403,8,Female,81,-1,1,Sales Representative,5,Divorced,2790,3907,0,Y (Modified),No,13,1,3,75,2,0,9,5,3,-1,3,2
26,No,Non-Travel,882,Research & Development,9,0,Medical,2,1302,0,Female,71,1,5,Manufacturing Director (Modified),7,Single,4697,12856,9,Y,Yes,20,7,-2,79,2,14,2,3,3,1,-1,11
34,No,Travel_Rarely,916,Research & Development,-2,7,Life Sciences,3,803,3,Male,33,4,2,Laboratory Technician,4,Married,3828,24374,4,Y,No,17,2,-1,79,5,8,-1,3,2,3,-5,1
48,No,Non-Travel,656,Research & Development,4,5,Medical,-4,1773,1,Female,57,6,3,Manufacturing Director,-1,Married,12964,22310,8,Y,Yes,16,2,7,79,-2,27,4,6,0,0,1,-2
54,No,Travel_Rarely,829,Research & Development (Modified),2,-2,Life Sciences,3,351,-1,Male,97,3,3,Research Scientist,7,Married,2723,23227,-1,Y,No,15,6,4,78,-5,4,-1,-1,-1,1,1,-1
48,Yes,Travel_Frequently,566,Sales,11,5,Technical Degree,-4,722,4,Male,47,3,0,Sales Executive,5,Married,6800,23455,-1,Y,Yes,12,3,3,83,5,20,-1,4,-1,-1,-4,7
26,No,Travel_Rarely (Modified),1179,Research & Development,22,3,Other,5,1083,7,Male,89,-2,-3,Manufacturing Director,-4,Married,9953,9092,-3,Y,No,14,6,4,83,0,9,5,-1,5,-1,-5,0
30,No,Travel_Rarely,1114,Sales,10,1,Life Sciences,2,805,0,Female,93,-2,2,Sales Executive,4,Married,6504,13304,4,Y,No,20,2,-3,77,5,3,-1,0,5,5,3,6
27,No,Travel_Rarely,371,Research & Development,5,4,Life Sciences,2,1271,5,Male,47,7,3,Research Scientist,3,Married,1221,16904,-1,Y,No,26,8,6,77,-1,3,2,3,5,-1,-2,-3
40,No,Travel_Rarely,403,Research & Development,3,5,Technical Degree,2,718,4,Female,77,3,-3,Healthcare Representative,5,Single,4556,20977,0,Y,No,10,-1,-1,81,-5,22,1,7,17,8,6,12
46,No,Travel_Frequently,1307,Sales,2,1,Medical,1,471,-3,Male,96,-1,6,Sales Representative,0,Single,2973,25746,1,Y,No,14,-2,0,84,1,2,1,-2,3,2,-2,2
37,No (Modified),Travel_Rarely,1205,Sales,21,2,Life Sciences,-1,1673,0,Male,81,3,-2,Sales Executive,1,Single,7077,11586,5,Y,Yes,13,-1,-1,80,4,17,4,-1,2,4,4,-3
36,No,Travel_Rarely,526,Research & Development,4,4,Technical Degree,5,2035,7,Male,78,-2,4,Research Scientist,2,Single,2435,11285,4,Y,No,13,3,7,82,0,8,6,7,6,2,-4,0
58,No,Travel_Rarely (Modified),396,Human Resources,23,1,Medical,1,693,3,Male,88,-1,3,Human Resources,-3,Married,10727,6725,5,Y,No,15,3,7,79,-1,12,3,4,10,10,11,4
33,No (Modified),Travel_Rarely,1276,Research & Development,1,1,Medical,2,1978,5,Female,62,3,-1,Laboratory Technician,2,Divorced (Modified),1131,17539,-3,Y,Yes,6,4,2,83,1,-4,8,-1,5,2,-4,-5
47,No,Non-Travel,1190,Research & Development,3,1,Medical,-2,267,5,Male,61,1,8,Manager,5,Married (Modified),16787,20460,12,Y,No,18,2,2,78,5,24,2,-2,21,7,6,4
22,No,Travel_Rarely,1473,Research & Development,-2,-3,Medical,-3,501,0,Male,83,6,-3,Laboratory Technician,6,Divorced,3819,17878,5,Y,No,8,-2,3,79,-3,4,-3,3,1,1,2,5
38,No,Travel_Rarely,581,Research & Development,28,0,Life Sciences (Modified),-4,2030,-3,Female,60,1,8,Manufacturing Director,-2,Married,13571,5637,-5,Y,No,26,0,7,81,-3,22,7,5,18,8,1,13
36,No,Travel_Rarely,1243,Sales,17,3,Medical,4,1946,0,Male,40,7,5,Sales Executive,-1,Divorced,8625,22910,1,Y,No,22,6,4,78,4,8,1,1,9,11,-4,4
34,No (Modified),Non-Travel (Modified),974,Research & Development,-4,6,Medical (Modified),4,308,2,Male (Modified),88,4,5,Manufacturing Director,1,Married,4344,4383,-5,Y,No,10,1,6,79,2,5,1,0,8,7,-3,-1
44,No,Travel_Rarely,244,Sales,6,4,Marketing,-2,900,6,Female (Modified),31,0,-2,Sales Executive,5,Married,4538,17781,-4,Y,Yes,23,4,-4,84,4,12,0,-2,3,7,10,7
25,No,Travel_Frequently,295,Research & Development,8,-3,Life Sciences (Modified),0,732,7,Male,28,-1,4,Manufacturing Director,1,Divorced,8788,4806,-3,Y,No,24,2,3,77,-2,12,4,4,4,3,4,9
31,No,Non-Travel,585,Sales,6,1,Life Sciences,-4,1325,1,Female,59,4,0,Sales Executive,-1,Divorced,9850,8936,3,Y,Yes,22,7,-1,77,4,10,6,4,7,4,7,1
49,No,Travel_Frequently,885,Research & Development,20,4,Medical,-2,863,5,Female,79,-3,2,Manufacturing Director,8,Married,13829,19025,5,Y,No,25,-1,6,78,-3,34,7,-1,11,8,1,0
32,No,Travel_Rarely (Modified),985,Research & Development,-4,0,Medical,-4,1176,0,Male,62,2,4,Laboratory Technician,0,Married,2257,16338,5,Y,No,10,1,-2,77,-4,9,5,5,6,-5,2,2
42,No,Travel_Frequently,378,Sales,-3,6,Marketing (Modified),3,1483,-4,Female,77,7,-3,Sales Executive,-2,Married (Modified),4766,9284,5,Y,No,13,7,-2,76,-1,6,1,6,-2,-3,3,-1
27,Yes,Travel_Rarely (Modified),1086,Research & Development,6,1,Life Sciences (Modified),-1,1312,0,Male,79,7,1,Laboratory Technician,3,Married,4882,22842,-3,Y,No,17,4,-1,80,0,14,6,-2,6,5,-1,4
50,No,Travel_Rarely,1218,Research & Development,-2,3,Technical Degree,0,129,-2,Female,59,1,1,Research Director,1,Married,13547,23999,12,Y,No,16,1,-3,75,1,20,5,2,0,-2,-5,-1
52,No,Travel_Rarely,1099,Research & Development,7,-3,Medical,-2,1251,-2,Male,87,-2,7,Manager,6,Married (Modified),18712,12123,1,Y,No,12,-2,3,81,5,19,0,1,2,4,1,-1
34,No,Travel_Rarely,1403,Sales,-2,6,Life Sciences,5,1959,-1,Male,58,-2,4,Sales Representative,-3,Single,2862,11469,6,Y,No,10,0,-4,76,4,22,2,-3,-1,2,1,3
46,Yes,Non-Travel,670,Research & Development,25,4,Life Sciences,1,379,2,Male,89,5,-2,Manager,-2,Married,11845,10271,-2,Y,Yes,12,7,2,83,-2,11,2,5,13,8,6,13
20,No,Travel_Rarely,306,Research & Development,7,5,Medical,-1,786,-1,Male,75,3,-2,Research Scientist (Modified),3,Single,3503,19630,0,Y,No,19,4,6,82,-4,-3,-2,4,2,-1,1,4
36,No,Travel_Rarely,537,Sales (Modified),14,0,Marketing (Modified),0,1267,5,Male,78,3,4,Sales Executive,-1,Divorced,8382,21707,-1,Y (Modified),Yes (Modified),14,2,-1,78,-3,13,5,1,9,4,-1,12
36,No,Travel_Rarely,373,Research & Development,12,4,Life Sciences,1,1723,-2,Female,94,6,1,Manufacturing Director,-4,Married,6516,5041,-3,Y,Yes,18,2,1,84,-3,16,3,0,2,-2,-4,-2
32,No,Travel_Rarely,1215,Research & Development,-4,0,Medical,4,101,4,Male,33,-3,-1,Research Scientist,-1,Single,2855,26282,-4,Y,No,14,7,-4,81,1,8,6,6,8,-1,-3,6
36,No,Travel_Rarely,1267,Sales,6,2,Technical Degree,0,1883,6,Female,60,4,0,Sales Executive,7,Married,5669,6060,2,Y,Yes,13,1,-1,76,5,6,4,-1,9,10,4,8
31,No,Travel_Rarely,949,Research & Development,6,2,Other,3,846,4,Male,62,7,4,Manufacturing Director,4,Single,10223,18868,6,Y,No,23,5,-3,78,2,13,-2,3,5,4,-2,10
33,No,Non-Travel,1250,Sales,18,-1,Medical,-3,905,3,Male,34,6,2,Sales Executive,-3,Single,7637,4815,-4,Y,Yes,16,7,3,77,0,6,1,7,11,3,-1,12
43,No,Travel_Rarely (Modified),854,Research & Development,9,2,Medical,2,1767,6,Male,59,-2,4,Laboratory Technician,-1,Divorced,2770,8952,9,Y,No,18,8,2,84,0,11,4,-2,0,6,3,6
32,No,Non-Travel,1065,Research & Development,21,7,Medical,-1,529,0,Female,67,-1,0,Research Scientist,1,Married,4447,23870,5,Y,Yes,10,1,-2,79,-2,15,5,3,13,15,12,3
46,No,Travel_Rarely,1110,Human Resources (Modified),1,7,Life Sciences,-4,669,2,Female,51,0,-3,Human Resources,7,Single,5984,26890,8,Y,No,15,4,4,82,-2,8,-4,8,1,2,-2,1
53,No,Non-Travel,663,Research & Development,-4,4,Life Sciences,-3,2024,0,Male,61,7,-3,Healthcare Representative,1,Divorced,6307,26233,5,Y,No,17,0,4,80,-1,8,2,6,10,14,-2,6
42,No,Travel_Rarely,981,Research & Development,13,-1,Life Sciences,2,522,1,Male,56,4,-1,Research Director,-2,Divorced,14332,4343,1,Y,No (Modified),14,0,7,76,-1,21,3,2,25,10,2,8
58,Yes,Travel_Frequently,778,Research & Development,4,-2,Life Sciences (Modified),-2,918,4,Male,59,1,-1,Laboratory Technician,0,Divorced,2375,13379,6,Y,Yes,10,-1,8,78,-3,6,3,4,0,0,-1,2
24,No,Travel_Rarely (Modified),887,Research & Development,1,-2,Medical,-1,706,-3,Male,57,0,0,Research Scientist,3,Married,2818,8540,0,Y,No,18,-1,-4,79,2,4,5,4,0,1,-4,-1
34,No (Modified),Travel_Rarely,994,Research & Development,3,3,Medical,0,1562,-1,Male,71,6,5,Laboratory Technician,5,Single,2450,21727,3,Y,No,15,-2,2,80,4,6,6,6,5,-2,-3,0
36,No,Travel_Rarely,429,Human Resources (Modified),8,-1,Human Resources,2,732,2,Male,73,0,5,Manager,2,Divorced,19142,8864,3,Y,No,13,-2,1,76,2,20,-2,6,25,8,13,6
47,No,Travel_Rarely,1046,Research & Development,5,1,Technical Degree,-3,492,2,Male,100,6,2,Healthcare Representative,-1,Single (Modified),10500,2756,2,Y,No,10,-2,7,84,0,19,-3,0,6,4,-3,0
31,No,Travel_Rarely,123,Research & Development,8,-1,Medical,2,36,6,Male,85,2,4,Laboratory Technician (Modified),1,Single,2210,16116,4,Y,No,16,-1,-2,83,-2,10,7,-1,9,1,0,12
26,No,Travel_Rarely,139,Research & Development,8,5,Medical,-1,245,3,Female,96,1,-2,Research Scientist,2,Married,3929,6979,9,Y,Yes,25,2,2,81,3,8,4,3,2,1,-1,-2
25,No,Travel_Rarely,858,Sales (Modified),6,6,Marketing (Modified),2,1424,8,Female,75,3,-3,Sales Executive,3,Divorced (Modified),4782,12764,10,Y,No,16,5,4,76,3,4,-1,2,1,0,-3,2
26,No,Travel_Rarely,995,Sales,6,-1,Medical,-3,1672,3,Male,42,6,-3,Sales Executive,2,Divorced (Modified),4183,3360,5,Y,Yes,16,1,5,81,-4,6,4,4,9,0,-3,5
33,Yes,Travel_Rarely,1079,Sales,19,-1,Marketing,-1,1760,-3,Male,68,4,7,Sales Executive,-1,Married,8161,19004,-1,Y,No,15,5,-4,81,5,13,3,7,0,-1,-3,-5
50,Yes,Travel_Rarely,265,Research & Development,23,0,Medical,-4,1818,-1,Female,63,-2,-1,Healthcare Representative,-2,Married,8930,10840,4,Y,No,19,6,0,77,3,15,-1,1,7,6,-1,7
33,No,Travel_Rarely,777,Sales,-4,0,Marketing,2,95,0,Male,33,6,2,Sales Executive,-2,Single,4312,23011,4,Y,No,11,-2,2,80,2,14,4,2,15,15,5,12
48,No,Travel_Rarely,1409,Research & Development,8,2,Technical Degree,-2,1364,5,Female,83,-2,0,Manufacturing Director,3,Single,13140,24435,2,Y,No,19,4,-1,83,3,28,3,-2,1,3,-2,3
23,No,Travel_Rarely,1477,Sales,4,5,Medical,5,1443,0,Female,45,5,5,Sales Executive,1,Married,4162,15213,-4,Y,Yes,15,6,-1,76,5,4,7,1,2,2,2,3
28,No,Travel_Frequently,446,Sales,1,-1,Marketing,-4,394,8,Female,85,5,1,Sales Representative,3,Divorced,2793,3913,-4,Y,No,13,-2,-1,82,5,-1,9,0,3,0,4,-2
58,No,Travel_Rarely,111,Sales,2,-3,Life Sciences,-3,102,-2,Male,67,3,1,Sales Executive,7,Married (Modified),10240,18089,6,Y,No,11,1,6,81,3,26,-1,7,-3,4,3,1
52,No,Travel_Rarely (Modified),1126,Research & Development,0,5,Medical,0,994,0,Male,70,4,1,Research Director (Modified),3,Divorced (Modified),17400,6610,9,Y,No,22,5,0,84,-4,36,1,5,2,2,1,7
29,Yes,Travel_Rarely,1143,Sales,8,-2,Technical Degree,-3,798,4,Male,34,5,1,Sales Executive,5,Single,5328,3066,8,Y,No,14,2,3,81,0,7,1,6,5,-1,-4,3
31,No,Travel_Frequently,878,Research & Development,7,8,Medical,3,272,1,Male,44,3,-4,Research Scientist,-2,Divorced,3818,5971,0,Y,Yes (Modified),17,4,1,78,1,4,4,7,0,0,3,-4
36,No,Travel_Rarely,1323,Research & Development,2,-2,Medical,-4,477,5,Male,46,1,-1,Research Scientist (Modified),1,Divorced,5970,16996,3,Y,Yes,9,-1,3,79,0,10,-2,1,10,6,10,9
25,Yes,Travel_Rarely,1290,Research & Development,3,-2,Medical,-1,1783,4,Female,80,4,1,Laboratory Technician,0,Married,2398,15995,0,Y,Yes,15,-2,4,77,-2,-3,2,3,0,3,0,-2
35,No,Travel_Rarely,226,Sales,9,1,Medical,-4,375,3,Male,100,7,6,Sales Executive,-1,Married,6500,22828,3,Y,No,14,7,2,80,-3,7,3,4,5,0,-2,-4
37,No,Travel_Rarely (Modified),690,Research & Development,19,6,Life Sciences,4,391,7,Male,82,-1,1,Healthcare Representative,0,Divorced,5741,18899,11,Y,No,11,2,-2,79,3,11,6,3,6,5,-3,5
31,Yes,Travel_Rarely,694,Research & Development,9,-4,Medical,-2,30,3,Male,81,5,-4,Research Scientist,-2,Single,2961,17105,5,Y,No,7,5,6,76,3,12,0,-1,5,5,2,3
34,No,Travel_Frequently,610,Sales,10,2,Marketing,-1,1357,4,Female,78,7,-2,Sales Executive,1,Married,4637,2258,4,Y,No,12,-1,4,84,1,17,0,3,14,4,3,14
37,No,Travel_Rarely,780,Sales,4,6,Marketing,1,103,6,Male,35,-1,1,Sales Executive,-4,Single,4313,23020,-3,Y,No,11,5,5,80,-2,19,6,1,16,9,5,5
55,Yes,Travel_Rarely,727,Research & Development,7,6,Medical (Modified),2,433,5,Male,87,2,1,Research Scientist,-2,Married,4944,17748,0,Y,No,16,6,-2,84,1,14,-2,-1,10,6,7,7
34,No,Non-Travel,1433,Sales,3,1,Life Sciences,-1,790,2,Male,79,6,3,Sales Executive (Modified),4,Single,7590,14224,1,Y,No (Modified),15,3,-2,75,-4,7,0,6,5,10,0,9
43,No (Modified),Travel_Rarely,1416,Research & Development,0,5,Medical,1,350,1,Male,53,-1,9,Research Director,2,Divorced,19431,5946,3,Y,No,23,5,-1,76,3,26,7,5,22,9,4,7
48,No,Travel_Rarely,809,Research & Development,5,1,Life Sciences,2,1675,-1,Male,37,1,5,Manager,3,Single,15378,22387,8,Y,No,14,5,2,79,-2,20,0,1,11,10,-1,0
25,No,Travel_Rarely,1254,Research & Development,24,5,Life Sciences,3,827,5,Male (Modified),83,3,4,Research Scientist,0,Married,2696,23777,4,Y,No,21,2,1,84,1,8,-1,5,5,9,-4,11
49,No,Travel_Rarely,1314,Sales,6,0,Marketing,5,1759,3,Female (Modified),77,1,-3,Sales Executive,5,Single,4504,8193,1,Y,No,7,-2,7,83,2,4,-1,7,4,-2,-2,6
19,Yes,Travel_Frequently,866,Research & Development,6,0,Life Sciences (Modified),2,135,5,Female,63,-1,-2,Laboratory Technician,0,Single,2924,19787,-2,Y,Yes,16,4,3,82,-3,-3,1,5,-1,-2,4,1
28,No,Travel_Frequently,425,Sales,8,4,Medical,-2,1478,3,Male,58,4,0,Sales Executive,0,Married,4368,17451,-5,Y,No,13,4,-1,84,-1,6,3,2,8,0,-5,-2
18,Yes,Non-Travel,508,Research & Development,5,4,Medical,2,1245,-3,Female,94,0,-3,Research Scientist,6,Single (Modified),1855,6144,1,Y,Yes,22,7,0,79,1,1,2,-1,4,1,-4,4
21,No,Non-Travel,784,Research & Development,2,7,Medical,3,1691,4,Male,80,6,4,Laboratory Technician,1,Single,2569,11921,2,Y,No,23,3,-2,77,2,6,4,2,5,2,3,7
27,Yes,Travel_Rarely,1001,Research & Development,-1,1,Technical Degree,0,295,8,Female,84,5,-2,Research Scientist (Modified),1,Single,2661,8551,8,Y,Yes,14,-2,4,81,-1,8,6,0,6,5,-3,1
44,Yes,Non-Travel,1475,Sales,20,3,Life Sciences,2,987,6,Female,95,8,1,Sales Executive,2,Single,13191,17067,1,Y,Yes,13,-1,4,78,-3,22,4,2,-4,3,3,0
45,Yes,Travel_Frequently,1088,Sales,10,4,Life Sciences,4,1716,-2,Male,86,-4,2,Sales Executive,1,Married (Modified),12940,24159,9,Y (Modified),No,15,7,7,83,-5,21,1,5,26,2,16,10
32,No,Travel_Rarely,672,Research & Development,29,-2,Technical Degree,3,897,8,Male,77,1,6,Manufacturing Director (Modified),2,Married,10907,9131,3,Y,No (Modified),17,-1,2,84,1,15,4,-1,16,13,0,7
37,Yes,Travel_Rarely,463,Research & Development,6,1,Life Sciences,5,329,-3,Female (Modified),37,5,-3,Laboratory Technician,3,Married,2703,21511,2,Y,No,21,2,-3,75,4,15,-1,4,12,5,-4,8
32,No,Travel_Frequently,1010,Research & Development,8,4,Life Sciences,1,861,-1,Male,77,-2,-4,Research Scientist,4,Divorced,3761,2368,8,Y,No,16,1,-3,83,3,7,6,2,0,-1,3,-2
25,No,Travel_Rarely,868,Sales,4,4,Medical,3,1467,3,Male,83,6,0,Sales Executive,-4,Single,8465,23491,-4,Y,No,16,6,5,84,-3,9,7,3,9,6,-1,-1
31,Yes,Travel_Rarely,892,Research & Development,-3,1,Medical,-1,825,2,Male,47,3,3,Research Scientist,6,Single,4377,16375,9,Y,No,12,2,0,77,4,0,3,4,-1,0,2,-4
27,No,Travel_Rarely,721,Research & Development,28,4,Life Sciences,-4,1857,8,Male (Modified),88,-1,-2,Healthcare Representative,0,Divorced,6380,21145,3,Y,No,18,-1,4,82,-1,10,4,3,7,1,4,4
36,No,Travel_Rarely,1020,Research & Development,7,3,Life Sciences,-1,687,-2,Male,84,-2,2,Research Scientist,-1,Single,6641,19372,-2,Y,No,14,7,-2,79,-4,14,6,0,12,15,11,3
44,No,Travel_Rarely,704,Sales,16,5,Marketing (Modified),-4,731,8,Male (Modified),39,1,5,Sales Executive,-4,Single,4960,11828,1,Y,No,8,6,3,82,0,20,-2,5,6,2,0,4
30,No (Modified),Travel_Rarely,1019,Research & Development,-1,5,Life Sciences,2,731,-1,Female,41,7,0,Research Director,5,Single (Modified),11163,19375,4,Y,No,15,1,-1,80,-5,7,10,2,4,3,4,6
33,No,Travel_Rarely,185,Research & Development (Modified),2,4,Life Sciences,5,794,0,Female,72,5,3,Research Scientist,0,Single,3284,13550,5,Y,No,13,0,3,81,4,8,-1,-2,7,3,-3,5
42,Yes,Travel_Rarely,1359,Research & Development,7,-2,Technical Degree,-2,53,5,Female,44,-1,7,Research Director,6,Married,19545,16278,1,Y,No,15,2,7,82,-1,20,3,6,26,17,13,10
56,No,Travel_Rarely,864,Sales,4,0,Marketing,4,896,-1,Male,77,4,7,Sales Executive (Modified),8,Married (Modified),11840,22788,9,Y,No,13,-1,1,76,-2,25,-1,5,3,-5,5,-3
45,No,Non-Travel,983,Research & Development,2,-1,Life Sciences,-2,1472,4,Male,90,5,2,Laboratory Technician (Modified),7,Single,3165,7974,-2,Y,No,17,-1,0,79,1,9,9,-2,7,-3,3,-1
25,No,Travel_Rarely,153,Research & Development,2,1,Life Sciences,3,2063,2,Male,91,3,5,Manufacturing Director,5,Married,6138,5170,-1,Y,Yes,19,0,-3,84,-1,5,3,7,9,-2,2,4
20,No,Non-Travel,1095,Research & Development,13,5,Life Sciences,-3,810,1,Male,60,1,4,Laboratory Technician,1,Divorced,2694,26550,2,Y,No (Modified),15,0,-2,77,4,-2,3,3,1,-3,-1,-4
39,No,Travel_Rarely,412,Research & Development,-1,0,Technical Degree,-4,719,4,Female,84,4,2,Healthcare Representative (Modified),-2,Single (Modified),4555,20975,2,Y,No,9,0,2,83,-2,16,8,-2,21,8,10,6
37,No,Travel_Rarely,879,Sales,-1,8,Life Sciences,-2,1581,-2,Female,69,7,2,Sales Executive,1,Single,6814,21448,2,Y,No,8,1,-3,81,3,16,6,-2,2,2,4,2
30,No,Travel_Rarely,147,Research & Development,3,-1,Medical (Modified),-4,308,3,Female (Modified),47,0,0,Research Scientist,2,Married (Modified),2623,13243,4,Y,No,17,8,7,84,4,9,0,-2,2,3,2,-1
49,No,Travel_Rarely (Modified),1041,Research & Development,20,6,Medical,-2,1456,-2,Male,91,1,3,Healthcare Representative,1,Divorced,10846,19859,-2,Y,Yes,16,5,1,81,-1,24,-1,2,3,6,-2,7
28,No,Travel_Rarely (Modified),861,Research & Development,0,-1,Life Sciences,4,831,-1,Female,98,4,-3,Manufacturing Director,1,Married,6157,19121,-1,Y,No,12,6,0,84,2,17,6,0,10,14,4,11
56,No,Travel_Rarely,430,Research & Development,2,8,Medical,3,1832,2,Female,68,-2,5,Research Scientist,1,Married,6849,15699,1,Y,No,18,3,1,80,4,11,-1,5,5,1,-1,6
29,No,Non-Travel,531,Sales,19,7,Life Sciences,4,1679,5,Female,32,-2,2,Sales Executive,8,Divorced,5372,16132,1,Y,Yes,28,8,6,79,-3,9,-3,-1,9,0,5,2
45,No,Non-Travel,1054,Sales,11,6,Life Sciences,4,1117,-3,Female (Modified),68,6,5,Sales Executive,4,Married,5595,17967,0,Y (Modified),No,10,4,5,76,-3,11,6,0,17,11,3,14
31,No,Non-Travel,863,Sales (Modified),1,2,Life Sciences,5,1190,3,Female,79,5,-1,Sales Representative,-2,Divorced,2826,14950,2,Y,No,13,3,-2,75,2,-4,6,4,3,-2,-4,-4
34,Yes,Travel_Rarely,135,Research & Development (Modified),24,1,Life Sciences,-4,1004,-2,Female,44,1,2,Research Scientist,7,Married,2136,11536,-1,Y,Yes,7,-2,-1,80,2,2,-2,3,0,0,-1,-2
28,No,Travel_Rarely,1297,Research & Development,22,-1,Other,0,1617,4,Male,64,2,5,Laboratory Technician,-3,Divorced,4061,16292,-3,Y,No,11,6,1,83,1,2,4,-1,9,5,4,3
32,No,Non-Travel,1310,Research & Development,3,0,Medical (Modified),0,1998,0,Male,59,3,1,Laboratory Technician,7,Divorced,2005,20435,-1,Y,No,12,7,3,78,6,4,6,-3,-3,5,3,2
39,Yes,Travel_Frequently,662,Sales,19,3,Marketing,4,1379,1,Female,71,3,1,Sales Executive,-2,Married,4616,23290,-4,Y,Yes,15,7,2,79,2,3,3,3,1,6,3,-2
40,No (Modified),Travel_Frequently,527,Research & Development,33,-2,Life Sciences,-3,547,-1,Female,94,6,6,Research Scientist,4,Divorced,4559,12933,3,Y,No,6,3,5,80,4,23,5,2,9,8,-3,-2
29,Yes,Travel_Rarely,738,Sales,1,-2,Life Sciences (Modified),1,1564,4,Male,62,3,2,Sales Executive,0,Married,9715,5322,3,Y,No,10,6,3,84,3,13,2,2,10,3,4,11
24,No,Travel_Frequently (Modified),576,Research & Development,20,-4,Medical (Modified),5,1855,0,Male,44,0,-1,Laboratory Technician,0,Married,3811,6999,-2,Y,No,16,0,-1,81,4,6,0,3,10,3,0,5
41,No,Travel_Rarely,168,Research & Development,0,0,Life Sciences (Modified),1,746,5,Female,85,0,-1,Manufacturing Director,1,Single,7858,15396,1,Y,Yes,14,1,6,79,0,13,6,0,5,0,0,-1
25,Yes,Travel_Rarely,899,Research & Development,21,1,Medical,4,319,-1,Male,82,2,-4,Research Scientist,5,Single,2391,14958,-4,Y,Yes,10,4,0,76,-1,0,0,6,-1,5,1,-4
36,No,Travel_Rarely,367,Research & Development,3,0,Technical Degree,1,190,6,Female,27,4,6,Research Scientist,-1,Single,4313,2298,7,Y,Yes,16,1,2,75,-1,17,2,0,-2,6,4,2
28,No,Travel_Rarely,118,Research & Development,2,5,Life Sciences (Modified),3,231,-2,Male,39,4,-3,Research Scientist,0,Single,3036,12427,2,Y,No,23,8,-2,76,-3,4,-3,2,8,4,-2,4
22,No,Travel_Rarely,1468,Research & Development (Modified),0,-1,Medical,3,501,3,Male,84,4,0,Laboratory Technician,5,Divorced,3816,17876,2,Y,No,10,3,1,75,-3,9,6,7,5,6,2,0
28,No,Travel_Rarely,120,Sales,15,7,Life Sciences,1,861,4,Male,75,-2,0,Sales Executive,6,Divorced,4398,9245,3,Y,No,9,2,-1,83,0,9,4,-1,8,1,4,2
26,No (Modified),Travel_Rarely,207,Sales,6,4,Marketing,2,1398,-1,Female,95,-2,6,Sales Executive,2,Married,5769,7101,-3,Y,Yes,12,5,5,75,4,7,2,7,1,5,8,0
33,No,Travel_Frequently,1137,Sales,3,-1,Life Sciences,-2,54,2,Female,38,3,6,Sales Executive,-4,Married,5371,3188,-3,Y,No,19,6,-1,77,-3,13,-2,-2,0,-2,2,2
42,No,Travel_Rarely,442,Sales,4,6,Marketing,0,1989,1,Female,90,0,3,Sales Executive,-2,Married,5679,4255,5,Y (Modified),No,9,-2,5,76,-3,15,3,3,6,9,1,6
30,Yes,Travel_Frequently (Modified),231,Research & Development (Modified),6,0,Life Sciences,2,1804,0,Male,89,6,3,Laboratory Technician,3,Married,5343,6206,3,Y,No,20,3,-2,76,-2,15,0,6,2,-3,4,4
38,No (Modified),Travel_Frequently,455,Research & Development,26,5,Medical,-3,1237,-1,Female,61,4,7,Research Director,3,Married,13190,23279,6,Y (Modified),Yes (Modified),15,6,0,83,-5,19,10,4,-3,-3,-5,1
36,No,Travel_Rarely,1304,Research & Development,15,3,Medical,-2,1129,5,Male,42,4,9,Research Director,2,Single,19627,17542,-2,Y,No,15,-1,0,78,-4,24,-2,1,22,10,6,13
24,Yes,Travel_Frequently,1283,Research & Development,11,0,Life Sciences,-4,649,-2,Female,50,4,1,Laboratory Technician,3,Married,2889,14171,5,Y,Yes,13,4,3,83,0,8,3,1,8,3,3,1
43,No,Travel_Rarely,469,Research & Development (Modified),13,5,Life Sciences,-2,231,4,Male,60,-2,0,Research Scientist,1,Divorced,2455,4608,-1,Y (Modified),No,8,4,4,84,0,16,4,4,13,5,-4,12
23,No,Travel_Rarely,471,Research & Development,5,7,Life Sciences,4,1578,1,Female,91,4,1,Research Scientist,-1,Married,2058,11135,-2,Y,No,23,1,1,80,-4,-4,0,3,-1,4,1,0
31,No (Modified),Travel_Rarely,185,Research & Development,5,4,Other,-2,948,2,Male,61,2,0,Research Scientist,2,Single,4679,23290,4,Y,No,20,2,6,76,1,9,9,1,4,0,2,-4
27,No (Modified),Travel_Rarely,573,Research & Development,10,-2,Other,1,1978,1,Male,77,-1,-3,Laboratory Technician,1,Single,2643,13670,2,Y,No (Modified),16,6,3,83,-4,9,4,4,8,-1,3,6
39,No,Non-Travel,219,Research & Development (Modified),7,3,Medical,-1,1467,0,Male,51,1,1,Research Director,3,Divorced,13752,25180,1,Y,No,13,1,1,83,3,11,8,-2,12,6,2,8
60,No,Travel_Rarely,368,Research & Development,2,-1,Medical,1,1697,4,Male,94,5,-2,Healthcare Representative,8,Divorced,10885,20470,2,Y,No (Modified),20,6,5,83,0,20,-2,2,3,4,-2,3
38,No,Non-Travel (Modified),338,Research & Development,7,4,Life Sciences,-3,1813,2,Male,52,-1,1,Research Scientist,-2,Single (Modified),2442,24973,1,Y,No,8,5,-2,80,-2,7,-3,6,1,0,0,2
38,No,Travel_Rarely (Modified),215,Sales,-2,5,Marketing,1,1051,3,Male,75,3,-3,Sales Executive,6,Divorced,9726,12276,3,Y,No,8,-1,0,78,2,19,-3,-1,16,3,-1,10
33,No,Travel_Rarely,668,Research & Development,27,1,Technical Degree,4,896,4,Male,75,4,0,Manufacturing Director (Modified),0,Married (Modified),10903,9125,2,Y,No,19,6,-1,81,-3,16,0,5,13,7,4,9
52,No,Travel_Rarely,990,Research & Development (Modified),9,-2,Medical,3,82,6,Female,39,2,2,Research Director,6,Divorced,18740,16705,0,Y,Yes,13,7,6,82,-1,31,-2,1,31,3,14,5
35,No,Travel_Frequently,1466,Research & Development,11,5,Medical,-4,968,8,Male,39,1,1,Research Scientist,6,Divorced,3620,25058,11,Y,Yes,9,-2,-1,83,-1,-2,5,2,1,5,4,-4
21,No,Travel_Rarely,568,Sales,8,4,Medical,-4,1834,-1,Male,50,4,0,Sales Executive (Modified),0,Single,4679,9121,0,Y (Modified),No,12,2,4,83,-1,8,8,-2,2,-2,1,0
41,No,Travel_Frequently,1276,Sales,-3,7,Medical,0,1703,2,Male (Modified),31,-3,-3,Sales Executive,2,Divorced,9529,7680,4,Y (Modified),No,18,3,4,84,0,1,6,0,1,3,5,4
40,No,Travel_Rarely (Modified),192,Research & Development,12,2,Life Sciences,-4,210,1,Male,59,4,5,Laboratory Technician,-1,Divorced,2346,10903,8,Y,No,19,-2,6,80,1,23,6,2,12,12,0,17
45,No,Travel_Rarely,1206,Research & Development,25,3,Medical,2,712,1,Male,71,7,0,Laboratory Technician,3,Married,3220,3293,1,Y,Yes,12,3,1,75,1,20,7,6,20,11,-2,9
43,No,Travel_Rarely (Modified),1452,Research & Development,7,5,Medical,3,1191,5,Female,86,0,4,Research Scientist,5,Married,4477,20100,8,Y,Yes,17,3,-2,80,-2,6,6,-3,-1,6,1,1
47,No,Non-Travel,114,Research & Development (Modified),17,4,Life Sciences,5,1209,4,Male,74,4,1,Research Scientist,5,Single,2285,4277,-1,Y (Modified),No,12,2,0,84,-3,9,7,2,-4,3,-4,4
55,No,Travel_Rarely,686,Research & Development,7,2,Life Sciences,0,160,-1,Male,46,5,8,Research Director,1,Single,19533,6464,4,Y,No,14,7,6,82,-4,26,7,-2,21,19,10,13
39,No,Travel_Rarely,526,Research & Development,-3,4,Life Sciences,-1,1348,0,Male,93,2,5,Research Scientist,1,Single,4659,22459,1,Y,No,17,4,-1,76,2,6,0,0,4,7,12,5
28,No,Travel_Rarely,698,Sales,24,2,Marketing,2,645,5,Male,70,4,1,Sales Executive,6,Married,6270,7429,3,Y,No,18,4,3,78,-3,7,4,8,4,7,-4,4
37,No,Travel_Rarely,483,Research & Development,9,0,Medical,5,1578,5,Male,35,6,-4,Research Scientist,3,Single,2969,22063,3,Y,No,9,6,5,79,1,-3,4,3,-4,1,-2,3
30,No,Travel_Rarely,543,Research & Development (Modified),0,6,Life Sciences (Modified),-4,95,3,Male (Modified),63,-1,2,Research Scientist,1,Married,6218,7347,1,Y,No,16,7,0,84,2,6,5,5,9,3,-5,8
36,No,Travel_Rarely,120,Research & Development,4,5,Medical,4,1241,0,Male,64,7,-2,Research Scientist,-1,Married,2779,6309,-4,Y,No,16,5,-1,84,4,11,8,1,15,9,6,8
60,No,Travel_Rarely,714,Research & Development,3,7,Life Sciences (Modified),5,1035,1,Female,68,4,1,Manufacturing Director,1,Single,13728,21832,4,Y,Yes,11,7,4,78,-5,26,3,6,1,0,1,1
27,No (Modified),Non-Travel,990,Research & Development,2,6,Technical Degree,4,1483,6,Male (Modified),64,2,2,Research Scientist,3,Divorced,1275,7153,1,Y,No,9,3,1,79,-1,-3,1,-2,4,3,-2,0
44,No,Travel_Rarely,106,Sales (Modified),9,-2,Technical Degree,5,1243,-2,Female,83,-3,2,Sales Executive,0,Divorced,6849,11595,6,Y,No,12,6,5,75,1,4,1,3,0,1,-2,-2
37,No,Non-Travel,138,Sales,13,8,Medical,4,621,0,Male,70,5,3,Sales Executive,5,Divorced,8833,24668,-1,Y,No,11,6,0,83,2,5,7,3,11,5,3,3
33,No,Non-Travel,1191,Sales,20,6,Marketing,-2,943,3,Female,47,-1,-2,Sales Executive,2,Married,6933,24403,1,Y (Modified),No,15,3,5,76,-1,9,3,-1,9,8,-5,-1
36,No (Modified),Travel_Frequently,244,Research & Development,-2,0,Life Sciences,0,806,5,Female,71,1,5,Manufacturing Director,-3,Single,5979,26084,1,Y,Yes,11,5,2,76,-1,19,0,6,14,6,1,16
50,No,Travel_Frequently,1417,Research & Development,2,6,Medical,2,1218,1,Female,25,2,0,Manager,3,Married (Modified),17860,9490,1,Y,No,20,2,0,83,5,29,-1,2,6,5,1,1
35,No,Travel_Rarely,130,Research & Development,10,-2,Life Sciences,1,96,4,Female,52,7,-3,Laboratory Technician,0,Married,3033,22006,-2,Y,No,16,1,-2,80,1,9,7,4,1,0,-4,1
17,No,Travel_Rarely,1138,Research & Development,5,4,Life Sciences,-1,283,3,Male,64,6,-3,Research Scientist,-1,Divorced,2324,12388,2,Y,Yes,14,1,-1,75,1,1,-3,2,6,4,-1,4
21,No,Travel_Frequently,1095,Research & Development,9,5,Other,-4,1919,5,Male,64,0,1,Laboratory Technician,2,Married,2546,7102,-3,Y (Modified),No,14,-2,1,81,-2,4,-1,3,11,11,2,7
42,No (Modified),Non-Travel,1090,Sales,24,1,Other,5,619,-1,Male,56,0,7,Sales Executive,3,Divorced,10934,11377,7,Y,No,15,-2,7,76,-3,19,-1,5,3,0,4,1
49,Yes,Travel_Frequently,1472,Research & Development,30,0,Life Sciences,0,1421,1,Male,98,6,-2,Laboratory Technician,-4,Single,4285,22710,6,Y,No,20,3,3,75,-3,24,6,2,7,2,-3,6
45,No,Travel_Rarely (Modified),1317,Research & Development,2,2,Other,-4,672,2,Male,33,2,8,Manager,0,Married,19516,9360,3,Y,Yes,16,1,-1,77,5,24,4,2,6,4,-5,5
37,Yes,Travel_Frequently,989,Human Resources,26,0,Human Resources (Modified),1,589,0,Female,46,3,-1,Human Resources,2,Divorced (Modified),9953,11537,9,Y,Yes,14,1,7,79,2,13,-3,-2,4,2,-2,3
43,No,Travel_Rarely,491,Sales,18,-1,Life Sciences,-2,1553,2,Female,100,-1,-1,Sales Executive,3,Divorced (Modified),6441,13695,7,Y,No,11,6,7,77,-2,22,2,0,4,5,7,8
42,No,Travel_Frequently (Modified),568,Research & Development,5,5,Life Sciences,-1,809,-1,Male (Modified),63,6,2,Manager,8,Divorced,18432,16220,0,Y,No,11,2,-3,82,-2,24,2,-3,19,11,13,7
47,No,Non-Travel,1159,Research & Development,-1,2,Medical,-1,2004,0,Female,98,5,-2,Research Director,6,Married,11960,17228,1,Y,No,16,1,-1,78,4,18,0,-4,11,11,0,8
30,No,Travel_Rarely,333,Human Resources (Modified),-2,0,Life Sciences,-2,1494,4,Male,44,7,-2,Human Resources,5,Divorced,2063,15427,-4,Y,No,16,7,-4,77,-4,3,6,7,6,4,-3,7
33,No,Travel_Frequently,1407,Sales,19,5,Technical Degree,4,971,7,Female,81,4,4,Sales Representative,6,Married (Modified),2158,18199,-3,Y,No,16,7,6,79,2,7,9,7,-2,5,3,-3
57,No,Travel_Rarely,1180,Sales,19,-1,Marketing,1,735,2,Male,84,1,-3,Sales Executive,2,Single,5400,11922,6,Y,No,14,-1,7,76,1,7,1,-2,4,1,2,5
25,No,Travel_Frequently,192,Research & Development,2,-1,Life Sciences,0,1300,7,Male,51,3,-2,Laboratory Technician,5,Married,3867,14219,-1,Y,Yes,8,1,-3,84,1,4,3,6,5,-3,0,1
41,No,Travel_Frequently,566,Research & Development,11,-2,Life Sciences,1,808,2,Male,64,1,2,Manager,7,Divorced,18431,16228,0,Y,No,13,2,6,81,5,21,5,4,26,3,9,11
29,No (Modified),Travel_Rarely,742,Research & Development,5,2,Life Sciences,-4,95,5,Female,61,3,2,Manufacturing Director,1,Single,4421,20679,4,Y,No,25,0,2,83,3,10,3,-2,12,5,2,7
38,No (Modified),Travel_Rarely,1349,Research & Development,3,-2,Medical,-2,148,7,Female,46,-2,5,Manager,2,Single,11626,5615,3,Y,No (Modified),7,-1,5,79,4,17,5,4,11,13,1,10
32,No,Travel_Rarely (Modified),972,Research & Development,5,-2,Medical,4,1668,7,Male,45,3,3,Research Scientist,1,Divorced,5469,25516,1,Y,No,15,5,6,76,-1,14,0,1,12,3,3,7
31,No,Travel_Rarely,586,Research & Development,6,-2,Technical Degree,2,1766,0,Female,95,6,2,Research Scientist,-2,Divorced,2113,10005,-4,Y,No,10,4,-1,77,-2,0,6,-2,5,-4,-3,-4
42,No,Travel_Rarely,661,Research & Development,6,1,Life Sciences,-2,914,3,Male,63,1,1,Research Scientist,2,Married,2554,7506,-3,Y,Yes,17,-2,8,80,3,8,4,5,9,7,9,5
43,No,Travel_Rarely,1112,Research & Development,-2,4,Life Sciences,-3,1246,5,Female,69,-1,-2,Research Scientist,1,Married,2010,19981,-2,Y,No,10,6,7,79,5,9,7,6,5,1,5,7
52,No,Travel_Rarely,522,Research & Development (Modified),7,0,Other,-1,948,-2,Female,51,-1,1,Laboratory Technician,5,Married,7404,22477,7,Y (Modified),No,14,7,3,82,3,27,-1,4,29,9,4,11
40,No,Travel_Frequently,310,Research & Development,20,2,Medical,4,526,-1,Male,64,5,5,Laboratory Technician,2,Married,2258,15233,10,Y,No,20,4,-1,82,-2,6,2,1,6,4,2,0
32,No,Travel_Frequently,1107,Sales,4,3,Life Sciences,1,1391,-1,Male,62,7,-3,Sales Executive (Modified),5,Married,10000,19292,7,Y,No,16,6,3,76,-3,3,-3,6,2,0,5,-3
34,No,Travel_Rarely (Modified),289,Research & Development,19,4,Life Sciences,3,271,5,Male,65,2,-1,Research Scientist,2,Married,3560,22978,4,Y,Yes (Modified),15,-1,1,84,2,10,-2,2,11,5,3,3
55,No,Travel_Rarely,1322,Research & Development (Modified),3,1,Medical,-3,9,4,Female,85,1,3,Laboratory Technician,-4,Married,2671,9960,1,Y,Yes,16,2,3,80,1,15,5,0,3,-4,4,-2
48,No,Travel_Rarely,173,Research & Development,-1,-1,Life Sciences,1,1907,3,Male,73,0,1,Healthcare Representative (Modified),4,Married (Modified),5034,9366,6,Y,No,13,1,3,76,-2,11,0,-1,6,-2,-2,5
36,Yes,Travel_Frequently,1074,Research & Development,-2,2,Life Sciences,1,698,1,Male,66,1,-4,Research Scientist,3,Single,3349,3159,3,Y,Yes (Modified),8,3,0,78,-1,7,-1,7,13,9,5,9
32,No,Travel_Rarely,468,Research & Development,24,0,Medical,4,2053,1,Female,73,0,3,Research Scientist,0,Single,3788,8493,-2,Y,No,12,5,4,77,0,0,-2,-4,5,4,-1,5
59,No,Travel_Rarely,1088,Sales,4,-3,Technical Degree,-4,1049,-2,Male,64,-2,5,Manager,7,Married,11901,11034,2,Y (Modified),Yes,10,6,0,81,3,11,-1,-4,9,8,-3,4
56,No,Travel_Rarely,847,Research & Development,26,3,Life Sciences,1,1311,-2,Male,88,7,4,Research Scientist,6,Divorced,2371,26080,1,Y,No,12,-2,4,80,-3,4,3,0,0,-3,6,-3
36,No,Travel_Rarely,831,Research & Development,6,8,Life Sciences,1,337,3,Female,67,0,-1,Research Scientist,5,Married,2912,14771,-3,Y,No (Modified),12,5,2,77,4,5,0,0,2,-1,3,0
44,No,Travel_Rarely,899,Sales (Modified),2,1,Life Sciences,3,302,3,Female,79,5,4,Manager,-1,Single,13591,14675,2,Y,Yes,21,-2,-2,83,-3,15,7,1,0,1,3,0
42,No,Travel_Rarely,542,Research & Development,5,1,Life Sciences (Modified),1,2008,1,Male,81,2,4,Laboratory Technician,6,Married,2407,4056,11,Y,No,16,7,-1,84,5,12,0,0,4,1,1,-5
36,No,Travel_Frequently (Modified),131,Research & Development,18,3,Medical,1,1285,7,Female (Modified),42,7,4,Laboratory Technician,0,Divorced,4448,22530,2,Y,No (Modified),10,1,5,81,4,19,5,4,14,7,4,10
25,No,Non-Travel,1091,Research & Development,10,5,Life Sciences,-3,807,-2,Male,57,-2,-1,Laboratory Technician,1,Divorced,2689,26553,0,Y (Modified),No,15,7,-2,83,5,2,3,4,4,-5,-5,3
34,No,Travel_Rarely (Modified),502,Sales,13,6,Medical,5,1351,5,Female,63,7,4,Sales Executive,-1,Single,6121,23554,5,Y (Modified),No,12,5,0,81,-3,9,3,4,13,5,12,3
38,No (Modified),Travel_Rarely,916,Research & Development,10,4,Medical,-1,490,3,Female,100,0,5,Laboratory Technician (Modified),-3,Married (Modified),3449,17662,2,Y,No,22,2,4,76,-1,14,7,3,3,4,-2,1
51,No,Travel_Rarely,870,Sales,5,3,Marketing,-2,896,0,Male,70,6,2,Sales Executive (Modified),-1,Married,11835,22792,3,Y,No,14,7,-1,80,-1,24,6,1,3,-3,2,6
26,Yes,Travel_Frequently,1006,Research & Development,-1,5,Medical,4,1114,5,Male,45,6,-4,Laboratory Technician,5,Divorced,2594,7161,4,Y,No,18,6,1,75,3,1,6,4,4,2,-3,-4
43,Yes,Travel_Rarely,294,Sales,29,5,Marketing,-2,1315,8,Male,58,3,2,Sales Executive (Modified),3,Single,9093,17236,2,Y,Yes,8,3,6,75,0,6,0,4,3,8,-3,-2
25,No,Travel_Rarely,589,Research & Development (Modified),6,5,Life Sciences,-4,1879,6,Male (Modified),63,1,3,Laboratory Technician,4,Single,2064,19383,-1,Y,No,11,2,4,82,0,11,3,5,7,3,5,-3
49,No,Travel_Rarely (Modified),657,Sales,7,5,Marketing,-2,866,-1,Female,76,0,1,Sales Executive,4,Married,10935,20716,6,Y,Yes,21,4,6,81,1,33,7,3,6,5,-2,6
32,No,Travel_Rarely,1382,Research & Development,11,-2,Other,1,2053,-1,Male,44,5,5,Laboratory Technician,4,Married,4020,23677,2,Y,Yes,16,1,0,79,-1,9,-2,7,5,7,-4,4
30,No,Travel_Rarely,210,Research & Development,10,6,Medical,0,812,5,Male,50,-1,2,Research Director,-1,Married,11690,25996,0,Y,No,7,1,7,80,-3,10,5,6,10,7,5,11
41,No,Travel_Frequently,855,Research & Development,11,-1,Life Sciences,-2,203,0,Male,90,3,0,Manager,-3,Divorced,17177,12886,2,Y,No,16,0,-1,84,4,22,2,2,2,1,9,3
34,No,Travel_Rarely,808,Sales,11,4,Technical Degree,-4,1818,-1,Male,89,0,0,Sales Executive,4,Married,6796,22123,0,Y,No,19,1,3,76,0,14,9,-1,11,11,8,12
52,No,Travel_Rarely,835,Research & Development,3,4,Technical Degree,-4,1875,5,Male,94,3,1,Research Scientist,7,Married (Modified),2661,7979,3,Y,No,23,-1,1,82,-2,17,3,1,6,-3,-5,1
40,No,Travel_Rarely,1017,Research & Development,4,-3,Medical,-2,342,5,Female,83,-1,4,Research Scientist,-1,Married,3924,18693,6,Y,No,16,-1,0,75,2,16,-1,2,6,-4,3,4
21,No,Travel_Rarely,620,Sales,15,2,Medical,5,642,1,Male,37,0,3,Sales Representative (Modified),7,Married,2091,26373,3,Y,No,15,-2,7,81,-3,6,-4,0,3,8,3,10
43,No,Travel_Rarely,1121,Sales (Modified),-1,3,Medical,-3,457,2,Male,54,-1,-2,Sales Executive,2,Married,7457,13272,-3,Y,Yes,25,8,4,75,2,3,-2,4,1,4,2,-2
26,No,Travel_Rarely,824,Research & Development,18,1,Other,-2,643,7,Male,96,1,-2,Laboratory Technician (Modified),5,Married,2131,9101,-1,Y (Modified),No,17,0,6,77,-4,1,6,4,-1,0,1,-5
60,No,Travel_Rarely,419,Research & Development,7,6,Life Sciences,0,553,1,Female,40,3,3,Manager,0,Married,19561,3856,1,Y,No,15,0,7,82,0,34,8,-2,27,4,7,10
32,No,Travel_Rarely,566,Research & Development,11,-3,Life Sciences,-1,802,3,Female,85,3,1,Research Scientist (Modified),4,Divorced,2784,19900,0,Y,Yes,11,4,-1,84,-3,4,-2,2,8,6,5,3
28,No (Modified),Travel_Frequently (Modified),826,Sales,7,-1,Marketing,5,803,5,Male,88,2,4,Sales Executive,7,Married,4338,24006,3,Y,No,15,0,-3,75,1,5,-2,4,2,-2,-3,0
40,No,Travel_Rarely,929,Sales (Modified),3,2,Life Sciences,-4,2038,1,Male,52,0,5,Sales Executive,-1,Divorced,8939,12224,1,Y,No,6,5,1,76,2,10,6,3,5,-1,-4,7
40,No (Modified),Travel_Rarely,971,Research & Development,5,5,Medical,-4,991,8,Female,86,3,0,Laboratory Technician,-1,Divorced,2271,11009,0,Y (Modified),No (Modified),9,-1,0,80,4,6,1,2,2,0,-4,2
31,No,Travel_Rarely (Modified),979,Research & Development (Modified),3,2,Medical,1,1170,3,Male,55,6,3,Laboratory Technician,6,Married,2254,16343,7,Y (Modified),No,15,-1,2,82,3,5,2,2,10,-5,2,7
48,No,Travel_Frequently (Modified),361,Research & Development,1,7,Medical,1,1647,0,Male,90,0,1,Manager,4,Married,15202,5603,3,Y,No,21,5,6,76,0,19,6,1,-1,2,2,0
26,No,Travel_Rarely,1064,Research & Development,24,-2,Medical,3,1249,-2,Female (Modified),100,0,1,Healthcare Representative,1,Single,6813,17199,4,Y,No,21,2,1,77,-2,13,0,5,13,6,-4,12
28,Yes,Travel_Rarely,1089,Research & Development,1,6,Medical,-4,2030,0,Male,31,5,-1,Research Scientist,8,Married,4789,26121,8,Y,Yes,16,-2,1,82,-2,8,0,3,-2,0,5,-3
40,No,Travel_Rarely,1014,Research & Development,7,5,Medical,0,1612,5,Female,53,-1,1,Laboratory Technician,3,Single,5771,23443,2,Y,Yes,14,3,3,82,-5,12,0,-1,7,11,5,1
26,No,Travel_Frequently,1310,Research & Development,2,6,Technical Degree,-3,1740,-1,Female,81,2,3,Research Scientist,4,Single,4969,26422,2,Y,No,17,1,5,77,1,14,0,1,11,9,-4,10
37,No,Travel_Rarely,300,Sales,21,-1,Marketing,5,1062,-2,Male (Modified),77,-1,6,Sales Executive,-1,Married,8399,22217,-3,Y,No,14,-1,-2,78,4,12,3,-3,7,4,8,2
39,No,Travel_Rarely (Modified),392,Research & Development,6,6,Medical,-2,100,4,Male (Modified),34,5,4,Research Director,7,Single,13663,25254,1,Y (Modified),No,15,3,-2,82,-2,15,7,8,7,-2,4,4
36,No,Travel_Frequently,475,Research & Development,13,3,Life Sciences,0,833,-2,Male,45,6,-1,Healthcare Representative,-3,Divorced,6287,4287,1,Y,No,15,-1,2,83,-4,17,1,5,-1,1,3,1
52,No,Travel_Rarely (Modified),659,Sales,3,1,Marketing,1,859,-1,Female,82,1,3,Sales Executive (Modified),-1,Married,10933,20717,9,Y,Yes,14,-2,7,77,4,35,6,-2,1,5,1,3
35,No,Travel_Rarely,439,Sales,1,4,Marketing (Modified),1,1985,4,Female,91,-2,4,Sales Executive,0,Married,5677,4258,5,Y,No,14,0,2,75,-1,19,3,-2,6,10,2,10
37,Yes,Travel_Rarely,895,Sales,6,2,Technical Degree,5,40,6,Male,59,6,0,Sales Representative,1,Married,2083,3336,-1,Y,No,16,4,1,78,4,18,9,5,4,-1,1,2
21,No,Travel_Rarely,194,Research & Development,1,0,Medical,-3,1079,3,Male,59,-1,-3,Laboratory Technician,1,Married,3959,11142,0,Y,No,12,1,-4,75,2,5,-3,-1,0,7,2,2
45,No,Travel_Frequently,1215,Sales,8,7,Marketing (Modified),-2,57,-3,Male,98,3,-1,Sales Executive,5,Single,5772,20447,0,Y,Yes,18,8,-2,84,3,13,1,2,12,9,-3,6
23,Yes,Travel_Rarely,953,Sales (Modified),2,8,Marketing,4,403,4,Male,52,2,2,Sales Executive,5,Single,5831,8445,5,Y,Yes,8,7,-1,84,4,4,-3,6,3,9,9,3
23,No,Travel_Frequently,495,Research & Development,7,6,Medical,-1,392,5,Male,64,-2,2,Healthcare Representative,2,Married,4744,22717,3,Y,Yes (Modified),14,7,1,81,-2,2,6,6,9,-2,7,-1
42,No,Non-Travel,1170,Research & Development,13,1,Technical Degree,-4,1935,6,Male,61,1,0,Research Scientist (Modified),-3,Married,5468,2128,3,Y,No,21,7,4,80,2,14,8,1,9,6,0,2
30,No,Non-Travel (Modified),1182,Research & Development,4,2,Medical,1,1803,2,Male,90,4,-2,Manufacturing Director,3,Divorced (Modified),5764,24444,0,Y,No,18,4,2,82,-4,11,9,2,11,4,4,3
40,No,Travel_Rarely,1387,Research & Development,7,0,Medical,0,1615,-3,Male,79,6,1,Manufacturing Director,5,Married,5381,3833,3,Y,No (Modified),11,1,4,82,3,11,2,5,5,6,11,9
35,No,Non-Travel,866,Sales,2,0,Life Sciences (Modified),4,1185,1,Female,78,-2,-1,Sales Representative,-3,Divorced,2823,14946,-2,Y (Modified),No,12,5,4,84,2,2,7,5,-2,1,2,-2
37,No,Travel_Rarely,1346,Research & Development,18,2,Medical,-1,13,-1,Male,95,2,2,Laboratory Technician,-1,Divorced,2656,8760,2,Y,No,15,-1,7,83,2,1,2,4,5,6,5,1
41,No,Travel_Rarely,615,Sales,3,3,Medical,1,1739,0,Male,88,3,6,Manager,4,Single,19833,4353,-2,Y,No,11,7,3,77,1,24,6,2,22,7,10,11
27,No,Travel_Rarely,507,Research & Development,19,3,Life Sciences,3,1528,5,Male,95,1,6,Laboratory Technician,6,Single,2271,24812,3,Y (Modified),No,9,1,-2,76,-4,2,3,3,0,6,-4,-2
27,No,Non-Travel,1264,Research & Development,0,3,Life Sciences,1,884,1,Male,50,3,2,Laboratory Technician,1,Married,3157,10777,3,Y,No,20,-2,8,76,-5,6,3,5,1,-3,-2,5
36,No,Travel_Rarely,863,Research & Development,10,6,Medical,3,1938,-4,Male,90,7,0,Manufacturing Director,-3,Married,5146,12314,5,Y,No,26,3,5,81,5,9,2,2,6,-3,3,9
40,No,Travel_Rarely,169,Research & Development,5,1,Life Sciences,4,1437,-2,Male,40,5,-1,Laboratory Technician,8,Single,5808,22602,0,Y,No (Modified),18,6,0,84,0,13,5,-1,5,8,-2,5
25,No,Non-Travel,674,Research & Development,13,-2,Other,-3,22,0,Female,96,7,2,Manufacturing Director,6,Divorced,4006,8228,-3,Y,No,18,0,0,81,-2,3,9,3,8,-3,4,-1
34,No,Travel_Rarely,1478,Sales,1,4,Life Sciences (Modified),3,1879,6,Male,66,6,4,Sales Executive,5,Married,9711,24445,2,Y,Yes,15,4,-1,82,1,10,5,7,7,-1,2,0
38,No,Travel_Frequently,1188,Research & Development,-2,4,Other,-3,1060,6,Male,42,-1,1,Research Scientist,2,Married,2822,2992,4,Y,No,16,3,2,82,-2,5,-3,5,-1,5,4,-1
45,Yes,Travel_Rarely (Modified),405,Sales,26,5,Marketing,-1,2051,5,Male,43,-2,4,Sales Executive,4,Divorced,10857,16590,1,Y,Yes,9,7,6,84,-3,24,-1,2,2,-3,-2,0
30,No,Travel_Rarely,327,Sales,12,-1,Life Sciences (Modified),3,1455,0,Male,35,6,1,Sales Executive,8,Divorced,10788,8384,-1,Y,No,21,5,2,78,1,8,1,-2,9,8,7,9
48,No,Travel_Rarely,808,Research & Development,0,7,Life Sciences,-2,1677,5,Male,34,3,6,Manager,0,Single,15376,22386,5,Y,No,15,5,-3,80,-3,18,1,7,9,5,-4,-5
60,No,Travel_Frequently (Modified),1242,Research & Development,4,2,Medical,4,1072,1,Female,60,-1,-4,Research Scientist,0,Married,2946,12152,-2,Y,No,23,2,1,81,0,15,1,1,1,-1,3,0
37,No,Travel_Rarely,209,Research & Development,6,-1,Medical,3,812,0,Male,45,7,5,Research Director,-1,Married,11688,25997,2,Y,No,11,1,-1,76,-1,15,6,5,10,13,7,7
25,No,Travel_Rarely,912,Research & Development,-3,-2,Medical,-2,1987,7,Male,80,-2,5,Laboratory Technician,1,Married (Modified),3752,4079,-2,Y,No,15,7,5,83,1,16,5,0,11,7,3,11
27,No,Travel_Rarely,1308,Research & Development,24,-1,Life Sciences,2,466,5,Male,82,3,4,Research Scientist,2,Divorced (Modified),2908,16087,1,Y,No,15,-2,2,83,2,4,-2,4,4,2,-2,-2
44,No,Travel_Frequently,1032,Research & Development,15,0,Medical (Modified),5,624,-2,Female,85,1,2,Healthcare Representative,0,Married,10522,8980,8,Y,No,9,-2,7,84,1,27,3,-1,-1,0,-2,2
44,No,Travel_Rarely,1461,Research & Development,8,7,Other,2,36,-1,Male,43,4,5,Healthcare Representative,2,Married,6460,19119,2,Y,Yes,8,-2,5,77,1,9,8,6,5,3,3,-2
18,No,Travel_Rarely,657,Sales,19,-2,Marketing,5,1223,5,Male,39,8,5,Sales Representative (Modified),2,Single (Modified),2673,5048,-4,Y,No,16,2,6,80,3,4,0,6,-1,-3,4,-1
36,No,Travel_Rarely,837,Research & Development,18,-1,Medical,-4,1764,6,Male,60,-3,5,Healthcare Representative,3,Married,5815,24538,3,Y,Yes,17,2,3,77,2,14,6,7,-2,1,-2,0
29,No,Travel_Rarely,423,Research & Development,-3,1,Medical,-4,77,5,Male,28,5,-1,Manufacturing Director,0,Married,6159,10878,2,Y,Yes,17,3,0,83,1,5,5,3,5,11,6,3
44,No,Travel_Rarely,1222,Research & Development,13,-2,Life Sciences,2,1866,7,Male,90,5,2,Research Director,-2,Married,19669,13586,7,Y,No,16,0,6,80,3,29,3,6,20,13,11,4
32,No (Modified),Non-Travel,724,Research & Development,-1,0,Life Sciences,1,702,-1,Male,36,0,-3,Laboratory Technician,4,Married,1283,16901,-3,Y,No,16,3,4,78,-3,-4,3,5,4,-5,-1,-2
35,No,Non-Travel,790,Research & Development,-3,2,Life Sciences,3,1737,0,Male,81,6,0,Laboratory Technician,2,Married,6472,8988,-4,Y,Yes,19,4,3,78,2,13,-3,2,13,11,1,12
38,No,Travel_Rarely,1497,Research & Development,8,0,Medical,-1,636,3,Female,78,7,2,Healthcare Representative,3,Married,9820,22177,6,Y,No,17,3,7,83,-1,18,3,3,2,0,-3,1
40,No,Travel_Rarely,914,Sales,1,2,Marketing,-1,1711,1,Male,30,0,1,Sales Executive,5,Single,9241,15868,0,Y,No (Modified),9,5,5,84,3,13,1,-1,8,7,6,6
54,No,Travel_Frequently,545,Sales (Modified),0,2,Marketing,4,1390,1,Male,53,-1,0,Sales Executive,3,Married,10593,15398,4,Y,No,10,2,3,82,-4,9,2,-1,1,4,6,0
33,No,Travel_Rarely,326,Human Resources,0,1,Life Sciences,0,1496,2,Male,48,4,2,Human Resources,6,Divorced,2061,15429,-4,Y,No,18,0,3,77,5,1,6,2,0,3,-4,1
20,Yes,Travel_Rarely,414,Sales,21,6,Other,5,960,-1,Male,39,0,2,Sales Representative,0,Single,2118,9949,4,Y,Yes,9,6,4,79,3,-3,4,6,1,-1,4,1
53,No (Modified),Travel_Rarely,174,Sales (Modified),4,5,Technical Degree,1,1133,-1,Male,59,-2,1,Sales Executive,3,Married,13115,11878,2,Y,No,13,6,2,84,-4,24,5,-2,4,9,5,7
32,No,Travel_Rarely,637,Research & Development (Modified),5,2,Medical,-1,860,5,Female,94,2,-3,Research Scientist (Modified),1,Married (Modified),5171,22157,0,Y (Modified),No,15,-1,6,83,-4,13,3,-2,3,4,3,-2
32,Yes,Travel_Rarely,1261,Research & Development,1,4,Life Sciences,1,1688,-1,Male,90,-1,-1,Laboratory Technician,2,Single,1394,24850,-4,Y,No,7,5,5,81,-3,3,-2,1,1,3,-5,3
43,No,Travel_Rarely,116,Research & Development,12,-3,Medical (Modified),5,431,-2,Male,102,-1,5,Manager,-4,Married,17066,5355,3,Y,Yes,18,7,0,80,4,20,-1,4,18,11,8,6
33,No,Travel_Rarely,834,Research & Development,6,6,Life Sciences,3,342,0,Female,63,4,2,Research Scientist,0,Married (Modified),2909,14774,2,Y,No,14,3,-2,75,-4,0,1,3,5,-1,-5,-1
33,No,Travel_Rarely,1105,Research & Development (Modified),11,-2,Life Sciences,-1,518,4,Female,96,1,-1,Laboratory Technician,-3,Divorced,3038,26917,5,Y,No,12,-1,5,80,3,13,2,5,21,4,14,14
19,Yes,Travel_Rarely,1329,Research & Development,13,-1,Life Sciences,-3,1080,5,Female,38,-1,5,Laboratory Technician,-4,Single,1418,17254,1,Y,No,12,0,1,76,-2,-4,1,0,1,-3,-3,-4
34,No,Travel_Rarely,1214,Research & Development,-3,5,Medical,-3,107,1,Male (Modified),33,-3,4,Research Scientist (Modified),3,Single,2856,26273,2,Y,No,13,7,-3,83,3,6,-2,5,3,7,2,1
41,No,Travel_Rarely,895,Sales,10,-2,Life Sciences (Modified),5,298,7,Female,73,-1,6,Manager,6,Single,13592,14671,1,Y,Yes (Modified),14,-2,3,81,2,12,3,2,0,0,0,1
21,No,Travel_Rarely,305,Research & Development,6,4,Medical,-1,781,-1,Male,81,4,5,Research Scientist,1,Single,3503,19634,-2,Y,No,17,6,2,83,-2,6,4,7,2,-1,1,2
36,No (Modified),Travel_Frequently,1188,Research & Development (Modified),-1,3,Other,-4,1062,5,Male,42,3,0,Research Scientist,7,Married (Modified),2818,2998,4,Y,No,20,4,2,83,-1,3,-3,6,-3,5,1,1
24,Yes,Travel_Rarely,1475,Sales,10,2,Marketing,3,1937,-1,Female,80,1,-1,Sales Executive (Modified),-2,Single,9855,23356,0,Y (Modified),Yes,7,-1,8,76,2,8,4,0,-1,-3,1,-2
37,No,Travel_Frequently,1494,Research & Development,-2,2,Life Sciences,2,557,6,Male,39,2,3,Laboratory Technician,0,Married,1703,12109,-1,Y,Yes,26,1,3,78,1,0,-2,-2,-2,-1,-4,3
43,Yes,Travel_Rarely,381,Sales,7,7,Marketing,2,1453,-4,Male,49,0,7,Sales Executive,4,Divorced,10098,15986,7,Y,No,15,2,2,80,-1,23,1,7,9,7,4,-1
30,No,Travel_Rarely,1235,Research & Development (Modified),4,0,Life Sciences,-3,54,-1,Female,29,2,4,Laboratory Technician,-4,Divorced,2343,19710,5,Y,No,14,6,5,77,4,2,1,4,1,3,3,-3
27,No,Travel_Rarely,973,Research & Development (Modified),12,4,Technical Degree,5,1589,3,Male,44,8,1,Research Scientist,3,Married,2069,12823,-2,Y,No,16,0,0,82,-3,2,2,5,-3,-1,-3,0
49,Yes,Travel_Frequently,875,Sales,-2,-1,Life Sciences (Modified),-4,2045,2,Male,91,3,-3,Sales Executive,5,Divorced,6723,14250,9,Y,No,12,1,0,83,-1,7,-2,0,1,2,0,4
43,No (Modified),Travel_Rarely (Modified),467,Research & Development,9,6,Life Sciences,3,231,5,Male,60,-1,-2,Research Scientist (Modified),5,Divorced,2452,4613,4,Y,No,10,1,2,77,5,16,6,7,12,4,-1,3
58,No (Modified),Travel_Rarely,545,Research & Development,7,8,Life Sciences (Modified),-2,579,4,Female,38,1,-3,Laboratory Technician,-1,Single,3776,23429,4,Y,No,10,6,5,80,1,20,-2,-2,3,-5,0,3
40,No,Non-Travel,251,Research & Development,23,4,Life Sciences,-2,1004,7,Male,46,3,3,Laboratory Technician,4,Married,3628,14039,4,Y,Yes,14,0,-1,84,5,13,-3,7,4,5,4,3
24,No,Non-Travel,441,Research & Development,4,1,Medical,2,854,6,Male,50,7,-3,Research Scientist,2,Married,1704,16570,-2,Y,No,6,-1,2,82,5,4,8,0,3,-2,-1,1
32,No,Travel_Rarely,675,Research & Development,23,1,Technical Degree,5,899,1,Male,74,3,2,Manufacturing Director,3,Married,10902,9130,4,Y,No,20,2,3,83,-2,19,2,4,12,9,3,7
25,Yes (Modified),Travel_Frequently,380,Research & Development,13,-2,Medical,0,1491,4,Male,88,-1,-3,Laboratory Technician (Modified),-2,Single,3175,16999,6,Y,Yes,7,6,-2,84,1,2,1,-1,-4,-1,4,3
34,No,Travel_Rarely,1223,Sales,3,2,Life Sciences,2,1957,6,Female,56,-1,0,Sales Executive,7,Married,5208,13582,3,Y,Yes,13,2,8,80,-4,8,-3,4,14,4,-2,13
40,No,Non-Travel,333,Sales,28,1,Marketing,0,1610,-1,Male (Modified),51,5,-3,Sales Executive,-2,Married (Modified),4386,24163,-4,Y (Modified),No,17,2,1,83,3,10,-1,0,12,6,2,9
43,No,Travel_Frequently,1274,Research & Development,0,1,Medical,5,872,-1,Male,36,4,-4,Research Scientist,7,Single (Modified),2512,9069,1,Y,Yes,16,1,0,75,-3,9,-2,-2,2,-2,3,2
26,Yes,Travel_Rarely,1356,Research & Development (Modified),29,2,Life Sciences,0,55,2,Male (Modified),50,3,-4,Laboratory Technician,2,Single,2293,10561,3,Y,No,12,4,0,79,-4,-4,1,-3,-2,-3,-3,0
55,No,Travel_Rarely,968,Research & Development,-2,6,Medical,-2,1424,7,Female,57,7,8,Research Director,-1,Single,17326,5655,10,Y,No,23,6,6,83,4,32,5,5,15,8,10,2
35,No,Travel_Rarely,300,Research & Development,9,7,Life Sciences (Modified),5,599,0,Female,75,2,4,Manufacturing Director,4,Single,13234,20361,7,Y,No,17,5,4,81,-1,21,4,2,20,2,8,14
27,No,Travel_Rarely,956,Sales,28,7,Life Sciences,-4,181,4,Male,42,-2,-2,Sales Executive (Modified),5,Married,8641,24830,-1,Y (Modified),No,20,2,0,84,3,8,2,7,-1,-1,4,5
27,No,Travel_Frequently,1310,Research & Development,-3,3,Technical Degree,0,1748,-1,Female,81,3,-3,Research Scientist,-2,Single,4971,26423,4,Y,No (Modified),14,6,5,76,4,5,6,7,10,10,-4,5
32,No,Travel_Rarely,808,Sales,10,5,Technical Degree,-2,1820,-1,Male,93,3,-1,Sales Executive,1,Married,6799,22130,5,Y,No,19,2,7,78,1,5,8,6,9,8,1,9
37,No,Travel_Rarely,1397,Sales,4,5,Life Sciences,-1,557,-2,Female,74,4,1,Manager,4,Married,18037,13020,2,Y,No,12,-1,1,82,-5,16,-3,6,24,17,5,7
36,No (Modified),Travel_Frequently,876,Research & Development,9,0,Medical (Modified),-1,273,1,Male,39,2,-4,Research Scientist,-1,Divorced,3816,5968,1,Y,Yes,20,2,3,80,-3,2,4,6,7,-1,3,2
28,No (Modified),Travel_Frequently,1316,Research & Development,6,5,Technical Degree,1,1748,6,Female (Modified),81,4,3,Research Scientist,5,Single (Modified),4971,26423,-4,Y (Modified),No,16,4,-1,76,-3,7,3,1,8,3,3,10
28,No,Travel_Rarely,1102,Research & Development,25,7,Life Sciences,2,1116,-2,Female,92,1,-2,Research Scientist,0,Divorced,2517,26966,7,Y,No,19,7,-3,79,1,10,-2,5,2,8,4,2
37,No,Travel_Frequently,235,Research & Development,4,7,Life Sciences,-1,799,-4,Female,75,6,1,Manufacturing Director,-3,Single,5978,26089,3,Y,Yes,9,7,6,78,-3,16,6,-1,11,3,0,11
45,No (Modified),Travel_Rarely,1100,Research & Development (Modified),7,2,Medical,0,1254,4,Male,80,5,7,Manager,-2,Married,18710,12121,0,Y,No,13,2,4,81,4,22,5,5,-1,1,1,3
33,No,Travel_Rarely,184,Research & Development,27,3,Medical,-3,1830,5,Male,95,2,-3,Laboratory Technician,-2,Married,2705,9698,3,Y,No,16,5,-2,79,5,4,2,2,2,5,-2,-1
36,Yes,Travel_Rarely,1165,Sales,3,0,Medical,0,441,8,Female,36,-1,-2,Sales Executive,7,Married,5239,17778,0,Y (Modified),Yes,16,3,-3,82,-5,13,7,5,0,1,4,3
43,No,Travel_Rarely,466,Research & Development,3,-2,Technical Degree,4,1433,-4,Male,77,3,3,Research Scientist,5,Married,3423,10208,6,Y,No (Modified),12,5,1,80,3,16,-3,5,6,4,5,2
33,No,Travel_Rarely,593,Research & Development,9,3,Life Sciences,5,1557,1,Male,91,3,1,Research Scientist,-1,Married,2446,22372,2,Y,No,19,5,5,83,-2,4,2,5,-2,-2,2,-1
33,No,Non-Travel,994,Research & Development,7,-2,Technical Degree,-1,1482,1,Male,67,-2,2,Research Scientist,0,Divorced,1274,7150,1,Y,No,13,5,6,83,0,0,-3,5,4,1,0,4
37,No,Travel_Frequently,688,Research & Development,6,-2,Technical Degree,-2,1983,-1,Female,69,-2,5,Laboratory Technician,3,Married,6319,26845,-1,Y,No,10,2,-1,77,1,13,4,8,11,9,9,-1
36,No (Modified),Travel_Frequently,1395,Research & Development,1,7,Life Sciences,-4,6,2,Female,53,5,2,Research Scientist,2,Married (Modified),2909,23161,0,Y,Yes,7,7,0,81,-1,7,7,4,3,3,-1,0
30,No,Travel_Rarely,776,Sales,4,6,Marketing,4,102,-1,Male,34,1,4,Sales Executive,4,Single,4309,23016,-3,Y,No,14,0,0,84,1,20,-3,1,14,9,2,7
32,No,Non-Travel,742,Sales,5,-2,Life Sciences,3,469,-1,Male,63,6,4,Sales Executive,4,Married,4648,16927,3,Y,No,14,6,3,75,-2,4,-2,-1,3,7,2,6
48,No,Travel_Frequently (Modified),887,Research & Development,23,-1,Medical,3,864,6,Female,83,0,-1,Manufacturing Director,2,Married,13830,19026,-2,Y,No,26,7,-2,76,3,28,6,7,10,6,-4,-1
39,No,Travel_Frequently,635,Research & Development,5,5,Other,5,1180,5,Male,42,1,1,Laboratory Technician,0,Married,2375,26538,1,Y,No,13,4,6,75,1,3,4,5,2,0,2,5
39,No,Travel_Rarely,1223,Research & Development,14,-1,Life Sciences,0,717,7,Male,75,7,5,Research Scientist,6,Single,4680,15229,2,Y (Modified),No,16,3,2,81,1,2,6,-1,-2,-5,2,0
61,No,Travel_Rarely,1144,Research & Development (Modified),10,5,Medical,0,217,0,Female,72,4,5,Research Scientist,1,Married,3344,11877,5,Y,Yes,19,-1,1,83,-4,11,5,3,4,4,0,3
38,No,Travel_Frequently,1485,Research & Development,6,2,Life Sciences,4,553,0,Male (Modified),41,1,0,Laboratory Technician,6,Married,1699,12104,-4,Y,Yes,19,1,7,77,5,3,-2,2,-4,-5,1,-5
31,No,Travel_Rarely,308,Research & Development,19,5,Life Sciences,-2,1879,-2,Male,92,1,6,Laboratory Technician,-2,Divorced,4200,18619,2,Y,No,11,1,2,79,2,13,1,6,8,7,-3,-1
28,No,Travel_Frequently,486,Research & Development,9,2,Life Sciences,4,1147,1,Female,60,6,3,Research Scientist,5,Divorced,3286,17943,1,Y,No,17,2,3,82,-3,7,0,-3,8,6,1,-2
21,Yes,Travel_Rarely,808,Research & Development,-4,5,Medical,1,44,5,Male,64,2,-4,Research Scientist (Modified),3,Married,2294,3021,2,Y,Yes,12,6,3,83,-2,4,2,4,4,-1,5,3
32,No,Travel_Rarely,443,Research & Development,10,1,Other,-2,1544,4,Female,37,5,-1,Healthcare Representative,-1,Married,9718,7290,-1,Y (Modified),No (Modified),10,3,7,78,-2,6,-2,3,10,8,-1,6
51,No,Travel_Rarely,940,Research & Development,-1,7,Technical Degree,5,1788,3,Female,52,2,7,Manager,6,Married,13120,22980,4,Y,No,6,-2,7,78,3,18,6,2,4,-1,4,-1
38,No,Travel_Rarely,1444,Sales,4,3,Technical Degree,1,1539,0,Male (Modified),55,5,-3,Sales Representative (Modified),7,Married,2312,4939,-2,Y,Yes,26,3,1,76,0,11,5,0,8,12,5,2
37,No,Non-Travel,139,Sales,10,8,Medical,-2,624,5,Male,72,-2,1,Sales Executive,-1,Divorced,8833,24670,-4,Y,No,9,5,2,76,0,6,7,4,13,1,3,10
58,Yes,Travel_Rarely,268,Sales (Modified),10,2,Marketing,-1,1372,4,Male,88,2,4,Sales Executive,4,Single (Modified),13696,9281,5,Y (Modified),Yes,19,0,3,82,-4,20,5,4,17,9,2,12
45,No,Travel_Rarely,656,Research & Development,13,2,Life Sciences,0,915,3,Male,63,6,5,Research Scientist (Modified),0,Married,2555,7503,3,Y (Modified),Yes,9,4,8,79,-4,10,1,6,4,4,11,2
51,No,Travel_Rarely,250,Sales,-1,-2,Marketing,-1,901,0,Female,36,-2,5,Sales Executive,0,Married,4538,17784,1,Y,Yes,19,1,-1,80,-3,11,4,2,6,3,2,6
38,No (Modified),Travel_Frequently,683,Research & Development,5,1,Life Sciences,-1,2026,7,Female,96,4,-1,Manufacturing Director,-3,Divorced,5133,9190,10,Y,No,14,6,-3,84,4,22,4,2,0,-2,-5,-1
36,No,Travel_Rarely,1330,Sales,3,1,Life Sciences,5,183,-1,Female (Modified),42,1,0,Sales Executive,-2,Married,5898,14591,-1,Y,No (Modified),15,0,0,77,-4,14,3,7,19,12,3,8
44,No,Travel_Rarely,1006,Research & Development,7,4,Life Sciences,-3,1077,0,Female,77,-2,4,Research Scientist,-4,Divorced,4613,21031,4,Y,Yes,27,1,3,83,6,18,0,3,12,8,5,8
28,Yes,Travel_Frequently,1443,Research & Development,-1,9,Life Sciences,3,1456,1,Female,104,-1,2,Manufacturing Director,3,Single,7446,8933,0,Y,No,15,-1,-2,77,3,10,-3,2,12,11,-1,5
25,No,Travel_Rarely,268,Research & Development,8,-1,Technical Degree,1,841,6,Male,40,5,5,Research Director,7,Divorced,12805,8844,1,Y (Modified),Yes,14,1,1,76,-1,12,0,1,11,6,-5,7
39,No,Travel_Rarely,120,Research & Development,26,2,Life Sciences,-4,2011,1,Male,50,5,5,Research Scientist,0,Single,4105,5340,2,Y,No,14,0,0,76,3,16,6,5,10,10,-3,6
35,No,Travel_Rarely,664,Sales,5,9,Marketing,-1,204,-1,Male,92,1,5,Sales Executive,3,Married,7298,11443,-4,Y,No,9,-1,1,84,5,5,0,4,13,12,-1,3
30,No,Travel_Rarely,185,Research & Development,12,5,Life Sciences,1,1433,-1,Female,88,3,2,Research Director,5,Single,16417,8843,1,Y (Modified),No,10,-1,-1,81,0,11,6,8,0,5,4,-4
26,No,Travel_Rarely,577,Research & Development,5,5,Medical,5,1709,6,Male,66,5,-4,Research Scientist,7,Married,4404,17612,-1,Y,No,16,5,5,80,-3,3,-1,0,0,4,4,5
50,No,Travel_Rarely,806,Research & Development,10,5,Life Sciences,-4,1027,-1,Male,60,4,4,Laboratory Technician,1,Married,2376,20169,7,Y,No (Modified),19,5,0,84,-1,12,6,0,5,-4,-1,-4
38,No,Travel_Rarely,129,Research & Development (Modified),10,4,Life Sciences,-1,98,2,Female,55,3,-4,Laboratory Technician,3,Married,3033,22002,-1,Y,No,11,0,2,75,-2,8,2,5,-1,-1,1,1
58,No,Travel_Rarely,1251,Research & Development,5,-2,Life Sciences (Modified),1,1441,2,Female,91,-2,-1,Research Scientist,3,Married (Modified),2066,10490,6,Y,No,18,-1,6,78,-1,6,2,7,7,4,-4,2
35,No,Travel_Rarely,400,Research & Development,3,0,Technical Degree (Modified),0,1387,0,Female,100,6,-2,Healthcare Representative,3,Single,6684,6158,5,Y,No,9,4,8,77,2,17,1,-1,11,9,7,12
36,No,Travel_Rarely,676,Research & Development,23,-2,Technical Degree (Modified),2,901,5,Male,76,4,1,Manufacturing Director (Modified),-1,Married,10905,9129,1,Y,No (Modified),19,1,4,80,-4,19,-1,3,16,11,0,3
39,No,Non-Travel,498,Research & Development,6,-3,Life Sciences,4,1338,5,Male (Modified),39,5,7,Manager,3,Married,17857,26577,2,Y,Yes,8,2,0,82,-2,24,-1,5,16,5,5,14
35,No,Travel_Rarely (Modified),345,Research & Development,14,2,Life Sciences,4,458,6,Male,90,-1,-2,Research Director,8,Divorced,11510,15678,-3,Y,Yes (Modified),14,5,5,84,-4,13,0,5,8,9,-3,11
41,No,Travel_Rarely (Modified),644,Sales,1,-2,Marketing,4,532,2,Male,48,1,2,Sales Executive (Modified),1,Married,8393,19566,3,Y,No,19,3,-1,83,2,13,-2,-2,10,3,2,5
58,No (Modified),Travel_Rarely (Modified),1148,Sales,7,3,Marketing (Modified),1,305,0,Female,54,1,-2,Sales Executive,5,Married,5936,17014,-2,Y,No,15,5,0,84,3,20,7,-1,4,0,-5,4
54,No,Travel_Rarely,1215,Sales,1,3,Life Sciences,0,24,2,Female,79,-3,-1,Manager,2,Married,15430,22017,6,Y,No,14,3,3,84,1,35,0,-2,26,5,-2,9
23,No,Travel_Rarely,1158,Research & Development,21,-1,Technical Degree,-2,232,3,Male,46,0,-1,Research Scientist,1,Married,3059,13360,-4,Y,Yes,13,-2,-1,81,-3,10,7,2,5,3,3,4
33,No (Modified),Travel_Rarely,1224,Research & Development,5,-3,Life Sciences,4,717,0,Male,76,5,4,Research Scientist,5,Single,4684,15230,-2,Y,No,20,5,-1,83,-1,1,-2,1,-2,-1,2,-2
37,No,Non-Travel,1231,Sales,8,2,Technical Degree,-1,988,3,Male,79,2,-2,Sales Executive,3,Divorced,5083,25956,7,Y,No (Modified),8,0,6,83,-3,9,5,1,4,8,-5,2
49,No,Travel_Rarely,1447,Research & Development,28,0,Technical Degree,2,1469,5,Male,59,7,7,Manufacturing Director,3,Married,9381,14721,5,Y,Yes,18,1,7,84,-1,9,0,5,4,-2,4,-3
35,Yes,Travel_Rarely,881,Research & Development,13,0,Life Sciences,0,1046,6,Female,46,8,-3,Laboratory Technician,4,Single,2743,8269,0,Y,No,17,6,3,79,-5,13,5,0,20,14,19,15
23,No,Travel_Rarely,532,Research & Development,10,5,Medical,3,146,0,Female,59,-2,1,Laboratory Technician,3,Single,2875,23788,4,Y,No,13,2,-2,75,2,3,0,1,-3,-1,-3,2
23,No (Modified),Travel_Frequently,895,Human Resources,8,6,Medical,4,1743,4,Male,57,4,5,Human Resources,4,Married,2141,2099,4,Y,No,15,-1,7,78,1,2,-1,3,5,3,-1,-2
42,No,Travel_Frequently,468,Research & Development,7,0,Life Sciences,0,836,-1,Male,42,4,3,Healthcare Representative,5,Divorced (Modified),6287,4283,-1,Y,No,18,-2,5,75,-3,12,-1,4,7,5,-2,5
32,No,Travel_Rarely (Modified),146,Research & Development,22,6,Life Sciences,0,573,6,Male,45,5,-2,Laboratory Technician,6,Single,4231,19227,-1,Y,No (Modified),18,2,-1,82,-2,4,0,-1,3,6,-1,6
23,No,Travel_Rarely,976,Research & Development,5,2,Medical,1,763,2,Female (Modified),58,6,1,Healthcare Representative,-4,Single,6811,23394,11,Y,No,22,5,-2,84,-3,9,3,3,4,7,-3,5
37,No,Travel_Rarely,986,Research & Development,5,8,Medical,1,1172,5,Male,61,0,2,Laboratory Technician,0,Married,2260,16339,6,Y,No,15,5,3,84,4,5,3,5,10,3,-3,3
58,No (Modified),Non-Travel,669,Research & Development (Modified),-2,6,Life Sciences,-2,2023,5,Male,52,0,-3,Healthcare Representative (Modified),-2,Divorced,6303,26234,4,Y,No,17,8,2,82,2,16,5,1,12,14,2,11
31,No,Travel_Rarely,331,Human Resources,13,5,Other (Modified),2,1417,-1,Male,55,-2,3,Human Resources,-4,Single,7987,9769,-2,Y,No,9,4,0,81,4,12,4,5,14,12,2,10
45,No,Travel_Rarely,1453,Sales,3,8,Life Sciences,0,924,-1,Female,63,-1,1,Sales Representative (Modified),8,Single,3290,13139,-4,Y,Yes,19,7,-4,84,3,5,3,-1,1,2,1,1
64,No,Travel_Frequently,1501,Sales,30,7,Marketing,2,570,7,Female,83,4,7,Sales Executive,0,Married,10269,2840,8,Y,No,15,6,3,78,1,17,1,8,13,8,12,7
37,Yes,Travel_Rarely,808,Research & Development,9,6,Medical,-4,321,6,Male,57,5,-2,Laboratory Technician,4,Married,2439,22144,5,Y (Modified),Yes (Modified),13,0,7,78,4,10,1,4,7,1,-1,8
59,No,Travel_Rarely,607,Sales,24,2,Life Sciences,-1,1933,4,Female,67,1,1,Manager (Modified),4,Married,17878,11756,5,Y,Yes,10,5,5,76,-2,26,-2,-3,0,0,4,-3
49,No,Travel_Frequently (Modified),1054,Research & Development,6,-1,Medical,-4,1517,2,Female (Modified),90,3,8,Manager,2,Divorced,16034,24459,4,Y,No,20,8,0,77,2,29,1,7,16,9,-1,7
42,No,Travel_Rarely,1035,Research & Development,3,1,Medical (Modified),1,2015,5,Male,43,6,-2,Research Scientist,8,Single (Modified),2433,13420,3,Y,Yes (Modified),11,-2,2,79,-4,6,0,4,5,2,3,0
47,No,Travel_Rarely,705,Sales,16,8,Marketing,3,730,3,Male (Modified),46,4,6,Sales Executive,5,Single,4963,11822,2,Y,No,8,-1,8,82,-5,16,-3,0,4,11,4,8
21,No,Travel_Rarely,989,Research & Development,4,7,Life Sciences,2,686,0,Female,69,6,2,Laboratory Technician,4,Married,2662,17756,3,Y (Modified),Yes,9,5,-1,81,-3,1,6,1,5,2,-1,0
39,No,Travel_Rarely,1108,Research & Development,9,1,Life Sciences,-4,511,0,Female,95,6,1,Laboratory Technician,-4,Divorced,3034,26913,-2,Y,No (Modified),7,5,-1,83,2,13,4,3,20,11,8,21
29,No,Travel_Rarely,471,Research & Development,4,5,Life Sciences,2,1577,-3,Female,89,5,1,Research Scientist,4,Married,2062,11131,-3,Y,No (Modified),19,6,1,75,4,-1,5,-1,1,-4,4,-4
35,No,Travel_Rarely,923,Research & Development,-3,5,Medical,3,35,-1,Male,77,3,1,Laboratory Technician (Modified),0,Single,2500,6671,2,Y,No,13,1,4,77,-4,6,3,7,-4,-2,-3,-2
35,No,Travel_Rarely,1351,Research & Development,22,6,Life Sciences,4,1683,3,Male,84,5,2,Healthcare Representative,1,Married,5344,7414,7,Y,No,9,7,-1,78,-3,8,-1,3,6,-1,2,6
26,Yes,Travel_Frequently,293,Research & Development,2,1,Medical,5,1508,4,Male,37,6,5,Laboratory Technician,4,Single,2561,5355,11,Y,No (Modified),13,7,7,82,-5,3,-1,2,-1,-5,0,-3
23,No,Travel_Rarely,1444,Sales,22,3,Marketing,4,74,6,Female,48,4,5,Sales Executive (Modified),5,Married,4157,21436,3,Y,Yes,16,4,-1,80,2,2,-1,-1,-2,1,3,0
21,No,Travel_Rarely,586,Research & Development,4,0,Life Sciences (Modified),2,1278,-1,Male,49,-1,-2,Research Scientist (Modified),4,Single,2871,9973,-3,Y,Yes,18,1,-3,83,-5,5,-2,6,7,8,3,6
41,Yes,Travel_Rarely,1099,Research & Development,9,3,Life Sciences,4,1203,3,Male (Modified),100,-1,-1,Research Scientist,3,Single,2934,10824,-4,Y,Yes (Modified),14,-1,-2,76,-4,7,8,2,3,1,4,0
44,No,Travel_Frequently,316,Research & Development,16,-2,Medical,-2,525,7,Male (Modified),61,-1,0,Laboratory Technician,6,Married,2253,15242,9,Y,No,15,6,2,81,1,10,3,4,5,2,0,-1
27,No,Travel_Rarely,1277,Research & Development,11,-3,Life Sciences,1,581,4,Male,30,-1,7,Manufacturing Director,3,Divorced,10646,14394,4,Y,No,20,2,5,77,2,12,4,6,11,12,-4,8
31,No,Travel_Frequently,1126,Research & Development,1,-2,Life Sciences (Modified),-4,1951,4,Male,45,-3,1,Research Scientist,-4,Married,5003,5767,4,Y,No,23,1,0,79,0,12,9,3,5,11,9,8
51,No,Travel_Rarely,1104,Research & Development,19,-1,Other,-1,1580,2,Female,67,-2,4,Research Scientist,1,Married (Modified),2366,16533,4,Y,No,16,6,3,84,5,14,6,4,10,0,7,3
41,No,Travel_Rarely,1059,Research & Development,7,-2,Other,-3,1592,3,Male,88,-2,9,Manager,1,Single,19617,26358,5,Y,No,19,2,1,80,-1,22,-3,4,4,0,4,4
62,Yes,Travel_Frequently,780,Research & Development,6,5,Life Sciences,-4,914,5,Male,61,-1,-4,Laboratory Technician,2,Divorced,2377,13384,7,Y,Yes,13,7,6,83,-3,-2,5,-3,-2,-4,-4,-5
35,No,Travel_Frequently,143,Research & Development,4,6,Medical,0,1699,-2,Male,82,-1,0,Research Scientist,7,Single,4931,13970,4,Y,Yes,18,7,7,80,-3,8,-1,8,7,1,5,3
37,No,Travel_Rarely,118,Research & Development,13,5,Medical,-4,432,6,Male,101,-1,4,Manager,-2,Married,17071,5354,0,Y,Yes,10,5,5,84,-3,16,7,-1,24,13,14,9
35,No,Travel_Frequently,1177,Sales,12,-1,Marketing,1,1132,3,Male,51,4,1,Sales Executive,2,Divorced,4966,18502,-3,Y,No,9,3,0,84,-1,3,6,1,9,3,-5,5
33,No,Travel_Rarely,268,Research & Development,18,-1,Medical,0,1701,-2,Male (Modified),76,2,5,Laboratory Technician,6,Married,2030,13639,0,Y,No,15,7,6,76,5,11,9,-1,13,7,-2,17
29,No,Travel_Rarely,354,Human Resources,2,1,Medical,2,1861,5,Male,89,6,1,Human Resources,3,Married,2803,15432,-1,Y,No,6,7,-1,79,1,4,3,2,-3,-1,4,-2
36,No,Travel_Rarely,412,Research & Development,14,5,Medical,-3,1305,7,Female,91,4,7,Manager,3,Divorced,17125,17335,5,Y,Yes (Modified),11,-1,4,81,4,16,4,-1,18,6,18,0
52,No,Travel_Rarely,1316,Sales,13,1,Marketing,4,1754,5,Female,83,4,2,Sales Executive,-1,Single,4502,8192,-1,Y,No (Modified),16,7,2,84,-3,9,-3,4,6,4,-2,1
27,No,Travel_Rarely,986,Research & Development,0,8,Medical,5,568,0,Male,97,4,-1,Research Director (Modified),3,Married,11934,21525,-1,Y,No,17,2,6,84,-3,12,1,2,14,3,-2,5
58,No,Travel_Rarely,1309,Research & Development,-2,7,Life Sciences,1,506,0,Female,95,5,5,Manager,5,Single,16656,23261,2,Y,Yes,8,1,-2,81,0,28,-2,3,7,8,-4,-2
56,No,Non-Travel,716,Research & Development (Modified),15,5,Medical,2,791,7,Male,44,6,-1,Research Scientist,6,Married,4253,26587,0,Y,No,18,4,2,84,3,3,7,1,6,5,-4,3
40,No,Travel_Rarely,868,Research & Development,7,1,Medical,0,1937,1,Male,84,7,6,Manufacturing Director,1,Married,5155,12315,-1,Y,No,24,5,5,84,0,12,2,-2,9,-2,2,13
40,No (Modified),Travel_Rarely,559,Research & Development,25,1,Life Sciences,2,1885,5,Female,91,-1,3,Manufacturing Director,8,Married,5908,23888,-1,Y,No,17,-1,4,76,-2,14,5,-2,7,5,1,8
27,Yes,Travel_Frequently,376,Research & Development,9,1,Medical,-3,1494,4,Male,87,2,4,Laboratory Technician,2,Single,3173,17001,-1,Y,Yes (Modified),12,5,2,82,-5,7,-1,-2,-1,-4,0,-2
20,Yes,Travel_Rarely (Modified),1220,Research & Development,6,-4,Technical Degree,-4,1103,0,Male,27,6,-1,Laboratory Technician (Modified),5,Married (Modified),3688,4602,1,Y,Yes (Modified),14,-1,6,77,3,10,4,2,11,10,9,3
20,No (Modified),Travel_Rarely (Modified),1209,Research & Development,19,2,Medical (Modified),5,1009,5,Female,39,5,-2,Manufacturing Director,0,Divorced,4378,24120,-3,Y,No,19,3,2,81,-1,7,6,7,0,5,2,5
28,No,Travel_Rarely,324,Sales (Modified),8,3,Life Sciences,-3,1452,2,Male,30,2,0,Sales Executive,2,Divorced,10793,8384,3,Y,No,13,6,3,76,2,8,4,5,9,11,6,13
31,No,Travel_Rarely,206,Sales (Modified),-1,4,Technical Degree (Modified),4,507,3,Male,74,7,1,Sales Representative,2,Married,2477,17434,3,Y,No,19,7,4,79,-1,-2,5,2,4,2,-5,-3
52,No,Travel_Rarely,1090,Research & Development,-3,-1,Technical Degree,-4,433,6,Female (Modified),93,-1,7,Healthcare Representative,3,Single,13968,17814,4,Y,Yes,12,3,4,79,0,27,2,5,2,4,1,7
31,No,Travel_Rarely,151,Research & Development,5,0,Medical,1,306,3,Female,46,3,4,Research Scientist,-1,Married,2625,13245,1,Y,No,25,6,6,80,-2,10,1,2,1,3,0,4
41,Yes,Travel_Rarely,1165,Sales,3,6,Medical,0,441,1,Female,41,7,0,Sales Executive,3,Married,5236,17776,7,Y,Yes,14,2,-4,79,0,11,0,-2,3,-5,1,4
38,No,Travel_Rarely,584,Research & Development,29,7,Medical,-2,1009,-1,Female,57,6,0,Healthcare Representative,1,Divorced,10383,6970,1,Y,Yes,14,3,6,79,5,14,-1,-1,17,13,6,0
36,No,Travel_Rarely,461,Research & Development,3,1,Life Sciences (Modified),-4,1022,1,Female,65,-3,8,Manufacturing Director,0,Married,12746,7064,-2,Y,No,19,-1,3,80,0,18,2,4,23,1,12,7
34,No,Travel_Rarely (Modified),658,Research & Development (Modified),8,5,Life Sciences (Modified),-3,77,7,Male,45,-2,1,Laboratory Technician,5,Divorced,5917,9526,-2,Y,No,21,0,-1,81,-4,6,-1,2,9,3,-4,9
40,No,Travel_Rarely,592,Research & Development (Modified),13,2,Life Sciences,1,844,3,Male,96,3,6,Research Director,-3,Married,17157,5202,4,Y,No,21,8,-1,77,4,25,2,0,2,5,-2,-3
35,No,Travel_Rarely,167,Research & Development,4,1,Medical,1,1622,-1,Male,78,6,1,Laboratory Technician,7,Divorced (Modified),3072,10300,0,Y,No,19,-2,8,76,1,13,3,1,11,10,-4,2
29,No,Travel_Rarely,1206,Sales,-2,2,Medical (Modified),5,369,-2,Male (Modified),79,3,1,Sales Executive (Modified),6,Married (Modified),6648,3690,-3,Y,No,16,6,3,79,4,5,4,1,1,4,-2,-2
37,No,Travel_Rarely,736,Research & Development,2,2,Life Sciences,-4,1292,2,Male,66,5,1,Research Scientist,-1,Married,3504,6018,-4,Y,Yes,11,0,1,82,-4,4,0,5,-1,-1,3,-1
24,No,Travel_Rarely,669,Research & Development,10,4,Life Sciences,1,341,-1,Male,55,0,-2,Research Scientist,0,Single,2339,22677,0,Y,No,18,1,5,77,4,9,-2,-2,1,9,4,3
34,No,Travel_Rarely,467,Research & Development,2,0,Life Sciences,-1,343,3,Male,86,0,-2,Manufacturing Director,-2,Married,5961,23682,5,Y,No,12,5,0,80,4,8,0,2,11,5,4,11
32,No,Travel_Rarely,289,Research & Development,5,-1,Life Sciences,-3,2048,7,Female,63,4,2,Research Scientist,2,Married (Modified),2972,8953,1,Y (Modified),No,7,0,-1,80,-1,4,6,3,6,-1,-4,0
59,No,Non-Travel,668,Research & Development,0,-1,Life Sciences,3,2024,3,Male,52,6,-3,Healthcare Representative,3,Divorced,6303,26236,-3,Y,No,18,7,0,82,-4,17,1,0,10,10,1,4
27,No,Travel_Rarely (Modified),811,Sales,9,1,Life Sciences,5,706,2,Male,55,1,4,Sales Executive,6,Married,4846,15677,3,Y,No,22,7,-2,79,0,4,4,6,-2,4,2,6
30,No,Travel_Rarely,1485,Research & Development,7,6,Medical,3,1999,6,Male,45,-2,-3,Laboratory Technician,5,Married,2662,20227,2,Y,Yes,8,3,0,76,-4,0,1,2,5,-1,0,5
43,No,Travel_Rarely,1500,Sales (Modified),22,5,Life Sciences,-4,1388,4,Male,47,5,4,Sales Executive,6,Married,6116,3568,2,Y,Yes (Modified),10,1,-1,83,-1,6,5,3,8,4,3,8
30,No,Travel_Rarely,1079,Human Resources,5,-2,Human Resources,0,911,5,Male (Modified),61,3,1,Human Resources,2,Divorced,2274,22645,1,Y,Yes,10,7,3,76,-1,9,2,0,5,7,1,5
35,No,Non-Travel (Modified),754,Sales,19,5,Marketing,-1,157,-1,Male,93,5,2,Sales Executive,3,Married (Modified),6147,15480,-3,Y,No,11,2,3,80,-4,3,2,1,3,3,-3,11
36,No,Travel_Rarely,967,Research & Development,3,6,Medical,3,753,1,Female (Modified),99,4,-1,Healthcare Representative,0,Single,6143,7355,0,Y,No,7,7,5,79,1,10,-3,7,4,0,5,3
34,No,Travel_Rarely,888,Sales,-4,4,Life Sciences,-2,1586,1,Female,71,4,4,Sales Executive,4,Single,6818,21444,10,Y,No,15,-1,-2,81,-5,10,9,3,3,-3,4,-1
35,No,Non-Travel,455,Research & Development,18,-1,Life Sciences,5,1337,7,Male,74,2,5,Research Scientist,-2,Divorced,3546,8531,10,Y (Modified),No,17,5,3,80,-2,5,1,6,8,-3,2,4
38,No (Modified),Travel_Rarely,661,Sales,8,7,Marketing (Modified),5,957,2,Male,71,5,7,Sales Executive,-1,Divorced,9704,20651,2,Y,No,10,-2,2,78,2,14,6,6,-4,4,-2,-1
43,No,Travel_Rarely,197,Research & Development,6,-2,Other,-1,824,3,Female (Modified),35,-1,3,Manager (Modified),6,Married,16755,12983,0,Y (Modified),Yes,6,-1,0,76,1,25,3,5,25,10,3,1
30,Yes,Travel_Rarely,1207,Sales,-1,4,Technical Degree,-2,1099,0,Male,90,4,3,Sales Executive,-1,Single,9577,10334,4,Y,Yes (Modified),18,7,5,79,-3,12,-2,1,9,8,6,6
37,No,Travel_Rarely (Modified),878,Sales,5,7,Life Sciences,3,985,2,Male (Modified),95,-1,2,Sales Executive,1,Divorced,7827,6812,6,Y,No,13,5,0,82,-1,10,-3,0,8,8,-2,4
31,No,Travel_Rarely,234,Sales,1,0,Medical,-3,2016,2,Male,70,4,-1,Sales Representative,3,Married,2268,18020,-4,Y,No,18,4,-3,84,2,3,-1,2,4,-1,-3,-1
35,No,Travel_Rarely,1321,Research & Development,9,6,Medical,5,478,-1,Male,49,1,1,Research Scientist,5,Divorced,5976,17002,2,Y,Yes,12,7,3,81,-1,13,5,7,6,10,6,8
27,No,Non-Travel,115,Sales,0,-2,Medical,3,124,1,Male,47,5,4,Sales Executive,-2,Married,4217,8859,3,Y,No,13,6,-3,83,-1,5,5,1,6,8,3,7
32,No,Travel_Rarely,1156,Sales,6,5,Life Sciences,1,1999,4,Male,54,-1,-4,Sales Representative,-1,Married,3067,6397,0,Y (Modified),No,22,7,3,77,1,6,-3,0,3,-2,2,-2
46,No,Travel_Frequently,1363,Research & Development,31,5,Technical Degree,-2,547,0,Female,86,-1,1,Healthcare Representative,7,Married,4521,4387,-4,Y,No,7,3,5,83,1,8,6,8,8,2,-5,3
32,Yes,Travel_Rarely,1108,Human Resources,5,-1,Technical Degree,3,1470,5,Female,49,3,-3,Human Resources,4,Married,2742,3069,-4,Y,No,11,7,1,75,-3,1,-5,1,0,1,4,2
54,No,Travel_Rarely,1302,Research & Development,-3,0,Medical,-1,408,2,Male,80,-3,-2,Manufacturing Director (Modified),1,Divorced,5479,16324,8,Y,No,19,7,3,82,-4,17,5,-2,6,-3,-4,5
38,No,Travel_Frequently,750,Research & Development,5,5,Medical,-2,1478,-4,Female,78,2,1,Laboratory Technician,3,Single,3669,16458,4,Y,No (Modified),15,2,-2,81,-4,7,-1,-1,8,7,1,11
34,No,Travel_Rarely (Modified),952,Research & Development,8,3,Other,3,840,6,Male,59,-1,2,Manufacturing Director,0,Single,10225,18871,-2,Y (Modified),No,17,6,-3,82,-1,13,6,5,12,4,3,5
39,No,Travel_Rarely,577,Research & Development,25,3,Life Sciences,-2,2038,5,Female,64,6,8,Manufacturing Director,5,Married,13566,5640,-2,Y,No,27,6,4,78,4,18,-2,5,15,6,-5,11
41,No,Travel_Rarely,393,Research & Development (Modified),4,-2,Medical,1,1635,7,Female,54,2,4,Manufacturing Director,-1,Married,7759,14201,1,Y,Yes,14,-2,4,84,4,14,7,4,5,8,-1,-2
29,No,Travel_Rarely,1134,Research & Development,11,6,Technical Degree,4,1000,3,Female,38,2,3,Laboratory Technician,5,Married,2808,12089,13,Y,No,16,7,-1,76,4,5,6,5,-1,4,1,-2
35,No,Travel_Rarely,446,Research & Development,4,3,Life Sciences,1,636,6,Female,66,4,2,Manufacturing Director,0,Married,6449,15704,2,Y,No,16,5,1,75,4,12,0,6,2,8,2,3
52,No,Travel_Rarely,1322,Research & Development,0,7,Life Sciences,-4,311,2,Female (Modified),90,2,0,Laboratory Technician,1,Single,3216,3296,9,Y,No,10,6,-2,78,1,10,3,2,4,-2,0,-1
39,No,Travel_Rarely,1388,Research & Development (Modified),12,9,Medical (Modified),4,1618,5,Male,72,-2,4,Manufacturing Director,2,Married (Modified),5378,3835,1,Y,No,11,5,6,78,0,14,1,6,11,7,7,7
30,Yes,Travel_Frequently,874,Research & Development,14,3,Medical,0,1156,7,Male,76,2,3,Laboratory Technician,-2,Married,2608,6234,-3,Y,No,11,3,1,77,-1,-2,7,-1,1,5,-3,5
37,No,Travel_Frequently,1109,Sales,9,-4,Life Sciences,5,1395,-1,Male,65,4,-3,Sales Executive,2,Married,9994,19288,4,Y,No,12,0,-2,83,-3,7,3,5,6,3,-1,-3
45,Yes (Modified),Travel_Rarely,625,Research & Development,14,6,Medical,-4,1298,3,Female,68,-1,4,Healthcare Representative,6,Married (Modified),7982,14075,5,Y,No,9,0,1,81,0,8,-1,0,6,10,0,7
24,No,Travel_Rarely,1452,Research & Development,6,-3,Life Sciences,1,1137,3,Male,62,1,-4,Research Scientist,4,Married,3196,19908,-5,Y (Modified),No,19,4,5,80,-1,9,2,5,5,4,2,2
29,No,Travel_Rarely,866,Research & Development,4,5,Life Sciences,-4,1797,2,Male,86,7,0,Research Scientist,0,Married,3141,6075,4,Y (Modified),No,15,6,2,78,5,13,-1,-1,9,4,6,8
42,No,Non-Travel (Modified),577,Research & Development,6,2,Medical,-2,105,-2,Female (Modified),81,2,-1,Research Scientist,0,Divorced,5325,15716,9,Y,Yes,7,2,4,81,1,20,6,4,13,11,5,8
45,No,Travel_Rarely,1038,Sales,16,3,Marketing,0,324,0,Female,77,0,-1,Manager,8,Married,16067,7742,8,Y,Yes,24,1,4,80,-2,25,5,3,18,8,-4,12
29,No,Non-Travel,1185,Sales,17,-2,Marketing,5,943,5,Female,46,-1,-3,Sales Executive,6,Married,6932,24410,-3,Y,No,10,3,7,82,3,6,2,1,10,7,2,0
46,No,Travel_Rarely,1276,Sales,-2,3,Life Sciences,-1,1736,6,Male (Modified),71,-2,3,Sales Executive,8,Divorced,10368,5597,7,Y,Yes,8,1,-2,81,-4,11,1,3,6,1,3,7
31,No,Non-Travel,1224,Sales,6,0,Technical Degree,-1,987,2,Male,85,-1,-1,Sales Executive (Modified),7,Divorced,5076,25953,3,Y,No,13,7,0,81,0,15,7,4,6,10,-1,8
43,No,Travel_Rarely,800,Sales,12,3,Life Sciences,2,177,2,Male (Modified),94,7,1,Sales Executive,6,Divorced,8190,21194,-2,Y,Yes,8,5,1,76,1,8,2,-1,7,7,4,6
39,Yes,Travel_Rarely,738,Sales,9,7,Medical,1,1636,7,Male,52,-3,4,Sales Executive,3,Married,10303,21528,10,Y,No,21,-1,-2,79,1,14,6,2,14,10,10,-1
29,Yes,Travel_Frequently,749,Sales,27,3,Technical Degree (Modified),3,1928,3,Male,45,5,4,Sales Representative,1,Single,1088,10642,-2,Y,No,17,6,7,80,-3,1,2,-2,-1,1,1,0
52,No,Travel_Rarely,1398,Research & Development,24,0,Medical,1,1691,5,Male,46,5,-2,Healthcare Representative,2,Married,7008,3460,0,Y (Modified),No,11,0,0,76,2,13,5,7,1,7,0,-3
38,No,Travel_Rarely,937,Research & Development (Modified),11,2,Life Sciences,0,198,3,Male,91,-1,2,Laboratory Technician,2,Married,2242,6956,4,Y,No,22,1,0,81,-2,7,2,4,4,1,3,5
30,No,Travel_Rarely,1488,Research & Development,8,8,Medical,-3,2003,2,Male (Modified),39,6,-2,Laboratory Technician,-1,Married (Modified),2660,20233,2,Y,Yes,14,0,5,77,-3,8,1,-1,2,0,-1,0
19,Yes,Travel_Rarely,693,Sales,6,-3,Life Sciences,4,717,5,Female,62,4,-1,Sales Executive,-1,Single,4577,24788,9,Y,No,15,4,2,77,-1,7,0,-1,-2,1,6,-5
37,No,Travel_Frequently,1291,Research & Development,8,5,Life Sciences,-2,691,0,Male,28,4,-1,Healthcare Representative,-1,Divorced (Modified),7722,5334,0,Y,No (Modified),26,0,3,82,1,15,5,5,11,11,4,9
58,No,Travel_Rarely (Modified),1436,Sales,24,3,Life Sciences,5,80,5,Female,103,2,3,Sales Executive,1,Single (Modified),7637,2349,10,Y,No,8,5,8,80,-3,25,3,2,24,14,11,6
55,No,Travel_Rarely,372,Research & Development,19,5,Medical,0,801,3,Female,94,6,1,Manufacturing Director,1,Divorced,5482,22666,11,Y,Yes,6,-2,5,76,2,9,0,7,1,-1,1,7
40,No,Travel_Rarely,1325,Sales,0,2,Life Sciences,-4,177,7,Female,49,6,1,Sales Executive,2,Married,5903,14585,4,Y,No,9,4,6,83,-4,14,-2,6,11,15,2,11
37,No,Travel_Rarely,1490,Research & Development,2,6,Medical,-3,1685,6,Female (Modified),85,-2,4,Laboratory Technician,-2,Married,3301,26178,7,Y,No,18,2,6,84,-1,9,0,-2,-4,4,-4,-5
42,No,Travel_Rarely,1399,Research & Development,4,-2,Medical,-1,1911,7,Male,80,-1,7,Research Director,1,Married,13346,14845,4,Y,No,8,1,2,78,0,15,6,5,10,8,7,2
32,No,Travel_Rarely,1373,Research & Development,29,1,Life Sciences,-1,1732,3,Male,44,5,4,Manufacturing Director,-1,Married,6881,5149,-2,Y,No,16,3,5,83,5,15,-1,3,11,8,4,7
24,Yes,Travel_Rarely,342,Sales,2,5,Medical,5,899,3,Female,43,1,-2,Sales Representative,1,Divorced,2800,23517,3,Y,Yes,18,5,-1,78,6,0,2,6,-1,2,-5,6
30,No,Travel_Frequently,1406,Sales,1,-1,Medical,-1,710,1,Female,67,6,-3,Sales Executive,1,Divorced (Modified),4650,16668,-4,Y,Yes,19,1,4,80,5,2,-1,6,2,8,-4,8
37,No,Travel_Rarely,1157,Research & Development,8,-2,Other,0,1777,6,Female,37,5,0,Laboratory Technician,3,Married,3703,16379,-4,Y,No (Modified),6,1,6,76,3,1,6,2,9,1,3,4
23,No,Travel_Rarely,724,Sales,13,2,Life Sciences,-3,1677,7,Male,52,4,5,Sales Representative,4,Single,2729,21086,3,Y,No,14,0,2,84,1,-2,1,-1,-2,3,3,5
56,No,Travel_Rarely,1437,Sales,2,6,Marketing,0,200,1,Male,30,7,2,Sales Representative,4,Married,2303,16045,-1,Y,Yes,21,2,1,81,5,15,7,-4,11,5,6,2
29,No,Travel_Frequently,160,Research & Development,-1,6,Medical (Modified),1,678,3,Female,73,3,5,Research Scientist,7,Divorced,2081,22657,1,Y,No,21,3,1,80,5,3,-3,2,-3,4,4,-3
41,No,Travel_Rarely,461,Research & Development,-2,2,Life Sciences,5,1025,-1,Female (Modified),69,-1,-1,Manufacturing Director,0,Married,12743,7056,0,Y,No,12,-1,0,76,-1,21,-1,0,16,9,9,8
39,No,Non-Travel,1140,Research & Development,6,-2,Life Sciences,3,1553,8,Male,69,-1,-3,Healthcare Representative (Modified),7,Divorced (Modified),4067,8841,7,Y,Yes,17,1,-1,84,3,6,-3,2,2,6,0,6
58,No,Travel_Rarely,1440,Sales,15,7,Marketing,2,1934,0,Female,89,2,2,Sales Executive,1,Married,5383,20328,0,Y,No,14,4,-1,79,-1,1,5,-1,-3,0,-5,1
28,No,Travel_Rarely,692,Research & Development,20,2,Medical,2,638,4,Male,89,7,-4,Research Scientist,7,Married,2725,21627,-4,Y,Yes,6,2,3,83,2,2,3,0,5,1,-1,6
51,No,Travel_Rarely,1490,Research & Development,6,-2,Life Sciences,-2,543,1,Female,27,6,2,Manager,1,Married,16553,10313,1,Y,No,8,3,-1,84,-4,34,-2,-1,7,2,2,3
34,No (Modified),Travel_Rarely,131,Sales,-3,-2,Marketing,-2,1277,4,Female,83,3,2,Sales Executive,1,Single,4536,6039,-3,Y,Yes (Modified),9,6,4,81,4,6,4,-1,3,0,2,3
21,Yes,Travel_Frequently,766,Sales,9,1,Marketing (Modified),4,1077,1,Female,49,-1,3,Sales Representative,-1,Single,2324,17209,3,Y,Yes,14,0,4,82,1,4,5,0,1,4,-1,6
30,No (Modified),Travel_Rarely,1017,Research & Development,-2,2,Life Sciences,-3,726,-2,Female,40,1,6,Research Director,4,Single,11163,19368,3,Y,No,12,3,2,83,-1,5,7,3,8,5,11,10
53,No,Travel_Rarely (Modified),184,Human Resources,29,1,Human Resources,5,1972,-2,Male,67,2,5,Manager,6,Married,19632,25815,6,Y,Yes,20,4,-1,84,0,37,4,-2,13,11,0,7
48,No,Travel_Rarely,1445,Sales,32,-2,Medical,-4,1041,1,Female,50,5,5,Sales Executive,4,Married,13320,11734,4,Y,Yes,19,7,4,82,0,23,-2,5,10,8,12,13
33,No,Non-Travel,645,Sales (Modified),25,-3,Technical Degree,1,474,1,Female,81,-2,1,Sales Executive,0,Married (Modified),4740,6064,6,Y,Yes,15,4,6,75,3,6,1,5,5,5,6,-2
44,No,Travel_Frequently,631,Research & Development,7,3,Life Sciences,5,397,2,Female,36,2,7,Research Director (Modified),-1,Single,18663,25596,13,Y,Yes (Modified),8,7,1,79,4,17,1,4,0,-3,1,-2
29,No,Non-Travel,698,Research & Development (Modified),3,7,Life Sciences,-2,1113,-1,Male (Modified),40,6,5,Research Scientist,7,Married,2976,22476,-1,Y,No,20,6,0,79,-1,2,5,0,-1,-2,-3,4
40,No,Travel_Frequently,421,Research & Development,0,1,Life Sciences,-3,904,1,Female,30,6,-1,Healthcare Representative,7,Married,5566,21777,6,Y,No,10,4,6,76,-4,9,1,5,4,2,2,-2
40,No,Travel_Rarely,783,Research & Development,3,5,Medical,1,1887,8,Male,80,4,-2,Research Scientist,1,Married,4284,13587,3,Y,Yes,26,2,4,78,-1,16,3,5,3,6,-1,6
56,Yes,Travel_Rarely,1031,Sales,3,3,Life Sciences,2,1320,0,Male,60,7,-2,Sales Executive,2,Single,8443,21536,10,Y (Modified),Yes,20,2,0,83,-5,13,6,-3,8,8,8,11
25,Yes,Travel_Rarely,340,Sales,0,7,Medical,-3,900,5,Female (Modified),52,-3,-2,Sales Representative,3,Divorced,2800,23523,1,Y,Yes,20,6,5,78,-2,8,1,7,1,6,-3,6
59,No,Travel_Rarely (Modified),421,Research & Development,5,4,Life Sciences,-3,550,3,Female,45,2,7,Manager,4,Married,19567,3856,2,Y,No,12,-1,4,84,-5,28,8,1,29,12,15,6
18,No,Travel_Rarely,267,Research & Development,26,6,Life Sciences,5,1266,-3,Female (Modified),56,7,-3,Research Scientist,1,Single,2989,21224,-3,Y,Yes,16,1,4,81,1,1,5,1,-4,0,-1,-1
28,No,Travel_Rarely,620,Sales,14,-3,Medical,2,648,3,Male (Modified),41,3,-2,Sales Representative (Modified),4,Married (Modified),2098,26375,-3,Y (Modified),No,15,7,-1,84,0,9,5,5,8,0,-5,6
40,No,Travel_Frequently,596,Research & Development,2,1,Medical,-1,1760,1,Female,79,6,0,Laboratory Technician,-2,Married,2471,15962,8,Y,No,13,5,3,75,-3,5,5,4,9,0,4,0
57,Yes,Travel_Rarely,288,Research & Development,6,1,Technical Degree,-2,979,3,Male,48,3,3,Research Scientist,2,Single,2480,26230,-1,Y,No,26,-1,1,84,1,3,4,7,-4,-5,-3,1
28,No,Travel_Rarely,1361,Research & Development,22,0,Life Sciences,-4,14,2,Male (Modified),68,3,-2,Laboratory Technician (Modified),7,Divorced,2694,13332,-3,Y,No,25,4,1,81,5,-4,3,1,5,-4,-4,2
38,No,Travel_Rarely (Modified),1261,Research & Development,1,0,Life Sciences,5,273,8,Male,86,4,1,Manufacturing Director,5,Married,6556,7254,7,Y,No,9,-1,1,83,-3,11,7,3,-3,-2,0,3
37,No,Travel_Rarely,367,Research & Development,26,2,Medical,-3,1161,4,Female,49,-1,5,Healthcare Representative,7,Divorced,5727,17167,5,Y,No,13,-2,3,80,-3,5,2,3,1,1,-3,-1
24,No,Travel_Rarely,376,Research & Development,-4,-3,Life Sciences,4,1269,0,Male,51,4,-3,Research Scientist,6,Married,1220,16896,-2,Y,No,17,2,0,77,1,3,-1,7,5,-5,4,3
34,No,Non-Travel,993,Research & Development,8,0,Technical Degree,-2,1482,7,Male,66,7,-2,Research Scientist,0,Divorced,1269,7151,-1,Y,No,10,3,-3,76,5,1,4,5,0,1,-5,1
37,No,Travel_Rarely,806,Research & Development,5,0,Medical,5,766,4,Female,85,1,0,Research Scientist (Modified),8,Single,2338,22925,4,Y,Yes,22,3,5,75,-5,7,0,-3,2,-1,5,-2
24,No,Travel_Rarely,1255,Research & Development,19,5,Life Sciences,3,827,1,Male,82,6,-1,Research Scientist,7,Married,2696,23779,3,Y,No,20,3,7,82,-2,7,2,6,11,3,-4,5
35,No,Travel_Frequently,948,Research & Development (Modified),25,6,Medical,3,1038,6,Female (Modified),82,5,-2,Manufacturing Director,1,Single,10884,5082,-1,Y,Yes (Modified),9,1,5,75,-3,24,-1,2,25,5,3,12
37,No,Non-Travel (Modified),551,Human Resources,7,3,Human Resources,-1,1718,1,Male,60,3,-2,Human Resources,6,Married,6429,20798,7,Y,No,14,2,4,82,4,6,8,-1,7,4,3,6
53,No,Travel_Rarely,843,Research & Development,22,3,Life Sciences,-2,1305,-3,Male,92,2,1,Research Scientist,3,Divorced,2375,26076,4,Y,No (Modified),13,3,5,83,-3,5,-2,-2,6,0,2,5
25,No,Non-Travel,825,Research & Development,-1,5,Life Sciences,-2,291,3,Male,84,4,4,Manufacturing Director,-1,Single,8475,20924,0,Y,No,18,-1,-1,81,4,12,-2,1,9,8,2,9
36,No,Travel_Frequently,941,Research & Development (Modified),22,7,Medical,-1,1039,1,Female,78,4,7,Manufacturing Director,3,Single,10880,5078,5,Y,Yes,17,0,4,81,-3,17,-3,2,20,6,3,3
42,No,Travel_Rarely (Modified),936,Research & Development,4,5,Life Sciences,-1,830,6,Female,39,6,1,Manufacturing Director (Modified),0,Married,6061,4055,4,Y,Yes,8,5,4,76,-4,7,6,-1,5,2,-5,4
52,No,Travel_Frequently (Modified),638,Research & Development,13,4,Life Sciences,-1,393,-1,Female,35,-2,7,Research Director,-3,Single,18661,25594,4,Y (Modified),Yes,11,6,5,78,0,19,8,0,4,2,1,6
37,No,Travel_Rarely,819,Research & Development,1,4,Medical,2,1369,1,Female,64,-2,3,Laboratory Technician,4,Married,5358,10848,-2,Y,No (Modified),9,1,2,77,-2,6,3,4,10,10,3,4
43,No,Travel_Rarely,407,Research & Development,3,6,Technical Degree,2,719,7,Female,77,-1,3,Healthcare Representative,4,Single,4549,20980,-3,Y (Modified),No,10,0,-1,79,-4,22,1,7,15,9,9,6
36,No,Travel_Rarely,582,Research & Development,24,6,Life Sciences,1,2037,2,Female,58,-2,0,Manufacturing Director,6,Married,13574,5637,0,Y,No,22,2,5,83,-1,22,-1,2,22,9,-2,6
46,No,Non-Travel (Modified),921,Research & Development,19,4,Medical,2,267,-1,Female,33,-1,0,Manufacturing Director,2,Divorced,5261,16436,6,Y (Modified),No (Modified),13,1,4,77,2,9,1,2,6,2,4,-2
40,No,Travel_Rarely (Modified),1320,Research & Development,6,4,Medical,2,475,-1,Male,55,-1,3,Research Scientist,-3,Divorced,5970,16997,1,Y,Yes,12,-2,1,81,2,8,-2,5,10,4,6,4
26,No,Travel_Rarely,1078,Research & Development,32,3,Life Sciences,-3,1509,-2,Male,92,-4,-1,Manufacturing Director,6,Married,6547,3177,-2,Y,No,13,3,3,77,4,12,-3,4,10,9,-4,8
36,No,Travel_Frequently,1107,Sales,4,1,Life Sciences,5,1391,-1,Male,58,4,2,Sales Executive,2,Married,10001,19297,4,Y,No,17,1,0,79,-3,5,1,0,0,8,5,1
41,No,Travel_Rarely,923,Research & Development,8,-2,Medical,0,488,6,Female,96,6,3,Laboratory Technician,3,Married (Modified),3450,17665,1,Y,No,16,4,-1,83,-4,20,5,5,0,1,1,0
28,No,Travel_Rarely,140,Research & Development,16,-1,Medical,2,249,2,Female,95,5,-4,Research Scientist,0,Married,3926,6985,11,Y (Modified),Yes,21,-1,7,80,-1,9,-4,5,4,5,1,3
22,No,Travel_Rarely,603,Research & Development (Modified),2,-1,Medical,3,671,2,Male,69,7,4,Research Scientist,-2,Married,2768,12145,-4,Y,No,21,7,7,76,0,4,3,6,0,-2,-2,6
37,No,Travel_Frequently,841,Research & Development,9,3,Medical,-3,1002,-3,Male,59,7,9,Research Director,5,Divorced,19416,3736,-3,Y,No (Modified),13,-1,1,83,5,20,6,4,17,15,0,7
59,No,Travel_Rarely,1086,Sales,-1,3,Technical Degree,-2,1048,2,Male,66,5,0,Manager,5,Married (Modified),11904,11041,4,Y,Yes,9,1,-2,79,2,15,-4,5,2,-1,-2,7
40,No,Travel_Rarely,937,Research & Development,26,1,Life Sciences,1,836,-1,Male,94,1,1,Manufacturing Director,-1,Married (Modified),4430,11806,5,Y,No,16,7,1,78,0,9,3,-3,6,9,9,12
43,Yes,Travel_Rarely,1370,Sales,6,0,Marketing,-1,1187,-1,Female,86,4,4,Sales Executive,7,Single,5341,9485,11,Y,No,14,5,5,77,-4,6,-1,3,6,5,-2,-1
46,No,Travel_Frequently,391,Sales,28,0,Life Sciences,-2,162,2,Male,89,5,2,Manager,3,Married,16958,19498,-2,Y,Yes,10,4,3,78,1,23,-1,7,24,11,6,13
26,No,Travel_Rarely,475,Research & Development,4,2,Medical,-2,1914,-3,Female,58,3,3,Laboratory Technician,2,Divorced,3977,16029,3,Y,No,7,1,0,84,-3,5,-2,-1,6,6,4,-3
23,No,Travel_Rarely,1352,Research & Development,27,0,Life Sciences,-4,555,-3,Female,92,7,1,Research Scientist,7,Divorced,2882,3032,-1,Y,No,21,5,3,84,-2,1,2,4,0,5,1,1
25,Yes,Travel_Rarely,381,Sales,6,5,Life Sciences,5,1443,-3,Male,69,1,-2,Sales Representative,2,Married,4404,15180,6,Y,No,13,5,5,78,-5,9,-2,6,3,3,1,0
24,No,Travel_Rarely,635,Research & Development,-2,7,Technical Degree (Modified),3,1304,1,Male,85,6,3,Research Scientist,-1,Single,2081,4734,3,Y,No,13,3,6,81,-4,3,-2,5,7,0,1,-2
51,No,Travel_Rarely,978,Research & Development,3,6,Medical,-4,572,1,Female,68,6,5,Manufacturing Director,7,Divorced,5070,7389,6,Y,No,12,0,3,83,5,15,6,1,9,-5,-1,6
34,No,Non-Travel,973,Research & Development,5,3,Medical,-3,1951,2,Male,45,0,0,Research Scientist,0,Divorced,3065,3997,5,Y,Yes (Modified),12,1,6,83,-2,5,1,4,2,2,0,5
44,No,Travel_Rarely,931,Research & Development (Modified),7,5,Medical (Modified),1,1402,-1,Female,77,1,5,Research Scientist,3,Single,4079,20006,5,Y,Yes,13,5,1,80,-2,22,2,3,20,3,-3,8
34,No,Travel_Rarely,256,Research & Development,3,3,Life Sciences,2,651,4,Male,79,-3,0,Research Scientist,0,Married,3620,22791,3,Y,Yes,9,-1,2,82,-3,2,-2,1,5,7,4,5
35,No,Travel_Frequently,443,Sales,0,4,Marketing,-2,398,1,Female,88,0,5,Sales Representative,0,Divorced,2792,3906,0,Y,No,11,1,7,83,1,1,5,2,2,3,-2,-2
48,No,Travel_Rarely,1224,Research & Development,8,4,Life Sciences,-4,1871,7,Male (Modified),90,0,7,Research Director,1,Married,19662,13579,5,Y,No (Modified),10,0,8,78,-4,25,-1,-1,23,12,14,8
39,No,Travel_Rarely,562,Sales,5,6,Marketing,-1,659,8,Male,77,1,0,Sales Executive,7,Married,9599,3014,-1,Y,Yes (Modified),12,3,7,76,-3,20,2,1,2,-2,-2,-2
49,Yes,Travel_Rarely,1448,Sales,1,-2,Marketing,3,1278,-1,Female,89,3,1,Manager,5,Single,18824,2494,5,Y,Yes,20,7,-1,84,-2,25,5,-1,25,9,5,10
29,Yes,Travel_Frequently (Modified),1445,Research & Development,-4,3,Life Sciences,1,1454,2,Female,99,6,7,Manufacturing Director,-1,Single,7444,8930,-3,Y (Modified),No,10,6,1,83,-4,13,4,5,5,3,-1,8
33,No,Travel_Rarely,1093,Sales,9,2,Marketing,-3,770,4,Male,82,-2,-3,Sales Representative,6,Divorced,2294,17964,1,Y,No,16,-2,5,76,6,5,0,7,-3,2,-3,-3
34,No,Travel_Frequently (Modified),695,Research & Development,8,3,Life Sciences,0,1386,1,Male,53,0,3,Research Scientist,2,Divorced,2611,15750,-3,Y,No,7,1,6,84,0,4,-1,0,7,-1,4,0
34,No,Travel_Rarely,179,Research & Development,5,7,Life Sciences,0,798,1,Female,69,3,2,Research Scientist,0,Single (Modified),3275,13548,4,Y (Modified),No (Modified),17,-2,7,75,3,13,1,-1,3,3,-4,-2
51,No,Travel_Frequently,1237,Research & Development,7,1,Medical,4,1066,4,Female,66,6,2,Research Scientist,3,Married,2946,12154,-3,Y,No,22,3,-3,84,-1,20,5,6,6,-1,3,6
45,No,Travel_Rarely,1475,Research & Development,4,2,Other,-2,522,7,Female,70,-1,1,Healthcare Representative,2,Divorced,4518,2225,3,Y,Yes,18,5,6,79,-5,6,4,-2,3,-2,-3,6
42,No,Travel_Rarely,563,Sales,3,-2,Other,3,602,7,Male,64,1,4,Sales Executive,3,Married,4803,16172,-4,Y,No,23,1,3,78,3,7,-1,7,6,10,6,8
32,No,Travel_Rarely,1079,Research & Development,27,5,Life Sciences,4,1515,6,Male,96,4,6,Manufacturing Director,3,Married,6545,3176,-2,Y (Modified),No,12,7,6,84,1,7,2,0,6,5,2,9
36,No,Travel_Rarely,1405,Sales,8,1,Life Sciences,2,332,3,Female,55,1,4,Sales Representative,4,Married,3935,20994,4,Y,No,10,0,0,84,-2,1,3,0,8,2,3,4
33,Yes,Travel_Rarely (Modified),788,Sales,25,8,Medical,4,1492,-2,Female,44,6,-2,Sales Executive (Modified),0,Single,4598,7816,4,Y,Yes,20,-1,1,80,0,15,0,-1,19,9,7,8
48,No,Travel_Frequently,1061,Research & Development,-3,-2,Life Sciences,0,1936,-3,Male,41,-1,2,Research Director,6,Married (Modified),19160,13738,1,Y,No,16,-2,0,77,1,32,1,0,0,-1,-1,-2
27,No,Non-Travel,1198,Research & Development,5,4,Technical Degree,1,1575,-1,Male,57,5,2,Research Scientist,-3,Married,4082,25169,8,Y,No,12,-1,-2,80,-4,5,-1,-1,9,5,1,0
24,No,Travel_Rarely,1173,Sales,6,1,Medical (Modified),1,694,2,Female,63,0,-3,Sales Executive,0,Married,5565,3485,-3,Y,No,18,2,-2,83,5,7,0,0,8,4,4,3
29,No,Travel_Rarely,1248,Sales,24,-1,Marketing,4,351,7,Male,47,2,4,Sales Executive,5,Divorced,6934,10736,-1,Y,No,10,5,3,83,1,5,1,4,-2,-3,-3,4
37,No (Modified),Travel_Rarely,822,Research & Development,4,-1,Life Sciences,5,1182,4,Male,47,1,7,Manufacturing Director,-1,Divorced,10278,19585,0,Y,No,15,2,4,78,-2,19,-2,3,3,6,6,4
43,No,Travel_Rarely,140,Research & Development,28,6,Life Sciences (Modified),-3,1525,8,Male,31,2,-1,Research Director,-3,Married,16326,22071,6,Y,No,14,4,7,75,3,25,0,4,15,10,13,14
53,No,Travel_Rarely,956,Research & Development,2,4,Technical Degree,0,633,4,Male,73,3,2,Research Scientist,-1,Divorced,5580,22088,7,Y,Yes,7,-1,5,80,4,22,4,5,9,5,9,4
30,Yes,Travel_Frequently (Modified),1443,Research & Development,4,7,Life Sciences,3,1460,3,Female,100,8,7,Manufacturing Director,3,Single,7448,8935,0,Y,No,10,2,4,78,-4,14,5,1,12,12,6,10
29,No,Travel_Rarely,462,Research & Development,11,0,Life Sciences,-2,991,0,Female,56,-1,-4,Research Scientist,4,Single,3447,17238,7,Y,No,13,-2,2,76,4,9,0,-1,-1,-1,3,1
28,No,Travel_Rarely,472,Research & Development,7,2,Life Sciences,5,1580,4,Female,84,3,-1,Research Scientist,6,Married,2056,11130,5,Y,No,23,-1,-1,81,-2,-2,6,7,5,-5,1,0
42,No,Travel_Rarely,415,Sales,13,0,Marketing,4,1947,-1,Male,74,3,0,Sales Executive,3,Divorced (Modified),5086,2900,5,Y,Yes (Modified),7,5,6,75,-2,17,2,5,-1,-1,-2,-1
41,No,Travel_Rarely,687,Sales (Modified),6,2,Marketing,1,36,4,Male,47,1,5,Sales Executive (Modified),-1,Married,6825,21176,-4,Y,No,14,4,2,82,1,13,5,-2,8,3,4,4
36,No,Travel_Rarely,1227,Sales,19,4,Marketing,3,405,1,Male,99,0,6,Sales Executive,-3,Married,8023,5099,2,Y (Modified),No (Modified),12,7,-2,82,5,7,0,4,14,8,1,11
43,No,Travel_Rarely,934,Sales,6,1,Life Sciences,-1,2036,3,Male,55,5,1,Sales Executive,1,Divorced,8940,12227,6,Y,No,10,-2,-1,84,-3,14,4,1,1,4,-4,1
44,Yes,Travel_Rarely,1188,Sales,7,2,Marketing,4,842,1,Female (Modified),42,1,6,Sales Executive,1,Married,7650,5864,-3,Y,No,21,6,5,83,3,8,4,5,6,10,3,11
52,No,Travel_Rarely,830,Research & Development,1,-1,Life Sciences,1,348,-1,Male,99,-1,0,Research Scientist,2,Married,2718,23234,-3,Y,No,6,7,-2,78,0,-3,0,0,5,-2,2,3
28,No,Travel_Rarely (Modified),590,Sales,0,4,Medical,4,851,-1,Male,44,-1,-1,Sales Executive,5,Divorced,4033,21817,-1,Y,No,18,8,-2,76,-3,6,6,2,4,12,1,3
32,No,Travel_Rarely,1392,Research & Development,-1,6,Life Sciences,4,680,-1,Male,38,1,5,Research Scientist,7,Married,2686,7664,3,Y,No (Modified),11,7,8,81,2,6,4,4,8,7,3,3
38,No,Travel_Rarely,770,Sales,6,4,Marketing,3,1120,7,Male,72,0,0,Sales Executive,6,Divorced,8737,5573,-5,Y,Yes,11,7,3,75,5,6,3,-1,6,3,4,6
45,No,Non-Travel,547,Sales,-1,6,Marketing,4,1732,1,Male,91,-1,1,Sales Executive,4,Married,4976,3535,7,Y,No,6,2,6,84,-2,8,1,-4,1,0,-1,4
45,No,Travel_Rarely,279,Research & Development,5,5,Life Sciences (Modified),3,1021,-1,Male,94,5,-1,Healthcare Representative,1,Single,4239,13114,-2,Y (Modified),No,9,3,4,76,3,20,4,0,3,-3,0,1
28,No,Travel_Frequently,804,Research & Development,-1,0,Life Sciences,-2,711,-3,Male,77,-2,-3,Research Scientist,4,Divorced (Modified),2719,18959,1,Y,No,15,6,-1,76,1,7,0,4,12,5,4,10
53,No,Travel_Rarely,1325,Research & Development,15,3,Life Sciences,-2,816,4,Female,86,6,-3,Laboratory Technician,6,Married,3148,21824,8,Y (Modified),No,22,-1,3,78,-4,8,1,5,1,5,3,-1
37,No,Travel_Frequently (Modified),705,Research & Development,14,-1,Life Sciences,-2,839,1,Female,96,-3,3,Research Scientist,3,Single,2553,8308,-3,Y,No,19,7,1,79,0,4,0,5,6,4,4,-1
54,No (Modified),Travel_Rarely,319,Sales,6,-1,Marketing,-1,733,4,Male (Modified),55,-2,2,Sales Representative,-1,Married,3872,9987,11,Y,No,12,6,7,82,-4,4,-1,1,1,6,-3,4
23,Yes (Modified),Travel_Rarely,952,Sales,7,4,Marketing,5,398,4,Male,49,3,4,Sales Executive,5,Single,5831,8452,5,Y,Yes,14,5,-1,78,1,4,-1,-2,12,3,9,6
35,No,Travel_Rarely,700,Sales,23,-1,Marketing,0,2032,6,Female,98,4,6,Sales Executive (Modified),3,Married (Modified),6715,8974,-4,Y (Modified),No,21,1,2,81,0,10,5,-1,10,9,0,5
28,No,Travel_Rarely,1109,Sales,7,0,Life Sciences,1,1668,-1,Female,62,6,2,Sales Executive,2,Married,5474,22592,-4,Y,No,7,4,-3,75,-2,6,0,2,11,2,2,6
26,No,Non-Travel,1453,Research & Development,5,2,Medical,-3,223,0,Male,77,1,0,Research Scientist,7,Divorced (Modified),2564,25328,-4,Y,Yes,15,1,7,80,2,1,-3,-2,-1,1,4,5
45,Yes,Travel_Frequently,1479,Research & Development (Modified),32,0,Life Sciences (Modified),3,1420,2,Male,100,-3,-2,Laboratory Technician,-4,Single,4285,22711,7,Y,No,23,6,-4,84,-4,16,6,6,4,5,1,1
32,No,Travel_Rarely,579,Research & Development,20,2,Medical,5,1014,1,Female,59,2,7,Healthcare Representative,0,Divorced,10392,6973,5,Y (Modified),Yes,10,0,3,82,5,17,6,4,11,14,14,2
47,No,Travel_Rarely,315,Research & Development,1,1,Medical,-2,261,0,Female,97,2,-1,Healthcare Representative,2,Single,13736,7192,6,Y,No,14,-1,1,76,4,24,8,6,4,2,-2,-4
55,No,Travel_Rarely,718,Research & Development (Modified),5,1,Life Sciences,0,1032,1,Female,69,3,6,Manufacturing Director,2,Single,13723,21831,3,Y,Yes,9,7,5,77,-4,30,6,3,9,7,1,5
32,No,Travel_Rarely,1088,Sales,7,7,Medical (Modified),-2,128,-1,Male,83,1,2,Sales Executive,0,Single,5013,24299,2,Y,No,20,0,2,81,2,13,1,2,6,12,8,7
30,Yes,Travel_Frequently,427,Human Resources,18,6,Life Sciences,4,607,-1,Female,56,1,-4,Human Resources,1,Divorced,2740,22812,-1,Y,Yes,12,-2,-2,84,0,12,-3,4,7,2,3,-5
39,No,Travel_Rarely,1401,Sales,30,2,Life Sciences,3,1555,6,Female,98,4,-2,Sales Representative,7,Married,2433,26208,-5,Y,No,21,0,-4,82,3,1,2,2,5,2,2,-1
37,No,Travel_Frequently,891,Human Resources,6,3,Human Resources,-4,1564,4,Male,66,4,5,Human Resources (Modified),7,Married,6077,14817,-1,Y,No,13,4,7,78,-3,8,-2,4,3,2,3,6
48,No,Non-Travel,335,Sales,30,1,Marketing,2,1613,2,Male,53,2,0,Sales Executive,-1,Married,4388,24162,3,Y,No,19,0,-1,77,-2,6,3,2,7,4,8,0
38,No,Travel_Rarely,1321,Research & Development,22,0,Technical Degree,-3,1265,2,Female,93,6,-4,Research Scientist,-2,Married,2588,21640,-2,Y,No,16,0,8,79,-4,-1,4,5,5,-5,0,-2
28,No,Travel_Rarely,939,Research & Development (Modified),18,1,Life Sciences,1,1197,1,Female,69,-2,1,Research Scientist,4,Married,2170,26928,2,Y,Yes,20,7,-3,80,-3,1,3,-3,2,4,5,2
27,No,Travel_Rarely (Modified),122,Research & Development,7,4,Medical,-3,39,-1,Male,80,6,-1,Laboratory Technician,5,Single,2201,16121,2,Y,No,15,5,2,76,4,11,6,0,12,-4,-3,8
48,No,Travel_Rarely,1066,Research & Development,5,5,Medical,4,390,1,Male,40,1,2,Research Director,7,Married,17579,21016,4,Y (Modified),Yes,12,-2,-1,82,7,18,2,0,1,1,-1,3
59,No,Travel_Rarely,420,Research & Development,10,5,Life Sciences,5,546,-2,Female,40,4,8,Manager,-3,Married,19565,3851,2,Y,No,13,6,7,76,4,37,5,5,24,12,12,14
27,No,Travel_Frequently,1296,Research & Development,8,2,Life Sciences,4,1849,7,Female,49,1,1,Laboratory Technician,4,Single,2374,19826,-5,Y,Yes (Modified),18,4,0,76,-3,8,0,0,0,4,2,-3
59,Yes (Modified),Travel_Rarely,143,Research & Development,19,0,Medical,-4,163,-1,Female,93,-1,-1,Healthcare Representative,3,Married,10316,3466,-2,Y,No,7,5,5,84,-3,35,1,-2,35,14,11,5
26,Yes,Travel_Frequently,382,Research & Development,13,5,Medical (Modified),2,1489,1,Male,87,5,2,Laboratory Technician,3,Single,3173,16998,6,Y,Yes,11,5,3,78,-3,0,6,0,2,-2,-4,0
28,No (Modified),Travel_Rarely,285,Research & Development,5,2,Life Sciences,-2,120,1,Male,94,2,6,Healthcare Representative,7,Married,4156,15827,0,Y (Modified),No,16,-2,0,81,0,10,7,-1,15,14,6,5
32,No,Travel_Frequently,645,Human Resources,13,5,Life Sciences,3,1289,1,Male,59,4,6,Human Resources,-1,Married,4485,21836,6,Y,No,14,6,8,76,1,15,2,4,5,9,-2,5
28,Yes,Travel_Rarely,603,Sales,7,-1,Marketing,0,1157,-1,Female,78,6,1,Sales Executive,2,Single,8227,18382,0,Y,Yes,16,6,-1,83,4,9,6,7,2,5,-2,-1
35,No (Modified),Travel_Rarely,656,Research & Development,9,-1,Life Sciences,1,1098,5,Male,29,1,0,Healthcare Representative,3,Divorced (Modified),7123,21217,7,Y,No,11,0,2,79,2,10,-1,4,-1,-3,-1,3
32,No,Travel_Rarely,1385,Research & Development,17,5,Life Sciences,1,22,1,Female (Modified),53,8,4,Manufacturing Director,-1,Divorced,9981,10196,3,Y,No,14,1,5,76,-2,12,-4,-2,5,7,8,3
37,No,Travel_Rarely,371,Research & Development,8,-1,Life Sciences,5,1728,-3,Female,90,6,2,Manufacturing Director,1,Married,6519,5038,6,Y (Modified),Yes,14,1,2,82,-4,19,4,2,4,-1,-5,2
47,Yes,Travel_Frequently,882,Sales,0,6,Life Sciences,-2,2042,-1,Male,94,7,-1,Sales Executive,7,Divorced,6731,14259,2,Y,No,10,6,8,76,-1,7,2,-2,10,4,4,3
34,No,Travel_Rarely,1080,Sales,15,2,Technical Degree,3,533,2,Female,82,-2,2,Sales Executive,4,Single,6575,19559,-5,Y,No,13,5,4,78,-3,1,1,-1,1,0,5,5
37,No,Travel_Rarely,941,Research & Development (Modified),0,8,Medical,-3,961,3,Male,81,-2,4,Laboratory Technician,-1,Single,2519,12290,4,Y,No,19,5,3,80,-4,17,8,0,9,10,1,8
56,No,Travel_Rarely (Modified),1376,Sales,-3,-3,Medical,0,981,6,Male,46,2,2,Manager,-1,Divorced,14850,13933,4,Y (Modified),No,11,-2,1,78,-3,17,3,3,18,15,10,2
54,No,Travel_Frequently,892,Research & Development,27,4,Medical,-3,869,-2,Female,79,5,2,Manufacturing Director,7,Married,13828,19031,-2,Y,No,18,1,7,78,-1,33,-2,1,8,3,-1,3
31,No,Travel_Rarely (Modified),924,Research & Development,-4,7,Medical,3,616,0,Female,97,7,3,Research Director,5,Divorced,16184,22578,5,Y,No,16,-1,4,84,3,13,-1,2,9,3,-2,5
41,No,Travel_Rarely,227,Sales (Modified),1,5,Medical,4,376,1,Male,101,0,-1,Sales Executive,7,Married,6497,22820,1,Y,No,11,5,2,77,-1,5,6,2,0,0,4,-1
20,No,Travel_Rarely,505,Research & Development,28,-1,Medical,-1,1723,1,Male,92,2,-2,Laboratory Technician,-3,Divorced,3906,3621,4,Y,No,8,-1,5,83,7,7,2,3,8,1,-3,1
35,No,Non-Travel,1377,Sales,10,-1,Life Sciences (Modified),1,1776,3,Male,88,6,5,Sales Executive,4,Divorced,4000,12312,-1,Y,Yes,11,-1,5,83,4,16,0,5,15,12,1,2
42,No,Travel_Rarely,195,Research & Development,11,1,Life Sciences,3,543,-1,Male,72,-2,-2,Research Scientist,8,Married,2655,9657,2,Y,No (Modified),18,4,7,75,-3,8,7,2,3,0,-1,0
31,No,Travel_Rarely,1077,Sales,16,-1,Technical Degree,0,533,-3,Female,85,0,5,Sales Executive,3,Single,6573,19559,3,Y,No,7,4,3,84,2,6,6,-1,9,3,0,-1
34,No,Non-Travel,751,Sales,19,6,Marketing,-2,160,3,Male,94,2,-1,Sales Executive,4,Married,6144,15481,-1,Y (Modified),No,11,-1,-2,80,-2,7,-3,7,2,8,1,10
22,Yes,Travel_Rarely,870,Sales,22,3,Marketing,0,954,3,Male,38,0,-2,Sales Representative,0,Married,2416,18801,2,Y,Yes,14,4,4,82,-2,0,4,3,4,0,-2,-3
45,No,Travel_Rarely,984,Research & Development,9,7,Life Sciences,-4,524,4,Male,55,4,0,Research Director,6,Divorced,14337,4345,0,Y,No,11,2,7,79,4,25,6,6,29,12,-1,5
27,No,Travel_Rarely,1376,Research & Development,4,8,Life Sciences,4,1967,1,Male,58,2,2,Manufacturing Director,5,Single,9674,10134,7,Y,No,22,6,0,80,-4,6,3,0,-1,3,-4,-5
36,No,Travel_Rarely,466,Research & Development,16,0,Life Sciences,2,225,-4,Male (Modified),55,-2,1,Research Scientist,3,Divorced,2452,4607,4,Y,No,13,4,4,76,0,10,0,1,7,3,5,12
29,No,Travel_Rarely,1444,Sales,2,5,Technical Degree,-4,1545,-2,Male,54,1,-3,Sales Representative (Modified),7,Married,2305,4940,-1,Y,Yes,28,-1,-1,81,3,9,6,7,10,12,9,5
24,No,Travel_Rarely,686,Research & Development,1,5,Medical,-3,1408,5,Male (Modified),34,5,-3,Research Scientist,8,Single,3903,4045,0,Y,No,16,1,8,81,-1,8,2,-1,1,5,-2,4
27,No,Travel_Rarely,502,Research & Development,5,1,Medical,-3,967,1,Female,92,-1,6,Manufacturing Director,-1,Married,6722,13552,2,Y,No,9,6,2,84,-3,12,-3,0,4,4,4,0
33,No,Travel_Rarely,290,Research & Development,-2,8,Life Sciences,-1,2055,0,Female,59,4,1,Research Scientist,5,Married,2975,8951,4,Y,No,7,-1,6,82,0,6,1,7,6,4,-3,-2
34,No,Travel_Rarely,1330,Sales,14,0,Life Sciences,5,1059,1,Female,85,-2,-1,Sales Representative,6,Married,2224,18409,-2,Y,Yes,16,0,3,82,-4,-2,-2,1,3,0,0,4
33,No,Travel_Frequently,540,Sales,3,1,Medical,-2,481,1,Male,44,6,0,Sales Executive,0,Married,9701,7244,2,Y (Modified),No,12,4,-1,76,-1,19,-2,0,13,6,-3,11
31,No,Travel_Rarely,1400,Sales,8,3,Life Sciences,1,328,5,Female,55,4,1,Sales Representative,3,Married,3935,20991,4,Y,No,8,-1,0,76,1,8,3,6,5,1,-4,3
32,No,Non-Travel,1111,Research & Development,6,1,Medical,2,574,4,Female,49,3,0,Laboratory Technician,8,Single,2559,7182,4,Y,No,17,0,3,84,-4,7,4,-1,10,5,2,7
46,No,Travel_Rarely,1047,Research & Development,8,5,Technical Degree,3,488,6,Male,101,-3,2,Healthcare Representative,-1,Single,10498,2759,6,Y,No,18,2,-1,75,3,20,-2,6,7,0,0,1
31,No,Travel_Rarely,282,Research & Development,26,2,Medical,-2,1380,3,Male,88,2,2,Laboratory Technician,7,Married,5432,17491,3,Y,No,12,7,2,80,2,10,2,7,7,9,4,4
29,Yes,Travel_Frequently,883,Research & Development,8,4,Medical,5,850,3,Female,88,1,0,Research Scientist,0,Married,2363,20898,5,Y,Yes,17,0,-1,75,-1,6,-1,3,4,4,0,2
37,No,Travel_Rarely (Modified),1157,Research & Development,0,-1,Medical,1,109,1,Male (Modified),91,-1,1,Manufacturing Director,5,Married,4327,17736,-3,Y,No,10,-2,2,81,-5,2,6,5,1,4,-2,5
18,No,Travel_Rarely,1178,Research & Development,1,2,Medical,5,203,-3,Female,76,0,1,Laboratory Technician,4,Single,1485,16100,5,Y,No,18,1,6,77,-1,-3,6,3,1,3,-3,-1
48,No,Travel_Rarely (Modified),993,Human Resources,4,-1,Life Sciences,3,1312,7,Female,48,5,3,Human Resources,-2,Single,3424,22956,6,Y,No,13,1,0,80,-5,6,6,1,6,2,7,8
27,No,Travel_Rarely,334,Research & Development,1,5,Life Sciences (Modified),3,23,0,Male,83,6,-4,Research Scientist,6,Divorced,3295,15048,1,Y,Yes,15,7,-1,82,4,2,0,-2,3,-1,0,6
56,No,Travel_Rarely (Modified),1438,Sales,8,1,Marketing,-2,203,0,Male,35,6,2,Sales Representative,-2,Married,2303,16044,3,Y,Yes,23,0,5,81,5,10,-2,3,9,9,0,4
21,No,Travel_Frequently,770,Research & Development (Modified),4,0,Life Sciences,-3,1657,7,Male,81,2,3,Manufacturing Director,-1,Divorced,5206,4974,-4,Y (Modified),No,13,-1,-2,84,4,10,8,7,10,5,-5,7
31,No,Travel_Rarely,893,Research & Development,19,-1,Life Sciences,4,1097,-2,Male,48,0,-4,Laboratory Technician,-2,Divorced,2206,22479,-3,Y,No,14,7,-1,82,3,-1,4,-1,6,2,-1,-2
28,No,Travel_Rarely,1081,Research & Development,26,5,Life Sciences,1,1512,7,Male,95,-3,-2,Manufacturing Director,-1,Married (Modified),6550,3173,0,Y,No,9,-1,-3,78,3,3,6,5,12,8,2,6
41,No,Travel_Rarely,323,Sales,7,2,Medical,0,383,-3,Female,40,1,4,Sales Executive,-3,Divorced,5605,19194,-1,Y,Yes,21,6,6,80,0,11,0,-1,5,-3,11,7
33,No,Travel_Rarely,211,Research & Development,3,3,Medical,3,179,1,Male,83,3,-3,Manufacturing Director,-1,Divorced,4936,2817,2,Y (Modified),No,21,4,7,75,-3,10,-3,-1,-1,-1,0,1
30,No,Travel_Rarely,1172,Research & Development,22,1,Other,1,1081,-2,Male,82,6,6,Manufacturing Director,-3,Married,9957,9091,-4,Y,No,11,2,2,79,1,7,2,6,9,0,-4,0
31,No,Travel_Rarely,508,Sales,-1,-2,Medical,-2,1895,5,Female,86,0,0,Sales Executive,3,Single,6497,26994,-2,Y,No,11,-2,5,81,1,5,2,0,6,5,4,4
19,Yes,Travel_Rarely,1321,Research & Development (Modified),10,-4,Medical (Modified),-1,1682,0,Male,95,-3,5,Laboratory Technician,3,Single,3986,20590,3,Y (Modified),Yes,13,1,-1,83,-1,0,-2,6,5,8,-3,-1
23,No,Travel_Rarely,1374,Sales (Modified),14,-4,Life Sciences,2,1394,-1,Male,88,2,4,Sales Executive,5,Married,6236,12475,1,Y,No,14,-1,-3,84,2,5,4,-3,0,-3,2,-2
24,Yes,Travel_Rarely,800,Research & Development,1,0,Life Sciences,2,815,0,Female,37,2,-3,Laboratory Technician,-1,Married,2315,6690,3,Y,Yes (Modified),12,1,7,75,4,-3,5,2,1,-4,-5,4
48,No,Travel_Frequently (Modified),118,Research & Development,17,5,Medical,0,1899,8,Female (Modified),59,2,3,Manager (Modified),4,Divorced (Modified),17177,2439,2,Y,No,12,2,5,82,3,22,2,4,26,21,4,4
42,No,Travel_Rarely,528,Human Resources (Modified),0,-2,Life Sciences,1,1685,0,Female,42,7,-1,Human Resources,1,Divorced,3199,4171,8,Y,Yes,14,-1,0,80,7,11,-3,-1,2,2,-2,-1
23,No (Modified),Non-Travel,1445,Research & Development,6,3,Medical,5,227,2,Male,80,5,1,Research Scientist,4,Divorced,2569,25327,4,Y (Modified),Yes,18,6,1,79,-2,2,-3,3,0,2,-3,-2
35,No (Modified),Non-Travel (Modified),1226,Research & Development,6,2,Life Sciences,2,770,8,Female,63,2,0,Healthcare Representative,4,Divorced,5096,4756,-3,Y,No,8,7,-2,76,-3,18,5,1,4,-5,4,3
37,No,Travel_Rarely,512,Research & Development,8,7,Life Sciences,2,1516,1,Male,65,5,1,Healthcare Representative,5,Single,6383,22053,3,Y,Yes,20,1,-1,76,-5,9,7,1,-4,-5,-3,1
37,No,Travel_Rarely (Modified),1261,Research & Development,1,-2,Life Sciences,4,895,-1,Female,98,2,4,Laboratory Technician (Modified),6,Married,5228,23724,-1,Y,Yes (Modified),12,5,5,75,5,17,-3,0,6,-2,-2,6
40,No,Travel_Rarely,528,Research & Development (Modified),1,-1,Technical Degree,0,323,6,Male,56,2,9,Manager,3,Married,19233,4928,-4,Y,No,11,-1,0,83,1,23,6,4,21,18,12,12
26,No,Travel_Rarely,1350,Research & Development,18,-1,Life Sciences,-1,562,4,Female,91,4,2,Research Scientist,4,Divorced,2882,3029,2,Y,No,17,4,6,78,-3,-2,-1,1,-2,3,-2,6
26,Yes,Travel_Rarely (Modified),946,Sales,7,2,Marketing,2,396,-1,Male,43,5,2,Sales Executive (Modified),5,Single,5830,8454,3,Y,Yes,14,5,3,81,3,7,-1,4,7,8,3,1
51,No,Travel_Frequently,362,Research & Development,1,3,Medical,-3,1647,-2,Male,86,4,-1,Manager (Modified),0,Married,15200,5598,-1,Y (Modified),No,24,0,5,79,-1,18,5,0,-1,4,4,4
53,No (Modified),Travel_Rarely,966,Research & Development,1,5,Medical,0,1418,-1,Female,49,1,7,Research Director,3,Single (Modified),17323,5654,2,Y,No,19,-2,7,76,-5,31,2,5,21,8,12,9
61,No,Non-Travel,390,Research & Development (Modified),4,7,Life Sciences,4,422,1,Male,32,1,-1,Healthcare Representative,6,Divorced,5656,17059,-3,Y,Yes,15,1,2,80,2,16,-1,2,7,7,-1,1
45,No,Travel_Rarely,1459,Research & Development (Modified),-3,7,Medical,-1,1064,-1,Male,57,5,8,Research Director,4,Married,19233,12857,3,Y (Modified),Yes,14,-2,2,82,-3,28,6,-1,12,3,5,7
45,No (Modified),Travel_Rarely,1240,Research & Development,4,2,Life Sciences,-2,667,4,Female,35,0,6,Manager,0,Married,15404,18000,7,Y,No,7,-1,-1,78,-4,24,4,-4,6,0,-5,-2
38,No,Non-Travel,794,Research & Development,-4,4,Life Sciences,-2,1741,-1,Male,76,2,4,Laboratory Technician,8,Married,6467,8986,-3,Y,Yes,19,2,4,79,2,6,4,-2,4,6,2,4
29,No (Modified),Travel_Rarely,744,Research & Development (Modified),5,6,Life Sciences,-2,1717,2,Male,65,6,4,Laboratory Technician,5,Married,3478,18106,0,Y,No,9,4,2,77,2,2,-3,2,7,1,0,5
30,No,Non-Travel,690,Research & Development,10,3,Medical,-3,216,3,Male,52,2,-2,Research Scientist,3,Divorced,2023,5970,1,Y (Modified),No,20,-2,3,83,-1,4,-1,4,4,5,-1,4
31,Yes,Travel_Rarely,333,Research & Development,24,8,Medical,-1,1390,4,Male,102,-1,-2,Manufacturing Director,6,Married (Modified),6178,21060,3,Y (Modified),Yes (Modified),16,-1,4,83,6,7,1,-3,5,3,3,5
40,No,Travel_Frequently,1462,Sales (Modified),13,0,Technical Degree,4,152,0,Female (Modified),90,-1,-2,Sales Executive (Modified),2,Married,9733,22950,-1,Y,No,11,4,5,84,-1,5,4,-2,11,9,-2,3
48,No,Travel_Frequently,220,Sales,-1,3,Medical,-1,747,5,Female,47,4,8,Sales Executive,7,Divorced,13771,10225,8,Y,Yes,7,1,4,78,0,31,2,2,22,-1,14,16
54,Yes,Travel_Rarely,1163,Research & Development,25,0,Life Sciences,-1,1907,-2,Male,98,6,-4,Laboratory Technician,4,Single,2583,10263,0,Y,No,20,-2,6,84,-4,0,5,4,2,-3,0,3
35,No,Travel_Rarely,144,Human Resources,2,6,Human Resources (Modified),-4,1206,0,Male,96,-2,-3,Human Resources (Modified),7,Married,3602,8426,4,Y,No,11,-1,7,78,-4,7,4,-2,5,3,-4,6
33,No,Travel_Rarely,470,Research & Development,28,6,Medical,1,2057,4,Female,73,5,-3,Research Scientist,-2,Single,3782,8485,2,Y,No,16,2,-2,75,1,4,4,4,8,6,-5,6
14,Yes (Modified),Travel_Rarely,485,Human Resources (Modified),3,-1,Technical Degree,-1,568,-1,Male,49,-1,4,Human Resources,-1,Single,2564,18432,5,Y,No,8,-1,-2,83,-1,-3,-1,7,4,-4,-1,-1
28,Yes,Travel_Rarely (Modified),1417,Sales (Modified),2,3,Marketing,0,669,7,Male,83,1,-1,Sales Representative,-1,Divorced,3036,16347,-3,Y,No,13,-1,4,79,-2,5,2,-1,6,1,2,2
28,Yes,Travel_Rarely,240,Sales,6,-1,Marketing,-2,139,5,Male,50,3,-1,Sales Executive,6,Single,5741,26954,4,Y,Yes,7,6,3,84,-4,3,-4,2,1,5,1,4
26,Yes,Travel_Frequently,1370,Research & Development,4,-4,Technical Degree,-2,595,-1,Male (Modified),103,4,3,Laboratory Technician,7,Single,3893,9133,1,Y,No,12,0,-2,78,-5,2,7,2,3,-2,4,5
56,No,Travel_Rarely,1371,Sales,-1,-2,Medical,-2,979,4,Male,49,-1,3,Manager,2,Divorced,14849,13936,7,Y,No,14,-2,6,78,4,21,-1,5,14,8,16,2
32,No,Non-Travel,1060,Sales,24,4,Marketing,-3,55,5,Male (Modified),76,-2,-1,Sales Executive,5,Single,4567,10033,-3,Y,No,18,-1,6,84,3,13,6,5,7,5,6,11
44,No,Travel_Rarely,1180,Human Resources,29,7,Life Sciences,3,1626,8,Female (Modified),102,5,9,Manager,7,Married,19659,5217,3,Y,No,6,3,5,75,-3,23,5,4,6,-1,2,-5
28,No (Modified),Non-Travel,745,Sales (Modified),23,-3,Marketing,5,160,6,Male (Modified),91,0,-1,Sales Executive,-1,Married (Modified),6145,15477,-3,Y,No,12,4,-1,75,-3,12,5,5,8,10,-5,5
32,No,Travel_Rarely,1475,Research & Development,11,5,Medical,3,414,3,Male (Modified),66,1,-3,Healthcare Representative,5,Single,5665,4826,-5,Y,No,17,7,4,76,1,13,-3,3,7,6,0,6
51,No (Modified),Travel_Rarely,715,Research & Development,4,7,Life Sciences (Modified),-1,243,0,Female,69,1,-1,Research Scientist,0,Divorced,4261,13943,3,Y,Yes,21,-1,1,76,4,16,3,5,3,5,3,3
47,No,Travel_Rarely (Modified),1448,Research & Development,6,7,Life Sciences,4,222,3,Female,56,5,2,Manager,-2,Single,19921,17053,4,Y,No,14,5,-2,79,-1,24,2,6,6,4,7,5
24,Yes,Travel_Frequently (Modified),1258,Research & Development,0,7,Life Sciences,4,1204,6,Male,44,-1,0,Research Scientist,5,Married,2853,4222,-5,Y (Modified),Yes,11,5,0,79,0,-1,6,5,0,2,0,3
45,No,Travel_Rarely,933,Research & Development,8,-2,Medical,4,1398,3,Female,77,2,1,Research Scientist,-1,Single,4083,19999,-2,Y,Yes,10,3,4,75,-2,24,-2,0,22,6,-3,4
34,No,Travel_Frequently,582,Research & Development,13,4,Life Sciences,-1,1718,-1,Male,56,-2,2,Research Scientist,3,Married,3432,17355,9,Y,No,12,6,2,83,1,8,3,-1,2,-3,-4,6
38,No,Travel_Rarely,1040,Human Resources,16,-1,Human Resources (Modified),4,828,4,Male,36,5,5,Human Resources,2,Married,2141,25527,3,Y,No,10,-2,6,77,-2,9,-3,3,7,0,4,-1
22,No,Non-Travel (Modified),826,Sales,12,2,Life Sciences,2,1493,4,Female,76,4,0,Sales Representative,-2,Married,2028,7107,2,Y,No,15,1,-1,84,0,-4,1,-1,4,2,4,4
54,No,Travel_Rarely,1139,Research & Development,2,3,Medical,2,1419,-3,Male,81,2,8,Research Director,7,Divorced (Modified),14730,12414,-1,Y,No,10,-1,2,80,2,30,7,4,10,7,-5,1
26,No (Modified),Travel_Rarely,141,Sales,7,-4,Other,0,882,0,Male,101,-2,3,Sales Executive (Modified),3,Married,4190,14366,-3,Y,Yes,21,4,0,76,-3,1,3,2,5,5,1,4
54,Yes,Travel_Rarely (Modified),314,Research & Development,10,2,Technical Degree,0,2030,1,Male,73,-1,-3,Laboratory Technician,1,Married,2341,3667,9,Y,No,11,0,1,79,3,13,3,1,12,12,6,9
41,No,Non-Travel,244,Research & Development,2,2,Life Sciences,5,1030,4,Female,52,3,7,Research Director,-2,Divorced,19974,20286,-4,Y,No,18,4,-2,79,-2,18,4,4,16,19,7,9
21,No,Travel_Rarely,887,Sales (Modified),22,3,Medical (Modified),2,781,-1,Female,34,2,-2,Sales Executive,-1,Single,6179,22807,1,Y,No,21,8,-3,75,-4,10,3,2,7,9,0,-1
49,No (Modified),Travel_Frequently,1063,Research & Development (Modified),4,-1,Life Sciences,-1,1945,2,Male,41,7,1,Research Director,1,Married,19160,13738,6,Y,No,12,-1,4,75,-3,27,5,5,6,1,5,-1
34,No,Travel_Rarely,567,Sales,2,4,Marketing,4,456,7,Female,25,-3,4,Sales Executive,1,Divorced,6117,5427,-1,Y,No (Modified),15,6,5,79,-2,13,-1,6,8,4,2,5
30,No,Travel_Frequently,442,Sales,4,4,Life Sciences,5,386,4,Male,48,2,6,Sales Executive,4,Single,4557,20255,-1,Y (Modified),No,22,0,3,78,-5,9,2,-3,14,4,2,12
34,No (Modified),Non-Travel,301,Research & Development,5,6,Life Sciences,1,880,7,Male,62,0,-3,Laboratory Technician,-1,Divorced,2314,9143,-3,Y,No,10,7,0,77,-2,6,5,-2,0,4,-3,5
27,No,Travel_Rarely (Modified),597,Research & Development,13,-2,Life Sciences,4,1559,1,Male (Modified),87,0,-4,Research Scientist,6,Married,2446,22373,7,Y,No,20,2,-2,76,6,5,-2,-3,5,-4,-4,-2
38,No,Travel_Rarely,551,Research & Development,6,1,Medical,-4,1028,7,Female,45,5,-3,Manufacturing Director,3,Single,5001,23367,8,Y (Modified),No,9,-2,4,77,-2,7,9,0,5,4,2,0
24,Yes,Travel_Rarely,807,Research & Development,-1,-2,Life Sciences,4,811,-1,Female (Modified),32,6,-4,Laboratory Technician,3,Married,2320,6685,0,Y,Yes,11,2,4,75,4,-3,4,-2,4,-4,1,3
28,No,Travel_Rarely,311,Human Resources,0,0,Human Resources,3,1982,1,Female,80,6,0,Human Resources,-3,Married (Modified),2191,19656,3,Y (Modified),No,9,-2,1,79,-5,8,4,1,6,2,-3,-3
37,No,Travel_Frequently (Modified),1191,Research & Development,11,2,Life Sciences,5,80,4,Male,99,-3,-2,Manufacturing Director,6,Single (Modified),6496,22653,-1,Y,No (Modified),15,4,-2,80,-2,2,-1,-1,6,1,2,1
31,No,Travel_Rarely,213,Sales,8,-1,Technical Degree,5,411,0,Male (Modified),103,0,-1,Sales Executive,1,Married,6930,12244,8,Y,No (Modified),6,4,4,75,5,11,3,6,3,3,6,6
31,No,Travel_Rarely,591,Research & Development,1,2,Technical Degree,0,1759,1,Female,91,-2,-1,Research Scientist,-4,Divorced,2111,10004,-2,Y (Modified),No,11,4,5,82,5,5,1,-2,-2,2,-2,4
31,No,Non-Travel,862,Sales,0,2,Life Sciences,-4,1190,7,Female,79,7,3,Sales Representative,0,Divorced,2825,14944,2,Y,No,10,7,6,79,1,-3,-1,5,4,4,-4,2
25,No,Travel_Rarely,1103,Research & Development (Modified),25,3,Life Sciences,2,1124,1,Female,96,4,0,Research Scientist,7,Divorced,2515,26972,4,Y,No,17,5,-4,79,0,10,3,4,7,9,5,3
39,No,Travel_Frequently (Modified),691,Research & Development,8,-1,Life Sciences,4,1379,6,Male,54,7,-1,Research Scientist,2,Divorced,2607,15750,-4,Y (Modified),No,10,3,0,76,-2,3,1,7,5,-3,0,4
42,No,Non-Travel (Modified),250,Research & Development,26,0,Life Sciences,-2,1006,6,Male,38,6,-2,Laboratory Technician,0,Married,3628,14037,-1,Y (Modified),Yes,15,3,2,76,4,10,1,4,12,4,4,8
38,No,Travel_Rarely (Modified),1438,Research & Development,6,1,Life Sciences,4,1391,5,Male,53,1,0,Research Scientist,2,Married,2995,5182,9,Y,Yes,10,0,0,75,2,7,1,0,7,4,1,3
37,No,Travel_Frequently,649,Human Resources,13,5,Life Sciences,1,1290,1,Male (Modified),52,-3,2,Human Resources,6,Married (Modified),4494,21835,0,Y (Modified),No,15,4,1,84,3,18,9,7,8,6,2,4
49,No,Travel_Rarely,1403,Research & Development,7,6,Technical Degree,0,1366,2,Female (Modified),85,-2,6,Manufacturing Director,6,Single,13146,24434,2,Y,No,16,1,6,80,0,26,3,1,1,-3,0,5
36,No,Non-Travel,974,Sales,24,5,Marketing,0,330,-1,Male,102,7,-1,Sales Executive,2,Married,4463,12073,-5,Y,No,16,7,-1,75,-1,3,1,3,3,-2,0,3
51,No,Travel_Rarely,1376,Sales,-3,-2,Medical,-1,979,4,Male,44,-1,4,Manager,3,Divorced,14853,13939,1,Y (Modified),No,17,1,1,84,0,24,1,2,13,15,15,-3
23,No,Travel_Frequently,571,Research & Development,1,-2,Technical Degree (Modified),4,1646,0,Female,31,6,1,Research Scientist,-1,Single (Modified),3764,17218,-4,Y,Yes (Modified),12,1,-1,84,1,1,1,7,3,7,1,1
37,Yes,Non-Travel,964,Research & Development,12,3,Technical Degree,-1,1909,1,Male,84,1,1,Research Scientist,1,Married,2310,14461,0,Y,Yes,24,4,-2,83,-3,6,-2,-2,9,-1,5,4
24,No,Travel_Frequently,810,Research & Development,0,2,Life Sciences,-4,711,3,Male,75,5,2,Research Scientist,2,Divorced,2721,18954,-2,Y,No,13,4,3,84,2,5,1,-2,11,3,-2,4
32,No,Travel_Frequently,553,Research & Development,6,-1,Life Sciences,5,423,8,Female,71,4,2,Manager,6,Married,11874,23364,8,Y,No,7,-1,-3,83,5,11,1,4,13,6,10,3
38,Yes,Travel_Rarely,1331,Research & Development,7,5,Life Sciences,5,1649,3,Male,71,7,0,Laboratory Technician,2,Single,2161,3343,5,Y,Yes (Modified),14,5,4,82,-3,11,5,1,5,-1,-4,6
38,No,Non-Travel,1435,Sales,10,-1,Life Sciences,3,784,4,Male,80,1,2,Sales Executive,5,Single,7591,14228,-3,Y,No,17,3,6,75,4,5,1,6,11,3,1,4
38,No,Non-Travel,269,Sales,5,-1,Life Sciences,-1,596,3,Male,58,2,1,Sales Executive,1,Single (Modified),6231,13434,8,Y,No (Modified),18,1,6,81,-4,15,5,0,14,-2,5,9
32,No,Travel_Rarely,1437,Research & Development,5,-3,Life Sciences (Modified),0,1394,-2,Male,50,6,-3,Research Scientist,5,Married,2992,5183,9,Y,Yes,18,2,1,79,-5,7,2,3,5,5,-3,6
27,No,Travel_Frequently,781,Sales,4,2,Life Sciences,4,1925,5,Male,44,6,1,Sales Executive,4,Married,6829,19253,-2,Y,Yes,13,0,6,76,2,5,0,6,4,2,2,9
28,No,Travel_Rarely,1334,Sales,5,5,Life Sciences,2,226,-3,Female,40,1,2,Sales Executive,-1,Married,9423,8050,3,Y,No (Modified),11,-2,2,82,-3,10,6,4,13,10,5,0
25,No (Modified),Travel_Rarely,300,Sales,6,4,Life Sciences,2,495,1,Male,90,5,0,Sales Executive,1,Single (Modified),5249,20753,0,Y,No,13,-1,6,80,4,11,5,2,8,5,-4,11
34,No,Travel_Rarely,103,Human Resources,0,0,Human Resources,3,425,-4,Male,63,6,0,Human Resources,-3,Married,6411,17825,1,Y,No,12,0,8,82,0,12,-3,0,2,2,-3,-4
32,Yes,Non-Travel,1369,Research & Development,19,0,Technical Degree,0,1085,5,Male,76,-2,4,Healthcare Representative (Modified),3,Single,8717,12357,5,Y (Modified),No,8,2,-4,83,0,14,5,4,11,10,-3,8
46,No,Travel_Rarely,706,Sales,9,8,Marketing,0,731,8,Male,46,4,-3,Sales Executive,1,Single,4960,11825,-3,Y,No,8,1,2,78,-5,22,2,3,11,6,-4,6
58,No,Travel_Rarely,1087,Sales,5,-2,Technical Degree,-4,1051,-1,Male,70,-2,0,Manager,7,Married,11902,11033,6,Y,Yes,16,-1,3,75,4,18,1,1,7,6,-2,5
38,No,Travel_Rarely,532,Research & Development,-1,1,Technical Degree,5,314,4,Male,53,4,6,Manager,2,Married,19230,4936,0,Y,No,7,5,0,82,2,25,-2,0,21,13,15,19
28,No,Travel_Rarely,588,Research & Development,1,1,Medical,1,4,3,Male,44,4,3,Laboratory Technician,2,Married,3468,16635,6,Y,No,7,5,4,76,4,3,2,4,4,0,1,1
30,No,Non-Travel,1112,Research & Development,30,7,Medical,0,1050,4,Female,71,3,-3,Laboratory Technician (Modified),4,Single,4022,11134,9,Y,No,15,5,1,79,1,13,3,-1,7,2,9,5
37,Yes,Travel_Rarely,1328,Research & Development,5,5,Life Sciences,2,1649,4,Male,72,0,0,Laboratory Technician,-1,Single (Modified),2161,3335,7,Y,Yes,11,-2,6,83,4,9,1,1,4,0,-2,1
37,No (Modified),Travel_Frequently,841,Research & Development,12,3,Medical,-2,1002,2,Male,67,-2,3,Research Director,2,Divorced (Modified),19423,3737,3,Y (Modified),No,19,-1,0,77,2,18,1,7,18,15,3,7
31,No,Non-Travel,1497,Research & Development,-1,3,Technical Degree,2,208,5,Male,36,3,-3,Manufacturing Director,2,Married,4317,26284,3,Y,No,16,4,-4,81,-4,6,-3,6,13,6,3,7
38,No,Travel_Rarely,372,Research & Development,10,-3,Life Sciences,5,1724,-1,Female,96,-2,4,Manufacturing Director,5,Married,6520,5044,6,Y,Yes,16,1,4,80,2,17,7,1,-3,-2,0,-1
30,No,Travel_Rarely,438,Research & Development,20,0,Medical,4,225,2,Male,41,-2,-1,Research Scientist,-1,Married,2710,6668,1,Y,No,7,1,6,78,-3,6,-1,-2,0,1,1,2
33,No (Modified),Travel_Frequently,887,Research & Development,10,0,Medical,5,398,-2,Male (Modified),52,-2,4,Research Scientist,3,Married,2322,11414,0,Y,Yes,14,-1,-1,84,5,5,-2,3,0,6,5,6
49,No,Travel_Rarely,1313,Research & Development,24,7,Medical,-3,196,3,Male,87,4,-2,Research Scientist,8,Single,3450,9755,6,Y,No,11,-1,6,80,4,9,4,4,10,1,4,-1
59,No,Travel_Rarely,1431,Research & Development,17,5,Medical,-2,1285,3,Male,66,5,7,Manufacturing Director,4,Single (Modified),10516,19998,10,Y,No,11,2,3,76,-4,24,8,-2,12,10,8,0
33,No,Travel_Rarely (Modified),657,Research & Development,28,2,Medical,-1,795,5,Female,66,4,4,Healthcare Representative,3,Married,4336,25544,6,Y,No,8,1,0,84,5,9,-2,-1,11,8,1,-3
37,No,Travel_Rarely,310,Sales,11,2,Life Sciences,-4,1101,3,Female,90,-1,-3,Sales Executive,5,Divorced (Modified),6691,24223,1,Y,Yes,11,3,3,75,-1,10,7,-1,5,-1,0,-5
31,No,Non-Travel,115,Sales,-1,-1,Medical,1,128,2,Male (Modified),44,6,2,Sales Executive,7,Married,4225,8859,4,Y,No,10,5,-1,76,-1,1,4,6,2,8,-3,6
41,No (Modified),Non-Travel,923,Research & Development (Modified),21,0,Medical,5,266,7,Female,39,3,-2,Manufacturing Director,6,Divorced (Modified),5262,16440,0,Y,No,13,5,-2,78,-2,12,3,-1,5,2,0,6
30,No,Travel_Rarely,1158,Research & Development,20,2,Technical Degree,4,229,-2,Male,50,-1,-3,Research Scientist,-1,Married,3061,13367,4,Y,Yes,14,5,3,75,-3,8,1,-1,5,5,0,0
29,No,Travel_Rarely,1366,Research & Development,4,-1,Medical,3,1584,5,Male,85,6,3,Laboratory Technician,3,Single,4722,16209,-4,Y,Yes,16,1,8,81,3,5,0,-2,5,11,-3,7
38,No,Travel_Rarely,470,Research & Development,-2,2,Life Sciences,3,337,8,Male,80,5,2,Manufacturing Director,1,Married,5956,23683,3,Y,No,16,3,5,80,-2,12,1,3,7,7,8,13
31,No,Travel_Rarely (Modified),269,Research & Development,5,1,Technical Degree,5,842,2,Male,41,1,6,Research Director,2,Divorced,12812,8839,0,Y,Yes,12,3,5,80,-2,13,-2,-2,5,12,3,5
53,No,Travel_Rarely,1272,Research & Development,4,5,Technical Degree,-2,941,6,Female,32,2,3,Healthcare Representative,-3,Divorced,10556,9253,-3,Y,Yes,11,3,1,80,-4,20,1,7,8,4,0,4
36,No,Travel_Rarely,1145,Human Resources,29,1,Life Sciences,3,2044,4,Female,33,-1,4,Human Resources (Modified),8,Single,8836,16637,5,Y,Yes,13,6,2,81,0,7,3,4,11,-4,4,8
31,No (Modified),Travel_Rarely,977,Sales (Modified),12,5,Marketing,0,1754,-1,Male,96,-1,2,Sales Executive,0,Divorced (Modified),7138,3092,3,Y,No,10,0,-3,80,-1,12,-3,4,3,10,-3,2
23,No,Travel_Rarely,377,Research & Development,-2,6,Life Sciences,-3,1266,2,Male,46,6,-1,Research Scientist,-2,Married,1221,16902,1,Y,No,17,1,0,79,-4,3,3,7,-2,-1,2,-4
34,No (Modified),Travel_Rarely,616,Research & Development,12,7,Medical,-4,960,5,Female,38,1,4,Healthcare Representative,0,Married,5856,17372,-4,Y,Yes,13,4,7,78,-1,8,1,3,9,6,3,2
32,No,Travel_Rarely,1467,Research & Development,10,-2,Medical,4,1642,3,Female,67,-1,1,Research Scientist,2,Married,3934,9949,-1,Y,No (Modified),14,6,3,80,-4,11,1,2,4,1,3,3
39,No,Travel_Rarely,1029,Sales,11,5,Marketing,-4,327,4,Female (Modified),84,0,2,Manager,7,Married (Modified),16067,7740,1,Y,Yes,25,0,0,79,-2,20,5,-2,20,10,-4,9
20,No,Travel_Rarely,1378,Sales,12,4,Other,-3,2021,4,Female (Modified),89,6,-2,Sales Executive,4,Divorced,4905,13682,3,Y,Yes,19,8,-2,84,2,4,7,4,0,2,4,-1
13,No,Non-Travel,1428,Research & Development (Modified),16,6,Medical,3,1834,-3,Female,32,-1,-2,Research Scientist,7,Single,1516,8020,0,Y,No,16,6,-2,77,4,0,4,2,0,2,-2,-3
38,No,Travel_Frequently,1397,Research & Development,25,4,Medical,-1,204,0,Female,49,-1,5,Research Scientist,-2,Divorced,5605,8507,4,Y,No,6,7,-4,83,5,18,3,3,23,8,-1,15
41,No,Travel_Rarely,340,Sales,7,4,Marketing,-2,1904,1,Female,53,4,5,Sales Executive,4,Married,4393,26839,0,Y,No,17,8,-2,83,3,15,1,0,3,8,-3,1
52,No,Travel_Rarely,176,Sales,8,8,Technical Degree,3,1136,-1,Male,54,-3,6,Sales Executive,3,Married,13115,11879,5,Y,No,13,4,5,78,-1,24,0,1,6,6,-1,0
44,No,Travel_Rarely,563,Research & Development,3,0,Medical,3,1007,4,Male,77,3,0,Manufacturing Director,-1,Divorced,10840,24206,4,Y,No,16,6,0,79,2,11,5,2,8,4,-3,7
50,No,Travel_Rarely,1452,Research & Development,12,4,Life Sciences,-2,230,5,Female,57,-2,4,Manager,0,Single,19929,17051,6,Y (Modified),No,10,4,1,84,-5,23,2,3,3,8,7,8
39,No,Travel_Rarely,1406,Sales,3,7,Life Sciences,-4,1956,-4,Male,56,0,-4,Sales Representative,2,Single,2862,11477,7,Y,No,17,1,-4,76,-1,18,6,5,-1,-2,-5,2
59,No,Non-Travel,1419,Human Resources,-2,0,Human Resources,-1,136,4,Female,35,1,0,Manager,3,Married,18848,21924,5,Y,No,18,8,-1,83,2,31,4,-1,0,5,3,4
41,No (Modified),Travel_Rarely,1189,Research & Development,-1,1,Life Sciences,4,1817,6,Female,55,4,-2,Healthcare Representative,-1,Divorced,6509,9059,6,Y,No,15,4,7,77,-3,8,7,7,2,-2,2,0
37,No,Travel_Rarely,1101,Research & Development,2,5,Medical,-1,1506,0,Female,82,3,3,Laboratory Technician,1,Married,3836,8195,7,Y,No,14,3,0,81,1,9,8,4,2,5,0,1
23,No,Travel_Frequently,924,Research & Development,-4,4,Medical,-2,1070,1,Female,63,2,5,Research Scientist,-1,Divorced,2006,25262,0,Y,No,13,3,1,82,6,3,7,6,1,0,1,-1
19,Yes,Travel_Rarely,486,Human Resources,-3,-3,Technical Degree,2,564,-2,Male,51,5,5,Human Resources (Modified),8,Single,2562,18435,-4,Y,No,7,6,4,82,-1,-4,0,5,-1,-1,-1,0
20,No,Travel_Frequently,534,Sales,27,7,Medical,-1,636,6,Male,39,2,-3,Sales Representative,8,Married,2400,5531,-2,Y,No,14,6,7,82,1,4,-2,2,3,4,6,4
47,Yes,Travel_Rarely,1372,Sales (Modified),9,2,Marketing,-1,1184,4,Female,85,4,-1,Sales Executive,3,Single,5343,9486,4,Y,No,16,0,3,81,-3,11,-3,5,0,3,3,-1
37,No (Modified),Travel_Rarely,947,Research & Development,4,4,Other,3,840,6,Male (Modified),60,2,1,Manufacturing Director,3,Single (Modified),10216,18870,1,Y,No,17,5,-2,76,-5,19,1,5,5,9,1,5
56,No,Travel_Rarely,1306,Research & Development,5,-2,Life Sciences,0,506,4,Female,93,1,0,Manager,0,Single,16661,23260,4,Y,Yes (Modified),15,1,6,75,0,32,-1,4,8,2,-4,6
46,No (Modified),Travel_Rarely,703,Sales,18,5,Marketing,-1,725,7,Male,37,-1,4,Sales Executive,4,Single,4955,11821,0,Y,No,15,7,3,81,3,21,3,-2,7,7,-3,2
42,No,Non-Travel,331,Research & Development,24,6,Life Sciences,-4,1975,1,Male,32,6,0,Research Scientist,2,Single,4327,14810,-2,Y,No,15,4,6,75,1,24,-1,6,18,6,4,11
53,No,Travel_Rarely,466,Research & Development (Modified),5,0,Life Sciences,-4,1656,4,Female,36,1,3,Healthcare Representative,-2,Married,13966,11651,3,Y (Modified),Yes (Modified),20,7,5,84,-4,27,1,2,12,10,-2,10
52,No (Modified),Travel_Rarely (Modified),580,Research & Development,26,2,Medical,-1,1666,0,Female,87,7,1,Manager,2,Married,17428,18685,3,Y,No,24,5,5,82,5,40,8,-1,7,8,5,8
34,No,Travel_Rarely,1386,Human Resources,4,7,Life Sciences (Modified),3,911,3,Female (Modified),45,0,6,Human Resources,5,Married,5202,7794,7,Y,No,15,3,1,75,1,16,-3,0,3,-1,2,-1
48,No,Travel_Frequently,1192,Research & Development,2,1,Medical,0,1499,-1,Male,87,7,2,Manufacturing Director,3,Single,10206,19714,3,Y,Yes,13,0,2,80,-3,11,0,5,2,4,2,-1
37,No,Travel_Frequently,1299,Research & Development,8,1,Life Sciences,0,1595,4,Male,75,2,0,Laboratory Technician (Modified),2,Married,5558,19712,3,Y,Yes,10,3,-1,82,1,11,-1,-2,-2,4,-5,-2
27,No,Travel_Rarely,955,Sales,9,1,Marketing,-1,1969,5,Male,39,-1,-3,Sales Executive,7,Single,4101,5097,-1,Y,No,11,6,1,81,3,4,7,2,11,10,-1,9
41,No (Modified),Travel_Frequently,319,Sales,2,1,Marketing,0,308,4,Male,45,2,4,Sales Representative,1,Divorced,2793,2542,5,Y,No,19,2,7,81,2,13,1,7,13,10,7,9
25,No,Travel_Rarely,150,Research & Development,17,2,Life Sciences,1,16,7,Female,53,-2,3,Laboratory Technician,6,Single,4191,12682,4,Y,Yes,7,6,0,83,-3,12,0,-2,7,4,-4,5
30,No,Non-Travel,1373,Sales (Modified),5,2,Life Sciences,5,1775,-1,Male,86,4,1,Sales Executive,3,Divorced,4002,12312,5,Y,Yes,10,2,2,81,3,13,-1,4,16,9,-1,5
35,No,Travel_Rarely,1298,Research & Development,-1,1,Life Sciences,-1,576,6,Male,64,0,4,Research Scientist,3,Divorced,2767,8411,2,Y,No,12,-2,2,77,4,18,4,0,9,5,1,6
55,No,Travel_Rarely,843,Research & Development,27,7,Life Sciences,-4,1308,5,Male,89,-2,4,Research Scientist,-2,Divorced,2367,26072,0,Y,No,14,-2,-1,81,-1,1,-2,-1,3,1,4,6
25,Yes,Travel_Rarely,321,Research & Development (Modified),10,0,Other,0,451,-3,Male,72,1,5,Laboratory Technician (Modified),-1,Married,2120,4757,4,Y,Yes (Modified),13,6,2,83,-1,8,8,0,8,4,-4,9
28,Yes,Travel_Rarely,1431,Research & Development,1,7,Technical Degree,0,63,-1,Male,47,-1,0,Laboratory Technician,7,Single,3444,11174,-4,Y,Yes,17,3,2,81,0,1,1,3,4,6,-3,3
34,No (Modified),Travel_Rarely,1350,Research & Development,5,7,Medical,-3,150,7,Female,42,2,5,Manager,4,Single,11626,5615,-2,Y (Modified),No,8,1,3,75,4,14,9,0,6,6,9,8
44,No,Travel_Rarely,1240,Research & Development,1,2,Life Sciences,-2,668,6,Female,37,0,3,Manager,-4,Married (Modified),15401,18001,6,Y,No,13,2,-3,75,5,23,4,5,-2,1,2,-1
38,No,Travel_Rarely,834,Research & Development,19,0,Other,2,1873,0,Male,42,1,4,Research Scientist,8,Divorced,3905,5140,5,Y,No,11,3,4,77,7,11,-2,-1,-3,5,5,-2
36,No,Travel_Rarely,855,Research & Development,5,-1,Life Sciences,2,825,0,Female (Modified),97,-2,-1,Manufacturing Director,-1,Married,6157,19119,-4,Y,No (Modified),16,-1,1,77,-3,11,6,6,18,8,10,8
53,No,Travel_Rarely,1462,Research & Development,-1,3,Medical,-1,1057,-2,Male,64,6,6,Research Director,1,Married,19235,12851,5,Y,Yes,9,5,8,78,2,30,1,-1,10,2,6,2
27,No,Travel_Rarely,1350,Human Resources (Modified),27,-4,Life Sciences (Modified),5,177,7,Female,63,2,2,Human Resources,1,Married,2942,8920,1,Y (Modified),No,24,0,0,83,1,4,6,6,11,11,5,6
49,Yes,Travel_Frequently,878,Sales,1,-1,Life Sciences,-2,2046,3,Male,94,2,-1,Sales Executive,4,Divorced,6725,14259,10,Y,No,14,2,6,76,-1,14,4,3,7,6,-5,4
46,No,Travel_Rarely,304,Research & Development,18,4,Other,2,1652,-3,Female,74,3,0,Research Director,6,Married,16412,3497,1,Y,No,19,0,4,77,2,29,2,4,5,0,3,-1
36,No,Travel_Rarely,163,Research & Development,11,7,Life Sciences,0,2021,-1,Female,43,-1,7,Research Director,3,Married,13740,15472,4,Y,Yes,25,4,-4,77,0,12,-2,1,13,10,4,10
29,Yes,Non-Travel,1363,Research & Development,21,-3,Technical Degree,0,1081,2,Male,67,2,-2,Healthcare Representative (Modified),4,Single,8725,12352,-3,Y,No,8,7,-3,83,-2,6,-3,-2,10,7,-1,7
21,No (Modified),Travel_Rarely,882,Research & Development,17,0,Medical,1,1361,1,Male,68,1,0,Laboratory Technician,0,Married,3668,9073,-1,Y,No,6,0,4,77,3,6,2,-1,6,0,-2,-1
50,No,Travel_Rarely,1314,Sales,13,2,Marketing (Modified),2,1756,4,Female,79,-2,-3,Sales Executive,1,Single,4504,8189,2,Y,No,14,3,6,81,0,6,-1,3,0,-1,-1,7
23,No,Non-Travel,282,Human Resources,1,3,Life Sciences,5,1854,-1,Male,40,-2,-4,Human Resources,0,Divorced,2709,10494,3,Y,No,14,1,1,76,2,-2,1,4,7,5,0,2
27,Yes,Travel_Frequently,663,Sales,2,7,Life Sciences,-4,1428,0,Female (Modified),47,-1,4,Sales Representative (Modified),5,Single,1362,16152,2,Y,No,9,3,3,75,4,-4,-1,6,-2,-4,1,-2
34,No,Travel_Frequently,500,Research & Development,-1,8,Technical Degree,4,342,0,Female,60,2,5,Healthcare Representative,1,Single,10939,6424,-3,Y,No,27,4,-1,83,-4,23,2,2,17,5,7,12
50,No,Travel_Rarely,1046,Research & Development,14,0,Technical Degree,-4,488,7,Male,99,2,-2,Healthcare Representative,3,Single,10500,2759,6,Y,No,18,0,0,81,0,18,6,-2,1,1,-4,4
37,No,Travel_Rarely,1177,Sales,2,4,Marketing,3,1422,-4,Female,99,6,0,Sales Executive,-1,Single,9275,20763,0,Y,Yes,16,3,7,75,2,11,1,6,2,1,2,2
48,Yes,Travel_Frequently (Modified),424,Research & Development,1,3,Medical,4,1796,4,Male,94,0,0,Research Scientist,-3,Divorced,2345,11096,5,Y,Yes,7,1,6,76,0,8,-1,1,1,-1,-2,7
24,Yes,Travel_Rarely (Modified),1476,Sales,12,2,Marketing,5,1934,6,Female,86,-2,4,Sales Executive (Modified),-1,Single,9856,23354,7,Y,Yes,7,3,4,81,-2,4,-5,2,-1,-2,-3,1
30,No (Modified),Travel_Frequently,856,Research & Development,5,2,Life Sciences,1,1008,7,Female,93,2,5,Manufacturing Director,-3,Married,4152,11270,0,Y,No,14,3,2,80,-4,-1,-3,-2,4,-1,-1,0
38,No,Travel_Rarely,552,Research & Development,11,5,Medical,5,1024,-1,Female,37,-1,3,Manufacturing Director,1,Single,5005,23366,3,Y,No,9,3,0,81,2,6,3,6,2,2,2,4
49,No,Non-Travel,149,Sales,3,4,Life Sciences,-2,1044,0,Female,90,-1,3,Sales Executive,0,Married,6349,24920,1,Y,No,14,-1,3,84,5,16,2,-2,19,8,-4,11
25,No,Travel_Frequently,296,Research & Development,11,2,Life Sciences,3,737,4,Male,33,-2,-2,Manufacturing Director,-2,Divorced,8797,4804,4,Y,No,17,7,1,79,-2,6,7,0,13,7,5,10
32,No (Modified),Travel_Rarely,241,Research & Development,11,1,Medical,1,1612,-2,Male,47,3,2,Research Scientist,6,Married,2142,5350,1,Y,No,7,4,6,75,3,6,6,-3,1,4,0,-2
35,No (Modified),Travel_Frequently,1397,Research & Development,3,0,Medical,2,1933,4,Female,58,6,6,Research Scientist,-2,Divorced,2134,18111,4,Y,Yes,18,7,2,79,1,23,7,5,21,14,-4,10
34,No,Non-Travel,1385,Sales,4,-1,Marketing,1,519,3,Female (Modified),75,-2,3,Sales Executive,5,Married,6540,12737,6,Y (Modified),No,16,3,3,82,-4,7,-1,6,2,-1,0,-1
24,No,Travel_Rarely,694,Research & Development,20,4,Medical,1,637,6,Male,91,8,-4,Research Scientist,4,Married (Modified),2721,21634,5,Y,Yes (Modified),13,2,-1,77,3,4,4,1,4,6,-2,5
42,No,Travel_Frequently,676,Research & Development,10,1,Medical,4,444,2,Male,51,4,0,Manager,6,Married,19270,21138,-4,Y,No,12,1,5,78,3,22,2,3,25,9,10,3
37,No (Modified),Non-Travel,792,Research & Development,-2,6,Life Sciences,-1,1739,5,Male,78,5,3,Laboratory Technician,3,Married,6472,8989,-4,Y,Yes,15,6,3,77,2,9,2,5,4,9,1,3
28,No,Non-Travel,322,Research & Development,0,-1,Medical,5,2056,3,Male,70,7,0,Manufacturing Director (Modified),-1,Single,9940,3788,2,Y,No,21,5,5,81,4,9,4,4,10,5,-2,2
51,No (Modified),Travel_Rarely,1182,Research & Development,29,3,Medical,5,1989,0,Male,87,5,3,Healthcare Representative,6,Single,8634,13085,-2,Y,No,25,5,-2,81,-3,28,6,1,16,9,16,6
42,No,Travel_Frequently,525,Research & Development,-1,2,Life Sciences,1,120,6,Male,76,4,3,Healthcare Representative,-2,Married,13498,14113,1,Y (Modified),No (Modified),24,2,1,80,1,22,6,4,21,5,13,11
43,No,Travel_Rarely,1319,Sales,0,1,Technical Degree,4,1867,5,Female,48,8,4,Sales Executive,-3,Divorced,13223,7741,-1,Y,No,16,-2,8,81,5,28,3,2,23,18,6,9
26,Yes,Travel_Rarely,412,Research & Development,27,0,Technical Degree,-1,565,-1,Female,66,6,-1,Research Scientist (Modified),-2,Married,2541,18301,2,Y,No,16,5,3,80,-5,9,-3,7,-1,5,4,2
31,Yes,Travel_Rarely,528,Research & Development,-2,2,Other,2,782,2,Male,64,5,2,Research Scientist,1,Single (Modified),2690,5208,-2,Y,Yes,14,5,2,84,-5,12,4,-1,8,6,5,10
40,No (Modified),Travel_Rarely,832,Research & Development,18,2,Other,-1,1875,-1,Male,39,5,5,Research Scientist (Modified),0,Divorced,3905,5143,8,Y,No,9,0,0,84,6,2,-3,1,6,2,6,-3
36,No,Travel_Frequently,377,Sales,7,-3,Life Sciences,-4,884,-3,Male,46,-2,4,Sales Executive,3,Married,6520,8887,-4,Y,No,13,2,0,81,1,5,5,6,12,7,5,-2
31,No,Travel_Rarely,1420,Research & Development,5,-1,Life Sciences,5,1507,2,Male,69,4,-4,Research Scientist,7,Divorced (Modified),1565,12528,4,Y,No,11,0,6,84,2,1,3,-3,3,0,-4,-1
47,No,Travel_Rarely,523,Research & Development,11,3,Other,2,942,0,Female,51,0,3,Laboratory Technician (Modified),6,Married,7401,22476,7,Y,No (Modified),15,2,2,79,2,31,-1,-3,22,7,-2,3
26,Yes,Travel_Rarely,920,Human Resources,19,-1,Medical,2,1819,6,Female (Modified),66,-2,1,Human Resources,4,Married,2149,6891,-4,Y,Yes,12,4,0,84,-3,10,0,1,4,2,2,3
27,No,Travel_Rarely,689,Research & Development,3,2,Life Sciences,5,1265,1,Female,83,-3,-1,Research Director,1,Divorced,16121,3425,-1,Y (Modified),No,17,7,3,77,5,11,2,4,11,7,4,5
38,No,Travel_Rarely,335,Sales,13,-3,Marketing (Modified),-1,1904,5,Male,28,-3,-2,Sales Executive,1,Married,5505,16820,-3,Y,No,18,-2,6,83,1,9,1,-1,2,5,1,4
56,No,Travel_Rarely,700,Research & Development,4,8,Life Sciences,5,260,3,Male,68,1,2,Manager,1,Married,19997,5675,3,Y,No,13,7,1,76,3,32,9,-2,32,22,13,10
49,No,Travel_Rarely,734,Research & Development,-3,3,Medical,-2,1791,-2,Male,43,0,4,Research Director (Modified),6,Divorced,19326,14221,3,Y,Yes,13,0,0,77,3,25,-2,-2,2,-2,0,3
44,No,Travel_Rarely,820,Research & Development,6,-2,Medical,2,1864,-1,Female,81,-1,9,Manager,1,Married (Modified),19395,22540,11,Y,No,9,2,6,80,4,25,-2,5,13,7,7,14
44,No,Travel_Frequently,1181,Sales (Modified),4,5,Medical,0,1212,1,Male,62,6,1,Sales Executive,4,Married,4324,25439,0,Y,No,10,6,6,76,2,6,1,-1,3,-3,-4,-2
31,No,Travel_Rarely,1305,Research & Development,23,-1,Other,2,1623,7,Male,62,-1,5,Laboratory Technician,-2,Divorced,4068,16291,-2,Y,No,13,7,-2,76,-2,3,7,3,7,9,-4,5
52,No,Travel_Rarely,968,Research & Development,4,0,Life Sciences (Modified),1,729,3,Male,59,3,8,Research Director,7,Married,14815,13515,-1,Y,No,17,3,6,75,-3,31,0,2,1,-3,-3,2
25,No,Travel_Rarely,837,Research & Development,8,5,Other,4,166,-2,Female,48,-2,-1,Research Scientist,-2,Married,2364,23301,-1,Y,No,16,-2,2,76,-2,7,4,-1,8,5,0,4
51,No,Travel_Rarely,1098,Research & Development,5,-1,Medical,0,1255,-1,Male (Modified),87,1,1,Manager,0,Married,18706,12119,2,Y,No,16,1,1,83,0,20,-3,6,0,2,2,3
41,No,Travel_Rarely,447,Research & Development (Modified),1,1,Life Sciences,-4,631,2,Female,60,4,2,Manufacturing Director,0,Married,6448,15700,8,Y,No,9,-1,-1,81,3,12,4,6,9,8,-1,-2
39,No,Travel_Rarely,345,Sales,17,1,Marketing,-2,869,2,Male (Modified),61,2,-3,Sales Executive,0,Divorced,6334,24557,5,Y,No,14,7,8,79,0,6,3,3,-2,-1,-1,3
53,No,Non-Travel,880,Research & Development,6,4,Life Sciences,5,900,4,Male,100,2,5,Manager,1,Divorced,17920,4543,0,Y,No,12,4,7,80,-2,35,4,-1,31,5,17,4
43,No,Travel_Rarely,935,Research & Development,2,-2,Life Sciences,-3,824,3,Female,39,4,1,Manufacturing Director,6,Married,6062,4053,6,Y,Yes,14,7,3,83,-4,11,7,7,5,4,1,0
39,No,Travel_Rarely,1190,Sales,-2,0,Life Sciences,-2,154,3,Male,87,6,6,Sales Executive (Modified),2,Single,7425,14504,2,Y,No,9,-1,1,78,1,12,-2,6,8,3,4,5
50,No,Travel_Rarely,487,Sales,17,5,Life Sciences,1,1552,-2,Female,91,-2,-2,Sales Executive,1,Divorced,6437,13691,5,Y,No,9,5,5,77,2,17,0,-2,9,9,5,11
63,No (Modified),Travel_Rarely,710,Research & Development,5,5,Life Sciences,-2,1033,5,Female,72,-3,4,Manufacturing Director (Modified),5,Single,13721,21830,2,Y,Yes,17,1,5,78,1,34,3,5,1,3,0,7
43,No,Travel_Rarely,405,Research & Development,0,8,Technical Degree,2,716,5,Female,77,-3,2,Healthcare Representative,4,Single (Modified),4550,20978,1,Y (Modified),No,8,-1,-4,79,-3,24,3,2,20,3,15,7
22,No (Modified),Travel_Rarely,1349,Research & Development (Modified),-3,1,Technical Degree,5,1930,-1,Male,39,6,3,Research Scientist,5,Married,2225,6071,4,Y,No,15,0,5,82,-2,8,4,-1,9,4,1,3
33,No,Travel_Rarely (Modified),393,Research & Development,5,0,Medical,-3,1639,5,Female,49,-3,6,Manufacturing Director (Modified),0,Married,7751,14203,4,Y,Yes,22,-1,-1,84,-3,10,9,3,1,7,2,5
35,Yes,Travel_Frequently,700,Sales,1,3,Life Sciences,3,1380,0,Female,92,1,2,Sales Representative,3,Single (Modified),2782,11884,6,Y,No,14,3,0,82,1,6,3,-1,-3,-3,1,2
32,No,Travel_Rarely,933,Research & Development,14,6,Medical,-3,253,0,Female,70,-1,4,Research Scientist,0,Married,2756,4674,5,Y,No (Modified),14,1,5,78,1,9,7,0,3,3,0,5
57,Yes,Travel_Rarely,307,Research & Development,4,1,Technical Degree (Modified),1,2036,6,Male,71,2,0,Laboratory Technician (Modified),4,Married,2340,3663,6,Y,No,12,6,3,79,-4,12,6,-4,8,9,5,4
17,No,Non-Travel,290,Research & Development,5,4,Life Sciences,2,1007,-3,Male (Modified),76,7,-3,Research Scientist,-1,Single,1048,13488,-2,Y,No,13,3,-1,80,1,2,5,0,-4,-3,1,2
46,No,Non-Travel,538,Sales,-2,6,Marketing,2,1735,6,Male,82,0,4,Sales Executive,2,Married,4976,3537,5,Y,No (Modified),6,1,7,82,4,-1,3,1,-2,-1,0,-3
49,No,Travel_Frequently,1034,Research & Development,13,-1,Medical,-3,620,-3,Female,85,3,7,Healthcare Representative,2,Married,10528,8984,9,Y,No,13,5,0,77,2,31,1,-2,6,3,-1,4
43,No,Travel_Rarely (Modified),1263,Research & Development,4,6,Life Sciences,1,892,-2,Female,93,8,2,Laboratory Technician,4,Married,5227,23727,6,Y,Yes,16,6,2,84,2,19,-2,-1,3,7,-1,3
25,No,Travel_Frequently,892,Human Resources,6,-1,Medical,-1,1742,-4,Male,59,4,1,Human Resources,2,Married,2146,2094,-1,Y,No,15,5,8,76,-3,2,-2,1,5,5,2,-1
45,No,Non-Travel,271,Sales,13,-1,Life Sciences,5,602,4,Male,59,3,3,Sales Executive (Modified),3,Single,6229,13427,5,Y,No,14,-1,7,76,-2,11,2,3,17,-2,4,8
38,Yes,Travel_Rarely,1214,Sales,12,6,Life Sciences,-4,26,5,Male,77,5,1,Sales Representative,3,Single (Modified),3403,6983,11,Y,No,25,7,1,81,-4,8,6,3,4,5,4,5
42,No,Travel_Rarely,1096,Sales,7,1,Marketing,3,1270,4,Male,85,0,0,Manager,0,Married,18216,8750,8,Y,No,13,-1,4,81,-4,24,7,1,21,6,4,13
29,No,Non-Travel,529,Sales,13,-1,Life Sciences (Modified),5,1681,1,Female,33,-1,-3,Sales Executive,2,Divorced,5368,16127,5,Y (Modified),Yes (Modified),24,0,4,76,-3,4,2,1,7,4,5,1
28,Yes,Travel_Frequently,702,Sales,6,4,Life Sciences,-3,1374,1,Female,93,2,3,Sales Representative,0,Single,2786,11883,5,Y,No,15,2,5,76,-1,-2,2,6,-2,-1,0,-4
42,No,Travel_Rarely,251,Research & Development (Modified),4,7,Other,2,332,-2,Male,74,7,4,Manager,1,Married,19197,15966,-1,Y,No,10,7,1,77,4,23,1,6,26,-5,4,7
39,No (Modified),Travel_Rarely,529,Sales,-2,6,Life Sciences,-2,1705,5,Female (Modified),47,0,3,Sales Representative,6,Single,4501,7437,0,Y (Modified),No,19,5,-1,78,3,18,0,-2,9,11,3,2
38,No,Travel_Rarely,1494,Research & Development,9,7,Medical,-4,629,6,Female,76,0,1,Healthcare Representative,7,Married (Modified),9819,22176,4,Y,No,14,-1,7,78,-1,21,3,-1,-1,0,2,4
30,Yes,Travel_Rarely,222,Research & Development,-2,6,Technical Degree (Modified),-4,1519,-3,Male,96,2,5,Research Scientist,-1,Single,2357,7569,7,Y,No,14,4,2,80,-5,6,-3,-1,8,8,3,7
38,No,Travel_Rarely,1043,Human Resources,12,7,Human Resources,-4,826,2,Male,39,5,2,Human Resources,-1,Married,2139,25531,4,Y,No,11,0,3,76,3,5,4,7,7,0,3,5
49,Yes,Travel_Rarely,602,Research & Development,-1,9,Technical Degree,3,1568,-1,Female,80,6,7,Manufacturing Director (Modified),5,Married,10169,14614,-1,Y,No,12,6,0,81,5,30,2,1,36,10,4,13
22,Yes,Travel_Rarely,1449,Sales,-2,5,Technical Degree,-2,558,-3,Female (Modified),59,-2,3,Sales Representative,6,Single (Modified),3200,21972,3,Y,Yes,14,5,-1,76,-3,4,5,7,9,0,-2,0
19,Yes,Travel_Rarely,1296,Research & Development,12,4,Medical,2,1778,2,Female,83,7,-1,Laboratory Technician,-4,Married,2395,15998,-3,Y,Yes,12,-1,2,83,3,-2,10,2,3,2,-1,-2
35,No,Travel_Frequently,214,Research & Development,25,3,Life Sciences,-4,12,8,Male (Modified),39,-3,6,Manufacturing Director,6,Single (Modified),9529,8785,4,Y (Modified),No,16,3,-1,75,-1,6,-2,7,4,2,-4,11
34,No,Non-Travel,979,Research & Development,-4,4,Medical,2,305,-2,Male (Modified),89,-1,-3,Manufacturing Director,0,Married,4345,4384,4,Y (Modified),No,14,2,8,76,-4,3,0,7,8,7,2,7
41,No,Travel_Rarely,896,Human Resources,5,-1,Medical,-4,1546,-2,Male,41,2,7,Manager (Modified),3,Single,16441,17382,-3,Y,Yes,21,4,5,75,-1,20,3,6,18,8,9,4
18,No,Travel_Rarely,1181,Research & Development,7,-2,Medical,-3,205,-1,Female,77,7,-4,Laboratory Technician (Modified),4,Single,1479,16103,5,Y,No,9,1,3,82,-1,5,0,5,2,-3,1,1
31,No,Travel_Rarely,1219,Research & Development,8,2,Life Sciences,3,436,-1,Female,80,1,4,Research Scientist,3,Single,2479,20935,5,Y,Yes,10,2,4,76,4,1,2,-2,1,2,1,-1
52,No,Travel_Rarely (Modified),968,Research & Development,-2,0,Medical,2,1421,7,Female,56,0,0,Research Director,1,Single,17330,5647,1,Y,No,18,6,5,82,-2,28,6,2,21,8,16,5
17,Yes,Non-Travel,247,Research & Development,3,-4,Medical,1,1157,7,Male,79,5,-2,Laboratory Technician,-2,Single,1901,13554,5,Y (Modified),No,7,-1,0,77,-2,4,-1,0,4,-1,-3,-5
25,No,Travel_Rarely,1083,Research & Development (Modified),10,0,Medical (Modified),3,1708,4,Female,39,7,4,Laboratory Technician,7,Married,2969,25410,12,Y,No,20,4,0,79,-2,4,6,-1,6,0,1,1
58,No,Travel_Rarely,1426,Research & Development,17,3,Medical,3,1282,5,Male,68,0,-1,Manufacturing Director,2,Single,10508,20003,7,Y,No,11,-2,3,80,0,21,9,0,8,11,7,1
31,No,Travel_Frequently,852,Research & Development,4,-3,Life Sciences,0,1012,3,Female,91,4,4,Manufacturing Director,3,Married,4149,11276,5,Y,No,11,4,6,75,2,6,-3,-1,3,6,3,-2
38,No,Travel_Rarely,730,Sales,4,-1,Medical,4,1918,8,Female,72,-2,4,Sales Executive,5,Married,8102,16492,-1,Y,Yes (Modified),12,0,2,83,0,4,1,5,8,6,-3,-2
33,No,Travel_Frequently,631,Research & Development,1,7,Other,-1,1180,7,Male (Modified),46,1,0,Laboratory Technician,0,Married,2375,26535,0,Y,No,9,-2,0,81,4,-2,3,7,1,2,3,-2
30,No,Travel_Rarely,861,Sales,1,1,Medical,3,1465,7,Male (Modified),80,6,2,Sales Executive,1,Single,8461,23486,1,Y,No,15,7,0,77,-2,6,1,0,9,5,-3,2
35,No (Modified),Travel_Rarely,117,Sales,16,2,Life Sciences,2,862,3,Male,71,4,-2,Sales Executive,3,Divorced,4398,9245,1,Y,No,8,5,-2,78,-3,11,-1,4,8,-2,0,1
34,No,Travel_Rarely,650,Research & Development,1,-2,Life Sciences,0,1094,2,Male,37,-3,-1,Healthcare Representative,7,Divorced,7123,21212,6,Y,No,18,2,3,78,0,7,-1,2,2,6,4,1
25,No,Non-Travel,642,Sales,20,6,Technical Degree,-1,471,2,Female,89,3,3,Sales Executive (Modified),7,Married (Modified),4738,6071,8,Y,Yes,10,-2,2,83,2,4,4,7,-3,0,6,3
41,No,Travel_Rarely (Modified),320,Sales,10,6,Medical,1,382,5,Female,46,4,-2,Sales Executive,2,Divorced,5607,19194,-3,Y (Modified),Yes (Modified),22,7,-2,84,2,11,0,-2,8,-2,3,11
49,No (Modified),Non-Travel,715,Research & Development,21,3,Medical,5,793,0,Male,43,4,-3,Research Scientist,4,Married,4257,26591,-1,Y,No,22,4,1,78,0,0,6,7,3,0,4,-2
33,No,Non-Travel,1061,Sales,22,7,Marketing,3,61,1,Male,69,-2,-1,Sales Executive,6,Single,4564,10036,1,Y,No,15,2,2,78,0,8,2,-1,6,5,5,11
39,No,Travel_Rarely,215,Research & Development,19,6,Other,-2,1883,5,Female,44,0,4,Manufacturing Director,4,Married,4785,25392,-2,Y,Yes,10,5,5,75,3,6,1,-2,1,5,-4,2
29,No,Travel_Rarely (Modified),1212,Sales,3,-1,Medical (Modified),-1,362,-3,Male,76,1,0,Sales Executive,0,Married,6640,3687,1,Y,No,17,7,1,82,-2,10,0,3,-3,-3,0,2
46,No,Travel_Rarely,433,Research & Development,-4,3,Medical,4,1066,-1,Male,38,-2,1,Research Director,5,Divorced,19628,21446,4,Y,No,20,-1,4,83,5,26,-3,7,6,3,6,-3
26,No,Travel_Rarely (Modified),942,Research & Development,-1,0,Medical,5,831,7,Female,51,-2,-2,Manufacturing Director,2,Single,6881,20230,1,Y,Yes,26,0,4,81,2,15,7,5,2,-1,0,-5
23,Yes,Travel_Rarely,1483,Research & Development,12,-2,Life Sciences,5,1174,2,Female,83,2,3,Laboratory Technician,4,Married,2514,22959,-3,Y (Modified),Yes (Modified),7,1,0,78,-1,-2,0,2,4,-1,2,1
36,No,Travel_Rarely,532,Sales (Modified),5,3,Marketing,5,1267,-1,Male,82,-1,3,Sales Executive (Modified),3,Divorced,8383,21710,-4,Y,Yes,16,-1,1,81,2,8,3,5,4,6,-1,12
49,No (Modified),Travel_Rarely,1308,Sales,10,1,Marketing,-2,1756,6,Female,77,-1,4,Sales Executive,6,Single,4507,8186,3,Y,No (Modified),13,3,3,75,3,11,4,6,7,3,1,3
29,No,Travel_Frequently,1415,Sales,-3,1,Medical,4,312,0,Female (Modified),40,-1,5,Sales Executive,0,Married,7920,6600,-4,Y,No,9,5,-1,84,-4,15,3,3,10,9,6,-3
53,No,Travel_Frequently (Modified),334,Research & Development,22,0,Medical,2,1542,1,Male,84,2,0,Research Director,7,Single,14412,24445,-1,Y,Yes,9,-1,2,75,3,33,-2,1,32,2,10,9
33,Yes,Travel_Frequently,658,Sales,16,4,Marketing,5,1383,3,Female,70,4,4,Sales Executive,3,Married,4613,23283,-4,Y,Yes (Modified),14,0,0,82,2,3,2,5,3,4,6,-1
24,No,Travel_Rarely,838,Research & Development,9,6,Other,-3,165,5,Female,49,4,5,Research Scientist,-3,Married,2367,23299,1,Y (Modified),No,21,2,7,77,-5,8,-2,5,8,7,4,-1
44,No,Travel_Rarely,1139,Research & Development,-3,5,Life Sciences,-4,1888,2,Male,97,3,0,Manager,1,Divorced,16827,18990,5,Y,No,12,7,4,82,-3,20,3,0,17,10,7,12
46,No,Travel_Rarely,938,Research & Development,2,7,Technical Degree,5,1784,-4,Female,57,6,0,Manager,6,Married,13119,22981,6,Y,No,9,7,5,79,4,16,5,0,-2,4,-1,1
34,No,Non-Travel,1317,Research & Development (Modified),5,-2,Medical,-1,1991,-1,Male,59,-1,-2,Laboratory Technician (Modified),5,Divorced,2004,20436,5,Y,No,16,-1,2,77,7,2,5,-2,5,4,0,-3
25,No,Travel_Rarely,654,Research & Development,23,5,Medical,-2,790,-2,Female,62,3,5,Healthcare Representative,5,Married,4336,25548,2,Y,No (Modified),12,-1,1,77,0,15,1,5,6,3,-4,3
20,No,Travel_Rarely,160,Research & Development,2,-1,Medical,3,1734,6,Female,49,7,5,Laboratory Technician,3,Single,3295,12862,3,Y,No,8,5,4,77,2,7,5,5,5,3,-1,-1
60,Yes (Modified),Travel_Rarely,288,Research & Development,2,5,Technical Degree,-4,975,2,Male,50,7,3,Research Scientist,2,Single (Modified),2479,26226,2,Y (Modified),No,25,1,3,81,4,9,-1,1,1,-3,3,-1
42,No,Travel_Rarely,757,Sales,2,-2,Marketing,-4,511,5,Female,47,-1,1,Sales Executive,1,Divorced,5713,22554,11,Y,No,7,5,5,84,4,5,7,1,0,4,-2,4
26,No,Travel_Rarely,304,Research & Development,19,1,Life Sciences,-1,1759,-2,Male,59,1,5,Healthcare Representative (Modified),4,Married,5295,9129,7,Y,No,17,4,1,76,5,10,5,0,11,-3,5,11
33,No,Travel_Rarely,1321,Research & Development,18,5,Technical Degree,-4,1261,-2,Female,87,4,2,Research Scientist,4,Married,2583,21644,1,Y,No (Modified),12,2,8,81,-5,4,6,3,2,4,-1,1
60,No,Travel_Frequently,905,Sales,4,4,Life Sciences,3,529,3,Female,81,8,5,Sales Executive,-4,Married,13211,18256,11,Y,No,12,0,2,83,5,34,2,-2,2,11,8,6
34,No,Travel_Rarely,614,Research & Development,6,3,Medical,-1,2064,-1,Male,46,-1,7,Healthcare Representative,0,Married,9986,21460,1,Y,No,16,7,0,80,5,7,7,3,2,3,5,7
45,No (Modified),Travel_Frequently (Modified),1241,Human Resources (Modified),3,0,Medical,-1,639,-3,Male,103,-2,4,Manager,3,Married,18198,7994,-1,Y,No,12,0,0,82,1,27,4,2,34,1,5,4
27,No,Travel_Rarely,1169,Sales,0,1,Medical,-3,1874,0,Female,77,5,4,Sales Representative,-1,Married (Modified),2860,3689,0,Y,No,17,6,5,75,-1,4,7,2,-3,1,2,3
49,No,Travel_Rarely,245,Sales,6,4,Marketing,-2,899,1,Female,32,3,-1,Sales Executive,7,Married,4533,17787,-3,Y,Yes,24,8,-2,81,-2,11,2,-2,8,5,7,9
30,No,Non-Travel,874,Research & Development,5,0,Medical,-2,1297,-2,Female,70,-2,6,Manufacturing Director,2,Single,4699,12855,8,Y (Modified),Yes,18,0,6,76,-4,5,-1,1,12,3,0,10
33,No,Travel_Rarely,667,Research & Development,21,-1,Life Sciences,-1,16,4,Male,33,5,2,Research Scientist,4,Divorced,2913,15173,4,Y,No,18,-2,5,81,4,8,3,6,1,5,2,3
39,No,Travel_Rarely,911,Research & Development (Modified),19,-1,Life Sciences,1,346,1,Female,84,5,1,Research Scientist (Modified),5,Single,6544,23018,5,Y,Yes,16,2,-2,78,3,10,5,7,2,2,0,4
29,Yes,Travel_Frequently,302,Research & Development,28,-1,Medical,-2,350,-2,Male,73,4,0,Laboratory Technician,-3,Single,3474,11648,-3,Y,No,11,2,0,78,4,2,3,7,2,6,-1,2
43,No,Travel_Frequently,633,Research & Development,5,-1,Medical,-2,127,3,Male,38,1,-1,Healthcare Representative,-3,Married,10671,3144,2,Y,Yes,13,5,6,83,-4,18,6,4,12,5,13,7
44,No,Travel_Rarely (Modified),734,Research & Development,-3,5,Medical,3,1788,4,Male,43,3,7,Research Director,3,Divorced (Modified),19331,14219,6,Y,Yes,14,-1,5,78,-3,23,4,6,-1,-1,5,5
31,No (Modified),Travel_Rarely,1345,Research & Development (Modified),30,0,Medical,-1,859,3,Female,49,-2,1,Research Scientist,3,Single,2555,17854,0,Y,No (Modified),7,2,2,80,-3,6,5,0,5,6,4,-2
49,No,Travel_Rarely,635,Sales,17,3,Marketing,5,116,6,Male,73,7,5,Sales Executive,2,Single,5440,8420,-3,Y,Yes,26,3,4,75,-3,7,2,5,13,3,3,-4
29,Yes,Travel_Rarely,373,Research & Development,25,6,Life Sciences,5,912,5,Male,83,6,1,Laboratory Technician,5,Single (Modified),2799,18011,0,Y,Yes,25,0,0,81,-3,5,-2,-2,2,-4,1,1
42,No,Travel_Frequently,533,Research & Development,29,5,Life Sciences,4,551,-1,Female,93,5,-3,Research Scientist,4,Divorced,4551,12927,-3,Y,No,10,4,6,78,1,19,1,6,9,1,-3,-1
45,Yes,Travel_Rarely,624,Research & Development (Modified),12,0,Medical,1,1294,-1,Female,69,2,2,Healthcare Representative,6,Married,7973,14078,4,Y,No,14,4,7,84,-4,6,3,6,14,7,-1,8
27,No,Travel_Rarely,856,Research & Development,10,-1,Life Sciences (Modified),4,1225,2,Male (Modified),46,6,5,Laboratory Technician,5,Divorced,3492,11311,1,Y (Modified),No,16,6,2,76,3,9,8,2,9,10,12,9
27,No,Non-Travel,980,Sales,22,7,Marketing,1,330,-1,Male,104,-1,5,Sales Executive (Modified),6,Married,4468,12070,0,Y (Modified),No,20,5,5,83,4,5,-2,3,5,1,-2,1
51,No,Travel_Frequently,337,Research & Development,20,8,Medical (Modified),2,1542,4,Male,86,1,1,Research Director (Modified),2,Single,14410,24453,-3,Y,Yes,14,3,3,76,-1,28,-3,7,34,3,12,10
31,No (Modified),Non-Travel,632,Sales,5,2,Medical,0,594,6,Male,36,1,6,Sales Executive,6,Single,9977,15321,-4,Y,No,14,6,7,84,-2,12,6,0,5,2,5,7
56,No,Travel_Rarely,688,Research & Development,17,0,Medical,0,257,0,Male,65,-1,3,Research Director,5,Single,18719,13340,3,Y,No,13,1,6,82,4,36,0,-2,21,14,1,11
26,No (Modified),Travel_Rarely,1478,Research & Development,16,4,Medical,-1,416,5,Male,70,6,5,Healthcare Representative,2,Single,5657,4825,-3,Y,No,17,4,2,75,-1,7,-3,-1,12,2,-1,2
28,No,Non-Travel,863,Sales,-1,4,Life Sciences,-1,1186,1,Female,77,4,0,Sales Representative,-3,Divorced,2822,14948,0,Y,No,12,1,4,84,-2,4,0,6,-3,2,-4,4
44,No,Travel_Rarely (Modified),203,Research & Development,5,1,Life Sciences,-1,1859,4,Female,61,1,5,Laboratory Technician,-2,Single,2101,5415,7,Y,No,7,0,4,80,2,2,0,6,0,3,2,-3
52,No,Travel_Rarely,719,Research & Development,24,6,Life Sciences (Modified),3,1615,1,Female,85,-2,3,Laboratory Technician,-4,Married,3211,22103,3,Y,No,13,0,-1,82,2,9,3,4,5,7,-3,8
45,No,Travel_Rarely,190,Research & Development,11,4,Life Sciences (Modified),-2,209,4,Male,55,4,2,Laboratory Technician,3,Divorced,2348,10905,12,Y,No,14,3,0,78,-4,23,6,5,15,13,-2,18
50,No,Travel_Rarely (Modified),202,Research & Development,4,4,Life Sciences,0,1859,0,Female (Modified),68,6,2,Laboratory Technician,1,Single,2109,5411,7,Y,No,11,5,-2,84,-4,3,0,6,0,-1,-1,-5
48,No,Travel_Rarely,331,Research & Development,-3,2,Medical,3,251,6,Male,86,4,-1,Laboratory Technician,0,Married (Modified),3686,3420,-1,Y,No (Modified),10,2,7,79,-3,2,-1,-2,6,-2,2,3
59,No,Travel_Rarely,1183,Sales,19,5,Marketing,3,729,0,Male,85,-2,1,Sales Executive,-1,Single,5408,11924,9,Y,No,15,1,6,79,-1,14,-4,7,5,3,4,6
29,No (Modified),Travel_Rarely,479,Research & Development,8,6,Medical,1,1578,-3,Male,30,1,1,Research Scientist,7,Single,2967,22058,0,Y,No,16,2,-2,84,1,-3,7,-2,-1,-4,4,2
24,No,Travel_Rarely,349,Human Resources,7,1,Medical,2,1863,7,Male,89,2,-2,Human Resources,3,Married,2802,15434,2,Y,No,15,-2,4,82,-5,5,-2,-2,-3,2,0,4
32,No,Travel_Rarely,870,Research & Development,6,7,Life Sciences,2,1800,3,Male,85,7,-2,Research Scientist (Modified),-2,Married,3146,6074,3,Y,No,23,5,-1,81,-3,14,0,0,13,3,10,7
42,No,Travel_Frequently,474,Research & Development,7,3,Life Sciences,2,835,3,Male,47,3,3,Healthcare Representative,1,Divorced,6286,4286,3,Y (Modified),No,12,6,2,83,-3,16,4,6,0,3,4,1
36,No,Travel_Rarely,529,Research & Development,4,3,Technical Degree,-2,2040,1,Male,80,-1,-4,Research Scientist,-4,Single,2438,11286,5,Y (Modified),No,17,4,8,81,2,0,7,-2,-1,5,-4,-3
35,No,Travel_Rarely (Modified),650,Research & Development,3,1,Life Sciences,5,1098,-1,Male,36,4,-2,Healthcare Representative,2,Divorced,7117,21210,1,Y,No,10,0,-2,81,2,11,5,2,-1,5,-1,-1
38,No,Travel_Rarely,621,Sales,5,5,Marketing,-2,599,-1,Male,81,-1,-3,Sales Executive,5,Married,4713,18658,6,Y,No,7,0,5,83,0,10,3,5,12,7,2,10
29,No,Travel_Rarely,693,Research & Development,1,3,Technical Degree (Modified),-4,420,-1,Male,86,5,0,Research Scientist,7,Married,4823,10072,-5,Y (Modified),Yes,15,3,7,75,-2,2,7,0,5,6,4,3
20,Yes,Travel_Rarely,1297,Research & Development,8,-4,Medical,2,1781,7,Female,74,6,-1,Laboratory Technician,2,Married,2394,16002,3,Y,Yes,14,-1,6,79,-3,-2,9,0,1,2,4,2
24,No,Travel_Rarely,1226,Research & Development,-2,5,Life Sciences (Modified),-4,872,1,Male,30,1,0,Manufacturing Director,1,Married,4777,19146,3,Y,No,21,-1,-2,76,6,8,0,2,3,5,-2,0
48,No,Travel_Rarely,1224,Research & Development,13,6,Life Sciences (Modified),-2,1866,8,Male,94,-3,8,Research Director,0,Married (Modified),19666,13585,2,Y,No,15,-2,4,77,0,27,0,4,17,5,10,8
51,No,Travel_Frequently,1022,Sales (Modified),6,1,Medical,1,2065,2,Male,64,5,5,Sales Executive,0,Married,5389,13240,-1,Y,No,12,1,1,79,-4,18,2,-3,4,10,-1,12
26,No,Travel_Rarely,1090,Sales,10,4,Marketing,0,762,0,Male,80,5,0,Sales Representative (Modified),0,Divorced,2294,17965,0,Y,No,9,0,-1,84,-1,-3,4,5,4,-3,1,5
50,No,Travel_Rarely,870,Sales,8,-1,Marketing,-1,892,3,Male,76,-1,6,Sales Executive,2,Married,11835,22793,4,Y,No,14,3,-2,84,-1,24,5,1,4,-5,5,6
23,Yes (Modified),Travel_Rarely,1094,Research & Development,7,1,Medical,5,1018,1,Female,98,-1,-2,Research Scientist,3,Single,2601,18270,0,Y,Yes,19,0,-1,82,-4,-2,-1,2,5,3,-1,-5
24,Yes (Modified),Travel_Rarely,994,Research & Development,0,3,Technical Degree,1,301,-2,Male,87,3,-3,Research Scientist,4,Single,2053,19754,3,Y,No,10,0,7,84,1,2,3,5,3,1,-1,3
42,No,Travel_Rarely,491,Research & Development,7,7,Medical,4,1654,-1,Male,69,0,4,Manufacturing Director (Modified),-3,Married,5298,7690,7,Y,No,16,8,0,76,-3,8,6,6,1,8,-2,1
28,No,Travel_Rarely,679,Research & Development,0,-3,Medical,5,1408,2,Male,37,6,-4,Research Scientist,6,Single (Modified),3906,4054,0,Y,No,14,3,1,82,-3,2,-3,6,2,3,1,3
24,No,Travel_Rarely,725,Sales,12,4,Life Sciences,-4,1680,4,Male,50,0,0,Sales Representative,2,Single,2724,21077,5,Y,No (Modified),15,6,-2,77,-1,2,5,7,2,1,-5,2
32,No,Travel_Rarely,822,Research & Development,5,6,Life Sciences,1,1182,-1,Male (Modified),47,4,7,Manufacturing Director,0,Divorced,10277,19589,4,Y,No,14,2,5,78,5,11,-3,0,10,2,7,6
58,No,Travel_Frequently (Modified),132,Research & Development,16,5,Medical,-2,1034,4,Male,61,-1,-2,Healthcare Representative,5,Married,6384,12995,7,Y (Modified),Yes,16,4,2,80,5,18,7,6,7,2,7,5
39,No,Travel_Frequently,853,Research & Development (Modified),6,5,Life Sciences,-2,203,1,Male,86,2,6,Manager,3,Divorced,17180,12886,6,Y,No,13,6,-1,75,4,18,4,-1,10,3,6,6
58,No,Travel_Frequently,1213,Research & Development,12,4,Life Sciences (Modified),-4,1839,-1,Male,91,2,1,Research Director,5,Married,15783,21624,2,Y,Yes,16,0,0,78,3,21,4,4,4,2,4,5
23,Yes,Travel_Frequently,1251,Research & Development,1,7,Life Sciences,5,1204,7,Male,51,-1,-1,Research Scientist,-1,Married,2854,4226,1,Y,Yes,6,1,4,77,3,-3,8,1,2,2,4,0
39,No,Travel_Rarely,167,Sales,4,-2,Medical,3,512,5,Male,56,-3,6,Sales Executive,-2,Married,7600,3809,-1,Y,No,15,5,5,75,4,12,1,4,13,9,4,-4
31,Yes,Travel_Rarely,227,Research & Development,3,1,Technical Degree,-1,1524,-4,Male (Modified),99,-3,-4,Research Scientist,5,Single,2361,7569,4,Y,No,10,-2,6,79,2,6,5,4,12,7,-2,4
36,No,Travel_Rarely,426,Research & Development,0,2,Other,-1,1848,-1,Female (Modified),73,-2,-1,Research Scientist,4,Married,6960,19568,3,Y,Yes,22,-1,2,82,-1,11,0,2,3,2,4,-1
17,Yes,Travel_Rarely,152,Sales,7,-1,Life Sciences,-2,492,0,Female,90,-1,0,Sales Representative (Modified),2,Single,2717,25418,-3,Y,No,15,2,8,75,-1,5,-4,6,-4,2,0,4
55,No,Travel_Rarely,957,Research & Development (Modified),9,3,Technical Degree,5,633,3,Male,82,4,0,Research Scientist,-3,Divorced,5581,22087,3,Y,Yes,8,3,-3,81,0,18,6,3,5,6,5,11
30,No,Travel_Rarely,120,Research & Development,2,1,Life Sciences,3,226,-1,Male,39,-2,-2,Research Scientist,-2,Single,3042,12425,6,Y,No,19,4,3,82,4,10,6,7,6,4,0,2
47,No,Travel_Rarely,1482,Research & Development,13,5,Medical,-2,554,7,Female,86,3,1,Manufacturing Director,0,Divorced,4807,26313,3,Y,No (Modified),10,4,0,76,-2,23,3,5,11,8,1,6
35,No,Travel_Rarely,474,Research & Development,8,1,Medical,-4,1919,5,Female,57,-1,1,Laboratory Technician,1,Divorced,3978,16030,9,Y,No,16,0,-1,79,3,0,-2,5,1,4,-2,-3
47,No (Modified),Travel_Rarely,1314,Research & Development,5,0,Medical,-4,1612,0,Female,27,-2,3,Research Director (Modified),1,Divorced,19051,3548,-2,Y,Yes,18,2,4,83,3,18,0,0,21,8,0,6
19,Yes,Travel_Rarely,395,Research & Development,4,4,Life Sciences (Modified),-4,1882,0,Male,75,0,-2,Research Scientist,0,Single,2469,26087,5,Y,Yes,24,1,4,81,0,5,4,0,0,-4,3,4
35,No,Travel_Rarely (Modified),182,Research & Development,-1,5,Life Sciences (Modified),-4,801,3,Female,74,7,2,Research Scientist,1,Single,3281,13551,-1,Y,No,13,-1,5,77,-1,13,4,2,1,3,-4,0
24,No,Travel_Rarely,1181,Research & Development,20,5,Medical,2,1212,4,Male,73,1,-3,Laboratory Technician,5,Married,3198,12451,-1,Y,No,14,0,5,78,7,3,6,3,8,1,1,0
31,No,Travel_Rarely,1053,Research & Development,2,0,Life Sciences,4,1028,3,Female,51,7,0,Manufacturing Director,3,Married,4222,4657,-2,Y (Modified),No,17,5,-3,84,-3,5,-3,4,2,-3,-1,-1
40,Yes (Modified),Travel_Rarely,1096,Research & Development,6,2,Life Sciences,2,1196,3,Male,99,1,0,Research Scientist,-2,Single,2934,10824,1,Y,Yes,13,3,-2,83,-3,7,0,-1,8,8,-5,-1
34,Yes,Travel_Frequently,204,Research & Development,-3,1,Life Sciences (Modified),3,1131,1,Male,81,2,7,Healthcare Representative,2,Divorced,12165,13551,7,Y,No,15,5,7,83,3,16,5,1,20,6,9,7
33,Yes,Travel_Rarely,349,Sales,2,-2,Marketing,0,489,4,Female,33,2,-3,Sales Representative (Modified),6,Single,2850,9146,-3,Y,Yes,8,2,-3,83,-2,3,4,2,5,2,2,3
28,No,Travel_Rarely,624,Sales,12,2,Medical,-1,643,-1,Male,43,6,-1,Sales Representative,-1,Married,2091,26374,-2,Y,No,12,7,3,83,-1,9,-2,6,3,7,-2,5
27,No,Travel_Frequently,474,Research & Development,0,5,Technical Degree,-3,269,4,Male,57,-3,3,Manufacturing Director,-4,Married,4301,9682,6,Y,No,20,-2,4,77,1,1,0,1,3,-2,-2,-2
39,No,Travel_Rarely,1256,Research & Development,1,1,Life Sciences,-3,273,2,Male,90,0,2,Manufacturing Director,4,Married,6554,7254,9,Y,No,18,1,1,75,0,16,-1,6,-4,-1,4,0
26,No (Modified),Travel_Rarely,594,Research & Development,5,3,Medical,2,5,-3,Male,44,0,-3,Laboratory Technician,6,Married,3470,16634,13,Y,No,16,4,0,77,-1,5,5,5,-1,0,5,1
25,No (Modified),Travel_Rarely,1054,Research & Development,4,8,Life Sciences,-1,1031,0,Female,50,1,5,Manufacturing Director (Modified),7,Married,4226,4662,-5,Y,No (Modified),14,7,2,77,-4,0,0,0,4,6,0,2
29,Yes,Travel_Frequently,1011,Research & Development,-2,0,Medical,-4,1109,2,Male,48,-3,2,Laboratory Technician,0,Divorced,2600,7156,0,Y,No (Modified),10,3,2,76,-3,1,1,4,4,3,-2,-4
47,No,Travel_Frequently,115,Research & Development (Modified),19,1,Medical,-3,1903,1,Female,62,2,0,Manager,0,Divorced,17177,2439,3,Y,No,10,-1,5,77,-1,24,4,5,26,14,1,9
51,No,Travel_Rarely,248,Sales,-3,5,Marketing,-3,901,6,Female,39,-1,2,Sales Executive,4,Married,4537,17780,4,Y,Yes,22,1,5,82,-2,9,3,1,10,1,9,6
34,No,Travel_Frequently (Modified),852,Sales,20,7,Life Sciences,1,71,2,Male,70,3,2,Sales Executive,0,Married,9066,11033,-3,Y,No,19,5,0,81,2,11,-1,-2,9,8,5,10
46,No,Travel_Rarely,1117,Research & Development,2,5,Life Sciences,-2,1250,4,Female,67,2,4,Research Scientist,-1,Married,2006,19980,-1,Y,No,11,5,6,77,-2,12,1,1,9,5,4,8
30,No,Travel_Rarely,146,Research & Development,7,1,Medical,-3,300,1,Female,50,3,2,Research Scientist,-3,Married,2626,13244,7,Y,No,23,5,7,83,4,6,2,2,4,-1,-1,0
29,No,Travel_Frequently,1299,Research & Development,4,5,Life Sciences,3,692,7,Male,27,5,2,Healthcare Representative,-1,Divorced,7723,5331,5,Y,No,20,6,-1,79,4,12,4,2,13,12,6,11
46,No,Travel_Rarely,575,Sales,17,-1,Medical,1,1504,3,Female,74,5,-2,Sales Executive,-2,Married,4591,24198,-2,Y,Yes,13,-2,3,83,5,12,2,-2,4,4,-3,6
35,No,Travel_Rarely,890,Sales,-1,1,Marketing,-4,46,1,Female,94,0,1,Sales Representative,5,Married,2015,9691,-2,Y (Modified),No,13,2,0,79,2,-3,0,-2,-2,2,0,5
33,No,Travel_Rarely,821,Research & Development,5,4,Life Sciences,2,1179,1,Male,40,5,-2,Manufacturing Director,-3,Divorced,10275,19587,-1,Y,No,20,0,-2,76,3,19,-3,4,6,3,4,-1
32,No,Travel_Rarely,1228,Research & Development,8,4,Life Sciences,-4,712,-1,Male (Modified),84,8,3,Research Scientist,0,Single (Modified),4683,15231,4,Y,No,15,-2,2,76,4,6,-2,2,-1,4,-4,-5
42,No,Travel_Frequently,1196,Research & Development,1,4,Medical,-1,1497,0,Male (Modified),83,6,-1,Manufacturing Director,4,Single,10211,19717,5,Y,Yes,17,0,6,79,2,14,6,1,6,-1,4,3
38,No,Travel_Frequently,830,Research & Development,19,2,Medical (Modified),-2,1487,5,Male,69,-2,1,Research Director,5,Divorced,17008,11927,7,Y,No,12,-2,1,79,4,18,-1,0,15,3,2,4
45,No,Travel_Rarely,587,Research & Development,11,4,Life Sciences,-3,844,4,Male,95,7,2,Research Director,-2,Married,17154,5198,3,Y,No,23,3,-2,84,3,20,7,-1,2,4,-3,-3
37,No,Travel_Frequently,1013,Sales,5,2,Marketing,-4,1352,7,Female,68,4,6,Sales Executive,0,Divorced,4100,4296,4,Y,No,19,5,-1,81,2,13,4,-2,8,-1,-2,3
33,No,Non-Travel,717,Sales,19,1,Life Sciences,4,987,1,Male,39,7,8,Manager,5,Single,17443,20493,5,Y,No,15,2,4,76,4,6,6,6,7,10,7,3
40,No,Travel_Frequently,558,Research & Development,6,3,Life Sciences,3,443,6,Female,80,4,3,Laboratory Technician,5,Divorced,5256,6225,1,Y,No (Modified),8,-1,2,84,-2,5,0,0,8,5,-4,3
27,No,Travel_Rarely,1439,Sales,21,-2,Marketing,-2,69,0,Female,47,2,-1,Sales Executive,7,Married,4152,21439,5,Y,Yes,17,-1,0,81,2,4,0,2,-1,-2,-5,-5
46,Yes,Travel_Frequently (Modified),1153,Research & Development,9,0,Life Sciences,-1,179,-1,Male,48,1,7,Manufacturing Director,8,Single,10651,25145,2,Y,No,12,6,8,79,-1,15,1,0,3,5,4,1
39,No (Modified),Travel_Rarely,684,Sales,19,4,Medical,-3,1942,0,Male,68,4,2,Sales Executive,-1,Married,5557,15971,1,Y,No,13,3,2,83,0,2,-1,-1,3,3,-3,5
40,Yes,Travel_Rarely,1358,Sales,18,6,Marketing,4,246,4,Female (Modified),68,2,4,Sales Representative,-1,Single,3142,21725,-3,Y (Modified),Yes,21,8,7,82,3,3,2,-2,4,-1,0,3
23,Yes (Modified),Travel_Rarely (Modified),1362,Research & Development,13,-4,Medical,-3,704,4,Male,27,0,-3,Research Scientist,6,Single (Modified),1006,26995,3,Y,Yes,10,-1,7,79,-2,4,0,-2,-1,-5,-2,4
22,No,Travel_Rarely,1372,Sales,13,1,Marketing,0,507,4,Female,76,7,3,Sales Executive,3,Divorced,4259,5919,-2,Y,Yes,9,0,7,75,0,9,-1,-1,2,-2,0,5
41,No,Travel_Rarely,1428,Research & Development,-2,7,Medical,-2,334,4,Female,91,0,5,Laboratory Technician,1,Divorced,2236,15414,7,Y,No,14,2,-1,76,4,8,1,2,1,3,5,2
50,No (Modified),Travel_Rarely,1103,Research & Development,19,6,Other,-1,1572,4,Female,64,2,0,Research Scientist,-2,Married,2370,16527,5,Y,No,11,2,3,78,5,11,1,0,5,0,2,1
29,Yes,Travel_Rarely,1260,Research & Development,3,6,Life Sciences,5,1694,4,Male,99,6,4,Laboratory Technician,2,Single,1396,24849,4,Y,No,15,6,3,84,-3,-2,-1,-1,-4,-4,-4,0
32,No,Travel_Frequently,770,Research & Development,9,7,Life Sciences,-4,1151,6,Male,36,0,4,Research Scientist,3,Divorced,2705,22083,4,Y (Modified),Yes,15,5,3,76,4,5,2,7,-1,-4,-2,2
34,No,Travel_Rarely,405,Research & Development,16,6,Life Sciences,0,56,0,Male,72,3,-3,Research Scientist,2,Married,3024,10222,6,Y (Modified),No,21,5,0,84,4,10,-4,4,-4,-3,1,3
54,No,Travel_Rarely,376,Research & Development (Modified),18,3,Medical,0,799,1,Female,97,5,3,Manufacturing Director,0,Divorced,5487,22669,13,Y,Yes,13,6,-2,77,4,13,0,2,5,3,2,4
41,No,Travel_Rarely,1308,Research & Development,14,-2,Medical,1,1132,4,Male,45,1,0,Research Director,6,Single,19625,17547,-4,Y,No,14,5,5,84,-2,16,-1,7,23,5,-1,10
29,Yes,Travel_Frequently,748,Sales,21,4,Technical Degree,-1,1923,7,Male (Modified),41,4,5,Sales Representative,3,Single,1092,10644,-1,Y,No,12,0,7,83,-1,5,3,4,0,1,-3,4
39,No,Travel_Rarely,754,Research & Development,13,6,Life Sciences,-3,1826,-3,Female,46,-2,0,Healthcare Representative,-1,Divorced,4452,10745,2,Y (Modified),No,10,2,-1,83,-3,14,-1,7,2,1,9,10
38,No,Travel_Frequently,1187,Research & Development,-2,1,Other,2,1063,0,Male,41,0,-2,Research Scientist,-2,Married,2822,2995,5,Y,No,20,-1,-1,77,-3,11,4,1,3,0,5,4
42,No,Travel_Rarely,645,Research & Development,-1,7,Medical,-3,292,8,Male,92,2,1,Healthcare Representative (Modified),2,Divorced,9395,12370,10,Y,No,18,0,6,79,2,16,5,3,-1,4,0,6
37,No,Travel_Rarely,803,Research & Development,2,-3,Medical,-3,762,4,Female (Modified),86,-1,3,Research Scientist,-1,Single,2339,22924,2,Y,Yes,21,5,7,84,-5,0,4,3,0,4,1,1
28,No,Travel_Rarely,1360,Research & Development,23,2,Life Sciences,4,9,1,Male (Modified),62,6,-4,Laboratory Technician,0,Divorced,2689,13338,-1,Y,No,19,0,6,81,4,2,1,5,-1,3,-5,3
42,No,Non-Travel,497,Research & Development,-3,-3,Life Sciences,-1,1336,5,Male,34,0,8,Manager,-2,Married,17864,26579,4,Y,Yes,15,1,5,78,0,24,7,-2,22,11,1,13
41,No,Travel_Rarely,1116,Human Resources,-4,5,Life Sciences,1,661,2,Female,54,4,-2,Human Resources,7,Single,5989,26890,5,Y,No,12,0,-2,77,-4,7,-3,1,-1,4,3,3
53,Yes,Travel_Rarely,597,Research & Development,6,4,Medical (Modified),5,1361,7,Female,52,5,4,Manufacturing Director,3,Married,10008,12021,9,Y,Yes,10,1,7,77,2,29,4,3,12,9,1,10
28,Yes,Travel_Frequently,287,Research & Development,4,3,Medical,2,1508,4,Male,39,5,0,Laboratory Technician (Modified),0,Single,2558,5354,4,Y,No,13,-2,6,77,-2,12,-2,-2,-4,-4,-5,-5
43,No (Modified),Non-Travel,246,Research & Development,7,4,Life Sciences,3,1030,-2,Female,58,1,7,Research Director,7,Divorced,19971,20281,-2,Y (Modified),No,19,0,6,79,-1,17,5,-2,24,17,1,12
20,No,Travel_Rarely,607,Research & Development,2,4,Medical,-3,671,-2,Male (Modified),73,2,5,Research Scientist,3,Married,2774,12141,4,Y,No (Modified),19,8,0,80,-3,2,0,4,-3,6,-1,2
36,No,Travel_Frequently,541,Sales,-2,8,Medical,-3,476,3,Male,47,-1,5,Sales Executive,1,Married,9697,7241,3,Y,No,7,2,2,76,4,13,0,5,13,13,2,15
45,No,Travel_Rarely (Modified),544,Research & Development,13,7,Life Sciences,5,1770,6,Male,96,-2,-1,Laboratory Technician,-2,Divorced,2286,20522,5,Y (Modified),No,22,7,0,77,1,6,-1,7,2,0,-4,2
39,No,Travel_Frequently,957,Research & Development,25,-1,Medical,-1,175,6,Female,71,6,3,Research Scientist,-2,Single,4740,16085,3,Y,No (Modified),12,6,0,75,-4,18,6,3,1,0,2,0
38,Yes,Travel_Frequently,884,Sales,16,7,Other (Modified),-3,1665,-1,Male,34,6,3,Sales Executive,0,Single,4579,10410,-2,Y (Modified),Yes,27,6,-4,82,1,8,5,-1,9,12,6,10
38,No,Non-Travel,728,Research & Development,-2,2,Life Sciences,-2,708,1,Male,41,1,-1,Laboratory Technician,0,Married,1278,16895,-3,Y,No,13,1,4,83,-3,0,2,4,-4,2,-4,2
33,No,Travel_Rarely,1169,Sales,3,6,Marketing (Modified),-4,1425,5,Female,103,2,2,Sales Executive,-2,Single,9276,20766,3,Y,Yes,16,-2,4,84,-2,11,5,6,9,-1,4,-4
32,No,Travel_Frequently,429,Research & Development,27,2,Life Sciences,2,769,-3,Male,84,-1,3,Laboratory Technician,5,Married (Modified),5308,21147,-2,Y,No,14,2,1,76,3,12,1,-1,12,6,6,11
38,Yes,Travel_Rarely,699,Research & Development,2,3,Medical,0,28,1,Male,86,5,-1,Research Scientist,4,Single,2960,17101,4,Y (Modified),No,7,5,7,79,1,8,5,1,4,0,0,6
37,No,Travel_Rarely (Modified),516,Research & Development,3,8,Life Sciences,-4,1513,3,Male,68,0,4,Healthcare Representative,2,Single,6385,22044,6,Y,Yes,20,7,4,84,-3,11,3,0,4,4,-2,-3
53,No,Travel_Frequently (Modified),544,Sales,-1,1,Marketing,-3,1388,5,Male,51,-1,2,Sales Executive,0,Married,10596,15394,-3,Y,No,8,0,-2,76,1,14,8,0,0,-1,3,0
18,Yes,Travel_Rarely,226,Research & Development,5,-1,Life Sciences,3,401,3,Male,54,6,4,Laboratory Technician,6,Single,1421,25229,3,Y,No,15,6,2,75,3,-3,6,6,-2,-1,-5,-1
37,Yes,Travel_Frequently,232,Research & Development,7,8,Life Sciences,4,1810,6,Male,94,7,6,Laboratory Technician,-4,Married,5350,6210,6,Y,No,12,2,5,82,-4,7,3,-3,3,-4,4,5
37,No,Travel_Rarely,1245,Sales,17,7,Life Sciences,-3,1578,0,Male,82,0,-2,Sales Executive,-2,Married,9928,12352,-2,Y,No,7,-2,2,78,5,6,7,1,4,7,9,8
36,No,Travel_Rarely,533,Sales,4,4,Life Sciences,0,1710,0,Female,46,4,1,Sales Representative,5,Single,4500,7440,6,Y,No,19,6,-2,80,3,14,1,3,12,7,10,4
